population,execution_basis,period,interaction,market_risk_regime,style_regime,n_events,n_securities,tp5_closed_n,tp5_net_mean,tp5_net_median,tp5_net_positive_fraction,h5_signal_n,h5_signal_mean,left_tail_h5_10_n,left_tail_h5_10_fraction,left_tail_h5_20_n,left_tail_h5_20_fraction,tp5_success_n,tp5_success_fraction,failed_rebound_tp5_fraction,sample_guardrail,time_h1_closed_n,time_h1_net_mean,time_h3_closed_n,time_h3_net_mean,time_h5_closed_n,time_h5_net_mean
NORMAL_CLOSE_INTENT,SAME_CLOSE_RESEARCH_COUNTERFACTUAL,ALL,MARKET_RISK_REGIME_X_STYLE_REGIME,RISK_OFF,TREND_DOMINANT,14,14,14,-0.05048324613775405,0.003620850901747824,0.5,14,-0.06164236482653395,14,0.5,14,0.21428571428571427,14,0.5,0.5,SMALL_SAMPLE_DESCRIPTIVE_ONLY,14,-0.009439693791552932,14,0.006888719797083421,14,-0.06271243451102446
NORMAL_CLOSE_INTENT,SAME_CLOSE_RESEARCH_COUNTERFACTUAL,ALL,MARKET_RISK_REGIME_X_STYLE_REGIME,RISK_OFF,MIXED,7,7,7,0.04301038310201709,0.04943190513833992,0.8571428571428571,7,0.017164802049859103,7,0.14285714285714285,7,0.14285714285714285,7,0.8571428571428571,0.14285714285714285,N_LT_10_NO_SHORTLIST,7,0.0075814126731014965,7,0.024452948701629843,7,0.01603089856019866
NORMAL_CLOSE_INTENT,SAME_CLOSE_RESEARCH_COUNTERFACTUAL,ALL,MARKET_RISK_REGIME_X_STYLE_REGIME,RISK_OFF,SHORTLINE_DOMINANT,7,7,7,-0.004122930081375578,0.049184728529121424,0.8571428571428571,7,0.12661685376234963,7,0.14285714285714285,7,0.14285714285714285,7,0.8571428571428571,0.14285714285714285,N_LT_10_NO_SHORTLIST,7,0.026153876724077534,7,0.046038138400616095,7,0.1253942941108022
NORMAL_CLOSE_INTENT,SAME_CLOSE_RESEARCH_COUNTERFACTUAL,ALL,MARKET_RISK_REGIME_X_STYLE_REGIME,NEUTRAL,TREND_DOMINANT,29,29,29,-0.00914950325701046,0.048903963870967744,0.6551724137931034,29,-6.227296011284862e-05,29,0.3103448275862069,29,0.06896551724137931,29,0.6551724137931034,0.3448275862068966,,29,-0.011563858756901592,29,-0.006247606094779633,29,-0.0011822225190151441
NORMAL_CLOSE_INTENT,SAME_CLOSE_RESEARCH_COUNTERFACTUAL,ALL,MARKET_RISK_REGIME_X_STYLE_REGIME,NEUTRAL,MIXED,25,24,25,-0.030503910803020725,0.04924567479674797,0.64,25,-0.04306575863790804,25,0.56,25,0.16,25,0.64,0.36,,25,-0.017620715501186605,25,-0.03165267448649388,25,-0.04415087537341133
NORMAL_CLOSE_INTENT,SAME_CLOSE_RESEARCH_COUNTERFACTUAL,ALL,MARKET_RISK_REGIME_X_STYLE_REGIME,NEUTRAL,SHORTLINE_DOMINANT,30,30,30,-0.030511527290212965,0.048905873827712235,0.6333333333333333,30,-0.03939528967049622,30,0.4,30,0.2,30,0.6333333333333333,0.36666666666666664,,30,-0.00979930249661626,30,-0.018240484660306564,30,-0.04048337948586314
NORMAL_CLOSE_INTENT,SAME_CLOSE_RESEARCH_COUNTERFACTUAL,ALL,MARKET_RISK_REGIME_X_STYLE_REGIME,RISK_ON,TREND_DOMINANT,56,55,55,-0.03617936430446677,0.048860238688252386,0.5636363636363636,55,-0.056610586682015206,55,0.4,55,0.09090909090909091,55,0.5454545454545454,0.45454545454545453,,56,-0.01975568436604159,55,-0.0380145779363943,55,-0.05768473210680276
NORMAL_CLOSE_INTENT,SAME_CLOSE_RESEARCH_COUNTERFACTUAL,ALL,MARKET_RISK_REGIME_X_STYLE_REGIME,RISK_ON,MIXED,33,32,33,-0.0523935115092478,0.0488395,0.5757575757575758,32,-0.051995019292528526,32,0.5,32,0.25,33,0.5757575757575758,0.42424242424242425,,33,-0.017155365219118923,32,-0.04065877165387543,32,-0.053072903326901566
NORMAL_CLOSE_INTENT,SAME_CLOSE_RESEARCH_COUNTERFACTUAL,ALL,MARKET_RISK_REGIME_X_STYLE_REGIME,RISK_ON,SHORTLINE_DOMINANT,41,41,41,-0.053487509267263075,-0.012429074567243676,0.4634146341463415,41,-0.0837088170647328,41,0.4878048780487805,41,0.24390243902439024,41,0.4634146341463415,0.5365853658536586,,41,-0.04221275050772138,41,-0.08009784930605048,41,-0.08476101292291036
NORMAL_CLOSE_INTENT,SAME_CLOSE_RESEARCH_COUNTERFACTUAL,2024,MARKET_RISK_REGIME_X_STYLE_REGIME,RISK_OFF,TREND_DOMINANT,5,5,5,-0.02560404118608378,0.0488791818903892,0.6,5,-0.09076465800347391,5,0.6,5,0.2,5,0.6,0.4,N_LT_10_NO_SHORTLIST,5,0.004658866923251144,5,0.04476448693867519,5,-0.09181113863049103
NORMAL_CLOSE_INTENT,SAME_CLOSE_RESEARCH_COUNTERFACTUAL,2024,MARKET_RISK_REGIME_X_STYLE_REGIME,RISK_OFF,MIXED,1,1,1,-0.04681466463414634,-0.04681466463414634,0.0,1,-0.0457317073170731,1,0.0,1,0.0,1,0.0,1.0,N_LT_10_NO_SHORTLIST,1,-0.10164826219512195,1,-0.09250932926829268,1,-0.04681466463414634
NORMAL_CLOSE_INTENT,SAME_CLOSE_RESEARCH_COUNTERFACTUAL,2024,MARKET_RISK_REGIME_X_STYLE_REGIME,RISK_OFF,SHORTLINE_DOMINANT,0,0,0,,,,0,,0,,0,,0,,,N_LT_10_NO_SHORTLIST,0,,0,,0,
NORMAL_CLOSE_INTENT,SAME_CLOSE_RESEARCH_COUNTERFACTUAL,2024,MARKET_RISK_REGIME_X_STYLE_REGIME,NEUTRAL,TREND_DOMINANT,8,8,8,0.001590581301032598,0.048994895381892604,0.625,8,-0.04487499808299408,8,0.25,8,0.0,8,0.625,0.375,N_LT_10_NO_SHORTLIST,8,-0.015947874771339157,8,-0.0331660270700552,8,-0.04595864933454685
NORMAL_CLOSE_INTENT,SAME_CLOSE_RESEARCH_COUNTERFACTUAL,2024,MARKET_RISK_REGIME_X_STYLE_REGIME,NEUTRAL,MIXED,7,7,7,-0.03748382516050427,0.04934414141414142,0.5714285714285714,7,-0.08957379433485167,7,0.8571428571428571,7,0.14285714285714285,7,0.5714285714285714,0.42857142857142855,N_LT_10_NO_SHORTLIST,7,-0.04303086288197015,7,-0.07173338813183093,7,-0.09062123956144043
NORMAL_CLOSE_INTENT,SAME_CLOSE_RESEARCH_COUNTERFACTUAL,2024,MARKET_RISK_REGIME_X_STYLE_REGIME,NEUTRAL,SHORTLINE_DOMINANT,6,6,6,-0.0667678037399561,-0.03586192864395315,0.5,6,-0.07404539156000484,6,0.5,6,0.16666666666666666,6,0.5,0.5,N_LT_10_NO_SHORTLIST,6,-0.030511236537544752,6,-0.051309712582791454,6,-0.0751054147928412
NORMAL_CLOSE_INTENT,SAME_CLOSE_RESEARCH_COUNTERFACTUAL,2024,MARKET_RISK_REGIME_X_STYLE_REGIME,RISK_ON,TREND_DOMINANT,5,5,5,-0.004722060168733515,0.049067625570776256,0.8,5,0.047948510670107636,5,0.2,5,0.2,5,0.8,0.2,N_LT_10_NO_SHORTLIST,5,0.018336525671610912,5,0.03949287512032805,5,0.04678967237646486
NORMAL_CLOSE_INTENT,SAME_CLOSE_RESEARCH_COUNTERFACTUAL,2024,MARKET_RISK_REGIME_X_STYLE_REGIME,RISK_ON,MIXED,9,9,9,-0.026024507212525617,0.049279026392961875,0.6666666666666666,9,0.03865429014873653,9,0.3333333333333333,9,0.1111111111111111,9,0.6666666666666666,0.3333333333333333,N_LT_10_NO_SHORTLIST,9,-0.00428482009552663,9,0.052794110572829914,9,0.03750298017371604
NORMAL_CLOSE_INTENT,SAME_CLOSE_RESEARCH_COUNTERFACTUAL,2024,MARKET_RISK_REGIME_X_STYLE_REGIME,RISK_ON,SHORTLINE_DOMINANT,22,22,22,-0.030291932393502294,-0.022354422938507493,0.45454545454545453,22,-0.08908654463473886,22,0.5,22,0.18181818181818182,22,0.45454545454545453,0.5454545454545454,,22,-0.02893275465058354,22,-0.08060882575976842,22,-0.09013438453358473
NORMAL_CLOSE_INTENT,SAME_CLOSE_RESEARCH_COUNTERFACTUAL,2025,MARKET_RISK_REGIME_X_STYLE_REGIME,RISK_OFF,TREND_DOMINANT,5,5,5,0.013211535080570913,0.04912717466410749,0.8,5,0.046334435972959206,5,0.2,5,0.0,5,0.8,0.2,N_LT_10_NO_SHORTLIST,5,0.04470854775796425,5,0.09958922856154045,5,0.04517690507982104
NORMAL_CLOSE_INTENT,SAME_CLOSE_RESEARCH_COUNTERFACTUAL,2025,MARKET_RISK_REGIME_X_STYLE_REGIME,RISK_OFF,MIXED,2,2,2,0.04927634777424483,0.04927634777424483,1.0,2,0.02151552643725324,2,0.0,2,0.0,2,1.0,0.0,N_LT_10_NO_SHORTLIST,2,-0.07808463513513514,2,0.01117995510987743,2,0.02037809886083902
NORMAL_CLOSE_INTENT,SAME_CLOSE_RESEARCH_COUNTERFACTUAL,2025,MARKET_RISK_REGIME_X_STYLE_REGIME,RISK_OFF,SHORTLINE_DOMINANT,4,4,4,-0.04415025039083568,0.04918739740259741,0.75,4,0.02907248517438099,4,0.25,4,0.25,4,0.75,0.25,N_LT_10_NO_SHORTLIST,4,-0.014146390300466098,4,-0.07070409087859367,4,0.027928936461389765
NORMAL_CLOSE_INTENT,SAME_CLOSE_RESEARCH_COUNTERFACTUAL,2025,MARKET_RISK_REGIME_X_STYLE_REGIME,NEUTRAL,TREND_DOMINANT,16,16,16,-0.026611242857665557,0.04888561728845775,0.625,16,-0.010058135414092527,16,0.375,16,0.125,16,0.625,0.375,SMALL_SAMPLE_DESCRIPTIVE_ONLY,16,-0.018453071133791462,16,-0.0006847996838954292,16,-0.011169988324407087
NORMAL_CLOSE_INTENT,SAME_CLOSE_RESEARCH_COUNTERFACTUAL,2025,MARKET_RISK_REGIME_X_STYLE_REGIME,NEUTRAL,MIXED,9,8,9,-0.022145202165983133,0.04924567479674797,0.6666666666666666,9,-0.018480769598794102,9,0.4444444444444444,9,0.1111111111111111,9,0.6666666666666666,0.3333333333333333,N_LT_10_NO_SHORTLIST,9,-0.01488612297405779,9,-0.010890866613691,9,-0.01958580017541907
NORMAL_CLOSE_INTENT,SAME_CLOSE_RESEARCH_COUNTERFACTUAL,2025,MARKET_RISK_REGIME_X_STYLE_REGIME,NEUTRAL,SHORTLINE_DOMINANT,12,12,12,-0.009869527706517368,0.04888989626765299,0.6666666666666666,12,-0.024660564699062176,12,0.25,12,0.16666666666666666,12,0.6666666666666666,0.3333333333333333,SMALL_SAMPLE_DESCRIPTIVE_ONLY,12,0.004514492076030011,12,-0.007050744188725511,12,-0.025760589641655948
NORMAL_CLOSE_INTENT,SAME_CLOSE_RESEARCH_COUNTERFACTUAL,2025,MARKET_RISK_REGIME_X_STYLE_REGIME,RISK_ON,TREND_DOMINANT,36,35,36,-0.0411908582046411,0.01992248642732049,0.5,36,-0.07064909925462101,36,0.4444444444444444,36,0.05555555555555555,36,0.5,0.5,,36,-0.025631963059211702,36,-0.04611492657591809,36,-0.07171187348422475
NORMAL_CLOSE_INTENT,SAME_CLOSE_RESEARCH_COUNTERFACTUAL,2025,MARKET_RISK_REGIME_X_STYLE_REGIME,RISK_ON,MIXED,12,12,12,0.005749034202241571,0.04891273070833071,0.8333333333333334,12,-0.05789715092434548,12,0.3333333333333333,12,0.16666666666666666,12,0.8333333333333334,0.16666666666666666,SMALL_SAMPLE_DESCRIPTIVE_ONLY,12,0.017272284591539067,12,-0.04689370234616085,12,-0.05897025423209674
NORMAL_CLOSE_INTENT,SAME_CLOSE_RESEARCH_COUNTERFACTUAL,2025,MARKET_RISK_REGIME_X_STYLE_REGIME,RISK_ON,SHORTLINE_DOMINANT,15,15,15,-0.07510872578996762,-0.00112,0.4666666666666667,15,-0.0754517675381675,15,0.4666666666666667,15,0.26666666666666666,15,0.4666666666666667,0.5333333333333333,SMALL_SAMPLE_DESCRIPTIVE_ONLY,15,-0.059554894808711005,15,-0.08856710554790058,15,-0.07651065160646157
NORMAL_CLOSE_INTENT,SAME_CLOSE_RESEARCH_COUNTERFACTUAL,2026,MARKET_RISK_REGIME_X_STYLE_REGIME,RISK_OFF,TREND_DOMINANT,4,4,4,-0.16120072885024808,-0.19007723400582321,0.0,4,-0.16021049935472545,4,0.75,4,0.5,4,0.0,1.0,N_LT_10_NO_SHORTLIST,4,-0.09474819662195451,4,-0.1563316250854776,4,-0.16120072885024808
NORMAL_CLOSE_INTENT,SAME_CLOSE_RESEARCH_COUNTERFACTUAL,2026,MARKET_RISK_REGIME_X_STYLE_REGIME,RISK_OFF,MIXED,4,4,4,0.06233366269994407,0.059503342541314806,1.0,4,0.030713567197895086,4,0.25,4,0.25,4,1.0,0.0,N_LT_10_NO_SHORTLIST,4,0.07772185529427568,4,0.060330014989986684,4,0.029568689208464734
NORMAL_CLOSE_INTENT,SAME_CLOSE_RESEARCH_COUNTERFACTUAL,2026,MARKET_RISK_REGIME_X_STYLE_REGIME,RISK_OFF,SHORTLINE_DOMINANT,3,3,3,0.04924683033123789,0.049184728529121424,1.0,3,0.2566760118796411,3,0.0,3,0.0,3,1.0,0.0,N_LT_10_NO_SHORTLIST,3,0.0798875660901357,3,0.20169444410622914,3,0.2553481043100188
NORMAL_CLOSE_INTENT,SAME_CLOSE_RESEARCH_COUNTERFACTUAL,2026,MARKET_RISK_REGIME_X_STYLE_REGIME,NEUTRAL,TREND_DOMINANT,5,5,5,0.029543928172216953,0.04885205579291279,0.8,5,0.1036248470892321,5,0.2,5,0.0,5,0.8,0.2,N_LT_10_NO_SHORTLIST,5,0.017496046472246105,5,0.019020886950831813,5,0.1024209109630898
NORMAL_CLOSE_INTENT,SAME_CLOSE_RESEARCH_COUNTERFACTUAL,2026,MARKET_RISK_REGIME_X_STYLE_REGIME,NEUTRAL,MIXED,9,9,9,-0.033433797162015555,0.0489321892393321,0.6666666666666666,9,-0.03147783102384359,9,0.4444444444444444,9,0.2222222222222222,9,0.6666666666666666,0.3333333333333333,N_LT_10_NO_SHORTLIST,9,-0.0005918600654837766,9,-0.021240593968479056,9,-0.032572333980714296
NORMAL_CLOSE_INTENT,SAME_CLOSE_RESEARCH_COUNTERFACTUAL,2026,MARKET_RISK_REGIME_X_STYLE_REGIME,NEUTRAL,SHORTLINE_DOMINANT,12,12,12,-0.033025388649036994,0.048905873827712235,0.6666666666666666,12,-0.03680496369717596,12,0.5,12,0.25,12,0.6666666666666666,0.3333333333333333,SMALL_SAMPLE_DESCRIPTIVE_ONLY,12,-0.013757130048798286,12,-0.012895611170645173,12,-0.0378951516765813
NORMAL_CLOSE_INTENT,SAME_CLOSE_RESEARCH_COUNTERFACTUAL,2026,MARKET_RISK_REGIME_X_STYLE_REGIME,RISK_ON,TREND_DOMINANT,15,15,14,-0.03452741718106611,0.04889686294144342,0.6428571428571429,14,-0.0578540891210727,14,0.35714285714285715,14,0.14285714285714285,14,0.5714285714285714,0.42857142857142855,SMALL_SAMPLE_DESCRIPTIVE_ONLY,15,-0.018350018848317478,14,-0.044866343240733984,14,-0.0589272273088846
NORMAL_CLOSE_INTENT,SAME_CLOSE_RESEARCH_COUNTERFACTUAL,2026,MARKET_RISK_REGIME_X_STYLE_REGIME,RISK_ON,MIXED,12,11,12,-0.1303128104432788,-0.17704121808510637,0.25,11,-0.11972394705521781,11,0.8181818181818182,11,0.45454545454545453,12,0.25,0.75,SMALL_SAMPLE_DESCRIPTIVE_ONLY,12,-0.06123592387247114,11,-0.11031847817505024,11,-0.12074697065810307
NORMAL_CLOSE_INTENT,SAME_CLOSE_RESEARCH_COUNTERFACTUAL,2026,MARKET_RISK_REGIME_X_STYLE_REGIME,RISK_ON,SHORTLINE_DOMINANT,4,4,4,-0.09998362011280539,-0.09294755274086379,0.5,4,-0.08509525115431921,4,0.5,4,0.5,4,0.5,0.5,N_LT_10_NO_SHORTLIST,4,-0.05021968659326846,4,-0.0455277679036639,4,-0.08614632400088419
NORMAL_CLOSE_INTENT,SAME_CLOSE_RESEARCH_COUNTERFACTUAL,DEVELOPMENT,MARKET_RISK_REGIME_X_STYLE_REGIME,RISK_OFF,TREND_DOMINANT,10,10,10,-0.006196253052756433,0.048911771248669286,0.7,10,-0.02221511101525735,10,0.4,10,0.1,10,0.7,0.3,SMALL_SAMPLE_DESCRIPTIVE_ONLY,10,0.024683707340607697,10,0.07217685775010782,10,-0.023317116775335
NORMAL_CLOSE_INTENT,SAME_CLOSE_RESEARCH_COUNTERFACTUAL,DEVELOPMENT,MARKET_RISK_REGIME_X_STYLE_REGIME,RISK_OFF,MIXED,3,3,3,0.01724601030478111,0.0488395,0.6666666666666666,3,-0.0009002181475222063,3,0.0,3,0.0,3,0.6666666666666666,0.3333333333333333,N_LT_10_NO_SHORTLIST,3,-0.08593917748846408,3,-0.02338313968284594,3,-0.002019488970822767
NORMAL_CLOSE_INTENT,SAME_CLOSE_RESEARCH_COUNTERFACTUAL,DEVELOPMENT,MARKET_RISK_REGIME_X_STYLE_REGIME,RISK_OFF,SHORTLINE_DOMINANT,4,4,4,-0.04415025039083568,0.04918739740259741,0.75,4,0.02907248517438099,4,0.25,4,0.25,4,0.75,0.25,N_LT_10_NO_SHORTLIST,4,-0.014146390300466098,4,-0.07070409087859367,4,0.027928936461389765
NORMAL_CLOSE_INTENT,SAME_CLOSE_RESEARCH_COUNTERFACTUAL,DEVELOPMENT,MARKET_RISK_REGIME_X_STYLE_REGIME,NEUTRAL,TREND_DOMINANT,24,24,24,-0.017210634804766173,0.048907987015309705,0.625,24,-0.02166375630372638,24,0.3333333333333333,24,0.08333333333333333,24,0.625,0.375,,24,-0.017618005679640694,24,-0.011511875479282016,24,-0.02276620866112034
NORMAL_CLOSE_INTENT,SAME_CLOSE_RESEARCH_COUNTERFACTUAL,DEVELOPMENT,MARKET_RISK_REGIME_X_STYLE_REGIME,NEUTRAL,MIXED,16,15,16,-0.02885584972608613,0.04929490810544469,0.625,16,-0.04958396792081929,16,0.625,16,0.125,16,0.625,0.375,SMALL_SAMPLE_DESCRIPTIVE_ONLY,16,-0.027199446683769446,16,-0.03750946977787722,16,-0.05066380490680342
NORMAL_CLOSE_INTENT,SAME_CLOSE_RESEARCH_COUNTERFACTUAL,DEVELOPMENT,MARKET_RISK_REGIME_X_STYLE_REGIME,NEUTRAL,SHORTLINE_DOMINANT,18,18,18,-0.028835619717663612,0.04888989626765299,0.6111111111111112,18,-0.04112217365270973,18,0.3333333333333333,18,0.16666666666666666,18,0.6111111111111112,0.3888888888888889,SMALL_SAMPLE_DESCRIPTIVE_ONLY,18,-0.007160750795161577,18,-0.02180373365341416,18,-0.04220886469205103
NORMAL_CLOSE_INTENT,SAME_CLOSE_RESEARCH_COUNTERFACTUAL,DEVELOPMENT,MARKET_RISK_REGIME_X_STYLE_REGIME,RISK_ON,TREND_DOMINANT,41,40,41,-0.03674344381001822,0.0488395,0.5365853658536586,41,-0.056185976093068746,41,0.4146341463414634,41,0.07317073170731707,41,0.5365853658536586,0.4634146341463415,,41,-0.020269952238379678,41,-0.03567495075930271,41,-0.05726046545243335
NORMAL_CLOSE_INTENT,SAME_CLOSE_RESEARCH_COUNTERFACTUAL,DEVELOPMENT,MARKET_RISK_REGIME_X_STYLE_REGIME,RISK_ON,MIXED,21,21,21,-0.007868197832658652,0.04902117090909091,0.7619047619047619,21,-0.016517961893024617,21,0.3333333333333333,21,0.14285714285714285,21,0.7619047619047619,0.23809523809523808,,21,0.008033525439939482,21,-0.004170353952307666,21,-0.017624582343891266
NORMAL_CLOSE_INTENT,SAME_CLOSE_RESEARCH_COUNTERFACTUAL,DEVELOPMENT,MARKET_RISK_REGIME_X_STYLE_REGIME,RISK_ON,SHORTLINE_DOMINANT,37,37,37,-0.04846090268936661,-0.012429074567243676,0.4594594594594595,37,-0.083558932298291,37,0.4864864864864865,37,0.21621621621621623,37,0.4594594594594595,0.5405405405405406,,37,-0.04134713579577035,37,-0.08383515540360578,37,-0.0846112495631294
NORMAL_CLOSE_INTENT,SAME_CLOSE_RESEARCH_COUNTERFACTUAL,TEMPORAL_DESCRIPTIVE,MARKET_RISK_REGIME_X_STYLE_REGIME,RISK_OFF,TREND_DOMINANT,4,4,4,-0.16120072885024808,-0.19007723400582321,0.0,4,-0.16021049935472545,4,0.75,4,0.5,4,0.0,1.0,N_LT_10_NO_SHORTLIST,4,-0.09474819662195451,4,-0.1563316250854776,4,-0.16120072885024808
NORMAL_CLOSE_INTENT,SAME_CLOSE_RESEARCH_COUNTERFACTUAL,TEMPORAL_DESCRIPTIVE,MARKET_RISK_REGIME_X_STYLE_REGIME,RISK_OFF,MIXED,4,4,4,0.06233366269994407,0.059503342541314806,1.0,4,0.030713567197895086,4,0.25,4,0.25,4,1.0,0.0,N_LT_10_NO_SHORTLIST,4,0.07772185529427568,4,0.060330014989986684,4,0.029568689208464734
NORMAL_CLOSE_INTENT,SAME_CLOSE_RESEARCH_COUNTERFACTUAL,TEMPORAL_DESCRIPTIVE,MARKET_RISK_REGIME_X_STYLE_REGIME,RISK_OFF,SHORTLINE_DOMINANT,3,3,3,0.04924683033123789,0.049184728529121424,1.0,3,0.2566760118796411,3,0.0,3,0.0,3,1.0,0.0,N_LT_10_NO_SHORTLIST,3,0.0798875660901357,3,0.20169444410622914,3,0.2553481043100188
NORMAL_CLOSE_INTENT,SAME_CLOSE_RESEARCH_COUNTERFACTUAL,TEMPORAL_DESCRIPTIVE,MARKET_RISK_REGIME_X_STYLE_REGIME,NEUTRAL,TREND_DOMINANT,5,5,5,0.029543928172216953,0.04885205579291279,0.8,5,0.1036248470892321,5,0.2,5,0.0,5,0.8,0.2,N_LT_10_NO_SHORTLIST,5,0.017496046472246105,5,0.019020886950831813,5,0.1024209109630898
NORMAL_CLOSE_INTENT,SAME_CLOSE_RESEARCH_COUNTERFACTUAL,TEMPORAL_DESCRIPTIVE,MARKET_RISK_REGIME_X_STYLE_REGIME,NEUTRAL,MIXED,9,9,9,-0.033433797162015555,0.0489321892393321,0.6666666666666666,9,-0.03147783102384359,9,0.4444444444444444,9,0.2222222222222222,9,0.6666666666666666,0.3333333333333333,N_LT_10_NO_SHORTLIST,9,-0.0005918600654837766,9,-0.021240593968479056,9,-0.032572333980714296
NORMAL_CLOSE_INTENT,SAME_CLOSE_RESEARCH_COUNTERFACTUAL,TEMPORAL_DESCRIPTIVE,MARKET_RISK_REGIME_X_STYLE_REGIME,NEUTRAL,SHORTLINE_DOMINANT,12,12,12,-0.033025388649036994,0.048905873827712235,0.6666666666666666,12,-0.03680496369717596,12,0.5,12,0.25,12,0.6666666666666666,0.3333333333333333,SMALL_SAMPLE_DESCRIPTIVE_ONLY,12,-0.013757130048798286,12,-0.012895611170645173,12,-0.0378951516765813
NORMAL_CLOSE_INTENT,SAME_CLOSE_RESEARCH_COUNTERFACTUAL,TEMPORAL_DESCRIPTIVE,MARKET_RISK_REGIME_X_STYLE_REGIME,RISK_ON,TREND_DOMINANT,15,15,14,-0.03452741718106611,0.04889686294144342,0.6428571428571429,14,-0.0578540891210727,14,0.35714285714285715,14,0.14285714285714285,14,0.5714285714285714,0.42857142857142855,SMALL_SAMPLE_DESCRIPTIVE_ONLY,15,-0.018350018848317478,14,-0.044866343240733984,14,-0.0589272273088846
NORMAL_CLOSE_INTENT,SAME_CLOSE_RESEARCH_COUNTERFACTUAL,TEMPORAL_DESCRIPTIVE,MARKET_RISK_REGIME_X_STYLE_REGIME,RISK_ON,MIXED,12,11,12,-0.1303128104432788,-0.17704121808510637,0.25,11,-0.11972394705521781,11,0.8181818181818182,11,0.45454545454545453,12,0.25,0.75,SMALL_SAMPLE_DESCRIPTIVE_ONLY,12,-0.06123592387247114,11,-0.11031847817505024,11,-0.12074697065810307
NORMAL_CLOSE_INTENT,SAME_CLOSE_RESEARCH_COUNTERFACTUAL,TEMPORAL_DESCRIPTIVE,MARKET_RISK_REGIME_X_STYLE_REGIME,RISK_ON,SHORTLINE_DOMINANT,4,4,4,-0.09998362011280539,-0.09294755274086379,0.5,4,-0.08509525115431921,4,0.5,4,0.5,4,0.5,0.5,N_LT_10_NO_SHORTLIST,4,-0.05021968659326846,4,-0.0455277679036639,4,-0.08614632400088419
LIMIT_UP_CLOSE_BOARD_INTENT,CONDITIONAL_ON_FILL,ALL,MARKET_RISK_REGIME_X_STYLE_REGIME,RISK_OFF,TREND_DOMINANT,9,9,9,-0.015822772686402906,0.048956867658574786,0.6666666666666666,9,-0.0924292733824586,9,0.3333333333333333,9,0.2222222222222222,9,0.6666666666666666,0.3333333333333333,N_LT_10_NO_SHORTLIST,9,0.01775391056936987,9,-0.028804542883761622,9,-0.09347440567101876
LIMIT_UP_CLOSE_BOARD_INTENT,CONDITIONAL_ON_FILL,ALL,MARKET_RISK_REGIME_X_STYLE_REGIME,RISK_OFF,MIXED,6,6,6,0.03953824872186379,0.05136040247085533,0.8333333333333334,6,0.045127153056072046,6,0.3333333333333333,6,0.16666666666666666,6,0.8333333333333334,0.16666666666666666,N_LT_10_NO_SHORTLIST,6,-0.01703736927042009,6,-0.03587713291152389,6,0.04397060006209666
LIMIT_UP_CLOSE_BOARD_INTENT,CONDITIONAL_ON_FILL,ALL,MARKET_RISK_REGIME_X_STYLE_REGIME,RISK_OFF,SHORTLINE_DOMINANT,9,9,9,-0.02418787946116536,0.04906042008843967,0.6666666666666666,9,-0.12821817642024858,9,0.5555555555555556,9,0.4444444444444444,9,0.6666666666666666,0.3333333333333333,N_LT_10_NO_SHORTLIST,9,-0.02190067422153472,9,-0.06124855803719488,9,-0.12923431969734817
LIMIT_UP_CLOSE_BOARD_INTENT,CONDITIONAL_ON_FILL,ALL,MARKET_RISK_REGIME_X_STYLE_REGIME,NEUTRAL,TREND_DOMINANT,39,38,39,0.015273012080530335,0.04914937973811165,0.8205128205128205,39,-0.0008060721681155481,39,0.358974358974359,39,0.10256410256410256,39,0.8205128205128205,0.1794871794871795,,39,0.018301289613948432,39,0.008798622518302756,39,-0.012305085494085757
LIMIT_UP_CLOSE_BOARD_INTENT,CONDITIONAL_ON_FILL,ALL,MARKET_RISK_REGIME_X_STYLE_REGIME,NEUTRAL,MIXED,29,29,29,0.0019582260297632214,0.049441421686746985,0.8275862068965517,29,-0.033515401236211814,29,0.5862068965517241,29,0.27586206896551724,29,0.8275862068965517,0.1724137931034483,,29,0.01570610043455773,29,-0.025955480563937122,29,-0.03460825376121048
LIMIT_UP_CLOSE_BOARD_INTENT,CONDITIONAL_ON_FILL,ALL,MARKET_RISK_REGIME_X_STYLE_REGIME,NEUTRAL,SHORTLINE_DOMINANT,35,35,35,-0.01577966380116849,0.04896683942225998,0.6857142857142857,35,-0.07743680226226887,35,0.4857142857142857,35,0.2571428571428571,35,0.6857142857142857,0.3142857142857143,,35,-0.016627304134256046,35,-0.0657604675817934,35,-0.08157005571601794
LIMIT_UP_CLOSE_BOARD_INTENT,CONDITIONAL_ON_FILL,ALL,MARKET_RISK_REGIME_X_STYLE_REGIME,RISK_ON,TREND_DOMINANT,47,45,47,0.01374816923468747,0.04916926567656766,0.8085106382978723,47,0.0046791743654096005,47,0.2553191489361702,47,0.1276595744680851,47,0.8085106382978723,0.19148936170212766,,47,0.009287043712543944,47,-0.006443540051715575,47,0.00355538423417361
LIMIT_UP_CLOSE_BOARD_INTENT,CONDITIONAL_ON_FILL,ALL,MARKET_RISK_REGIME_X_STYLE_REGIME,RISK_ON,MIXED,48,48,48,0.008944905852905466,0.04970343687700199,0.7916666666666666,48,-0.0177705825329428,48,0.4166666666666667,48,0.20833333333333334,48,0.7916666666666666,0.20833333333333334,,48,-0.0007788833767781881,48,0.003042690050028439,48,-0.01887618836109113
LIMIT_UP_CLOSE_BOARD_INTENT,CONDITIONAL_ON_FILL,ALL,MARKET_RISK_REGIME_X_STYLE_REGIME,RISK_ON,SHORTLINE_DOMINANT,41,40,41,0.011705309809774016,0.04912737558931378,0.8048780487804879,41,-0.07641664531987978,41,0.5609756097560976,41,0.3170731707317073,41,0.8048780487804879,0.1951219512195122,,41,-0.002274604162361158,41,-0.06794489581504921,41,-0.07747474783717069
LIMIT_UP_CLOSE_BOARD_INTENT,CONDITIONAL_ON_FILL,2024,MARKET_RISK_REGIME_X_STYLE_REGIME,RISK_OFF,TREND_DOMINANT,3,3,3,0.06536181320478378,0.04924473348783314,1.0,3,-0.020273177459704694,3,0.0,3,0.0,3,1.0,0.0,N_LT_10_NO_SHORTLIST,3,0.06632457288720965,3,0.025187173370986363,3,-0.02137675618596233
LIMIT_UP_CLOSE_BOARD_INTENT,CONDITIONAL_ON_FILL,2024,MARKET_RISK_REGIME_X_STYLE_REGIME,RISK_OFF,MIXED,1,1,1,0.098799,0.098799,1.0,1,0.4816666666666667,1,0.0,1,0.0,1,1.0,0.0,N_LT_10_NO_SHORTLIST,1,0.098799,1,0.3302780166666667,1,0.48015651666666664
LIMIT_UP_CLOSE_BOARD_INTENT,CONDITIONAL_ON_FILL,2024,MARKET_RISK_REGIME_X_STYLE_REGIME,RISK_OFF,SHORTLINE_DOMINANT,0,0,0,,,,0,,0,,0,,0,,,N_LT_10_NO_SHORTLIST,0,,0,,0,
LIMIT_UP_CLOSE_BOARD_INTENT,CONDITIONAL_ON_FILL,2024,MARKET_RISK_REGIME_X_STYLE_REGIME,NEUTRAL,TREND_DOMINANT,13,13,13,0.06420248144244504,0.04974014846235419,1.0,13,0.05906112521346877,13,0.3076923076923077,13,0.07692307692307693,13,1.0,0.0,SMALL_SAMPLE_DESCRIPTIVE_ONLY,13,0.06687037513141122,13,0.0711037760392425,13,0.026754286968766687
LIMIT_UP_CLOSE_BOARD_INTENT,CONDITIONAL_ON_FILL,2024,MARKET_RISK_REGIME_X_STYLE_REGIME,NEUTRAL,MIXED,20,20,20,-0.009615892780746003,0.049434340255138196,0.8,20,-0.010376588382972795,20,0.6,20,0.35,20,0.8,0.2,,20,0.012106860692533049,20,-0.01296751683286754,20,-0.011488183346382585
LIMIT_UP_CLOSE_BOARD_INTENT,CONDITIONAL_ON_FILL,2024,MARKET_RISK_REGIME_X_STYLE_REGIME,NEUTRAL,SHORTLINE_DOMINANT,7,7,7,-0.190750050657124,-0.21857457300275482,0.14285714285714285,7,-0.21728209878826257,7,1.0,7,0.8571428571428571,7,0.14285714285714285,0.8571428571428571,N_LT_10_NO_SHORTLIST,7,-0.10758692399735437,7,-0.1871225739567693,7,-0.21822610028824405
LIMIT_UP_CLOSE_BOARD_INTENT,CONDITIONAL_ON_FILL,2024,MARKET_RISK_REGIME_X_STYLE_REGIME,RISK_ON,TREND_DOMINANT,6,6,6,-0.04137542087883738,0.04937794015449404,0.6666666666666666,6,-0.03036326858438776,6,0.5,6,0.3333333333333333,6,0.6666666666666666,0.3333333333333333,N_LT_10_NO_SHORTLIST,6,-0.008935702223082265,6,-0.04796285139233971,6,-0.03145867433683439
LIMIT_UP_CLOSE_BOARD_INTENT,CONDITIONAL_ON_FILL,2024,MARKET_RISK_REGIME_X_STYLE_REGIME,RISK_ON,MIXED,20,20,20,0.03863197309169175,0.05061146678353544,0.9,20,0.028920898831621085,20,0.5,20,0.25,20,0.9,0.1,,20,0.037488102765174544,20,0.039967905401858815,20,0.02777747290356745
LIMIT_UP_CLOSE_BOARD_INTENT,CONDITIONAL_ON_FILL,2024,MARKET_RISK_REGIME_X_STYLE_REGIME,RISK_ON,SHORTLINE_DOMINANT,22,22,22,0.0007623914916979048,0.049145643963488056,0.7727272727272727,22,-0.10244355644981974,22,0.6818181818181818,22,0.36363636363636365,22,0.7727272727272727,0.22727272727272727,,22,0.009339926135731935,22,-0.08251461522326305,22,-0.10348057716909538
LIMIT_UP_CLOSE_BOARD_INTENT,CONDITIONAL_ON_FILL,2025,MARKET_RISK_REGIME_X_STYLE_REGIME,RISK_OFF,TREND_DOMINANT,4,4,4,-0.09364785135497111,-0.07996275254278563,0.5,4,-0.1742290052715672,4,0.75,4,0.5,4,0.5,0.5,N_LT_10_NO_SHORTLIST,4,-0.01817874594114322,4,-0.08330563686289792,4,-0.1752078797772972
LIMIT_UP_CLOSE_BOARD_INTENT,CONDITIONAL_ON_FILL,2025,MARKET_RISK_REGIME_X_STYLE_REGIME,RISK_OFF,MIXED,4,4,4,0.02237540483592627,0.05136040247085533,0.75,4,-0.012028262663953931,4,0.25,4,0.25,4,0.75,0.25,N_LT_10_NO_SHORTLIST,4,-0.06204115721511135,4,-0.11242136185237826,4,-0.013138519771196084
LIMIT_UP_CLOSE_BOARD_INTENT,CONDITIONAL_ON_FILL,2025,MARKET_RISK_REGIME_X_STYLE_REGIME,RISK_OFF,SHORTLINE_DOMINANT,7,7,7,-0.04511948621537622,0.04900014147909968,0.5714285714285714,7,-0.13429733036128946,7,0.5714285714285714,7,0.42857142857142855,7,0.5714285714285714,0.42857142857142855,N_LT_10_NO_SHORTLIST,7,-0.030264833591994802,7,-0.09441274949763849,7,-0.13530854952369684
LIMIT_UP_CLOSE_BOARD_INTENT,CONDITIONAL_ON_FILL,2025,MARKET_RISK_REGIME_X_STYLE_REGIME,NEUTRAL,TREND_DOMINANT,21,20,21,0.0006295955987122712,0.04903696837944664,0.7619047619047619,21,-0.02177412088340864,21,0.38095238095238093,21,0.09523809523809523,21,0.7619047619047619,0.23809523809523808,,21,-0.0006464268841975292,21,-0.014556914802889074,21,-0.02287648384549306
LIMIT_UP_CLOSE_BOARD_INTENT,CONDITIONAL_ON_FILL,2025,MARKET_RISK_REGIME_X_STYLE_REGIME,NEUTRAL,MIXED,8,8,8,0.025021777654840174,0.04958993643646453,0.875,8,-0.09416039284665588,8,0.625,8,0.125,8,0.875,0.125,N_LT_10_NO_SHORTLIST,8,0.020087492492362156,8,-0.06755462551868949,8,-0.0952041229284501
LIMIT_UP_CLOSE_BOARD_INTENT,CONDITIONAL_ON_FILL,2025,MARKET_RISK_REGIME_X_STYLE_REGIME,NEUTRAL,SHORTLINE_DOMINANT,16,16,16,0.023277420393060154,0.048884777690547235,0.75,16,-0.002525135203045231,16,0.1875,16,0.0625,16,0.75,0.25,SMALL_SAMPLE_DESCRIPTIVE_ONLY,16,0.0021538027200065754,16,-0.019889698610649573,16,-0.010371790107615296
LIMIT_UP_CLOSE_BOARD_INTENT,CONDITIONAL_ON_FILL,2025,MARKET_RISK_REGIME_X_STYLE_REGIME,RISK_ON,TREND_DOMINANT,33,32,33,0.021910447047684786,0.04913409295872355,0.8181818181818182,33,0.008721281527784541,33,0.24242424242424243,33,0.09090909090909091,33,0.8181818181818182,0.18181818181818182,,33,0.006408945471326577,33,-0.009290744787882646,33,0.0075942172897470114
LIMIT_UP_CLOSE_BOARD_INTENT,CONDITIONAL_ON_FILL,2025,MARKET_RISK_REGIME_X_STYLE_REGIME,RISK_ON,MIXED,16,16,16,-0.002601726513752654,0.04951750240088658,0.75,16,-0.0863945790802203,16,0.4375,16,0.1875,16,0.75,0.25,SMALL_SAMPLE_DESCRIPTIVE_ONLY,16,-0.01795921870856095,16,-0.05063810478818881,16,-0.08744459947116533
LIMIT_UP_CLOSE_BOARD_INTENT,CONDITIONAL_ON_FILL,2025,MARKET_RISK_REGIME_X_STYLE_REGIME,RISK_ON,SHORTLINE_DOMINANT,14,14,14,0.01969808187918396,0.04915876210763233,0.8571428571428571,14,-0.07210323212693082,14,0.5,14,0.35714285714285715,14,0.8571428571428571,0.14285714285714285,SMALL_SAMPLE_DESCRIPTIVE_ONLY,14,-0.030036710947847132,14,-0.06383388366096551,14,-0.07316482850890804
LIMIT_UP_CLOSE_BOARD_INTENT,CONDITIONAL_ON_FILL,2026,MARKET_RISK_REGIME_X_STYLE_REGIME,RISK_OFF,TREND_DOMINANT,2,2,2,0.01805050581395349,0.01805050581395349,0.5,2,-0.037063953488372214,2,0.0,2,0.0,2,0.5,0.5,N_LT_10_NO_SHORTLIST,2,0.01676323011363636,2,-0.000789929307610994,2,-0.03815393168604651
LIMIT_UP_CLOSE_BOARD_INTENT,CONDITIONAL_ON_FILL,2026,MARKET_RISK_REGIME_X_STYLE_REGIME,RISK_OFF,MIXED,1,1,1,0.04892887298747764,0.04892887298747764,1.0,1,-0.16279069767441867,1,1.0,1,0.0,1,1.0,0.0,N_LT_10_NO_SHORTLIST,1,0.04714141323792487,1,-0.09585536672629696,1,-0.16377883720930234
LIMIT_UP_CLOSE_BOARD_INTENT,CONDITIONAL_ON_FILL,2026,MARKET_RISK_REGIME_X_STYLE_REGIME,RISK_OFF,SHORTLINE_DOMINANT,2,2,2,0.049072744178572644,0.049072744178572644,1.0,2,-0.10694113762660545,2,0.5,2,0.5,2,1.0,0.0,N_LT_10_NO_SHORTLIST,2,0.007373883575075565,2,0.054826112074357766,2,-0.1079745153051279
LIMIT_UP_CLOSE_BOARD_INTENT,CONDITIONAL_ON_FILL,2026,MARKET_RISK_REGIME_X_STYLE_REGIME,NEUTRAL,TREND_DOMINANT,5,5,5,-0.05044125903681205,0.04909482964224872,0.6,5,-0.06839498075600378,5,0.4,5,0.2,5,0.6,0.4,N_LT_10_NO_SHORTLIST,5,-0.02839792343924178,5,-0.05510151988713493,5,-0.06945958082159143
LIMIT_UP_CLOSE_BOARD_INTENT,CONDITIONAL_ON_FILL,2026,MARKET_RISK_REGIME_X_STYLE_REGIME,NEUTRAL,MIXED,1,1,1,0.0489321892393321,0.0489321892393321,1.0,1,-0.011131725417439675,1,0.0,1,0.0,1,1.0,0.0,N_LT_10_NO_SHORTLIST,1,0.052639758812615955,1,0.04707840445269017,1,-0.012242708719851577
LIMIT_UP_CLOSE_BOARD_INTENT,CONDITIONAL_ON_FILL,2026,MARKET_RISK_REGIME_X_STYLE_REGIME,NEUTRAL,SHORTLINE_DOMINANT,12,12,12,0.034210282939167364,0.049290803024151446,0.9166666666666666,12,-0.09574260203440406,12,0.5833333333333334,12,0.16666666666666666,12,0.9166666666666666,0.08333333333333333,SMALL_SAMPLE_DESCRIPTIVE_ONLY,12,0.011390998313534483,12,-0.056126930824582505,12,-0.09678505052675622
LIMIT_UP_CLOSE_BOARD_INTENT,CONDITIONAL_ON_FILL,2026,MARKET_RISK_REGIME_X_STYLE_REGIME,RISK_ON,TREND_DOMINANT,8,8,8,0.02142146584121718,0.04934211541186473,0.875,8,0.01428731453296099,8,0.125,8,0.125,8,0.875,0.125,N_LT_10_NO_SHORTLIST,8,0.03482625840928524,8,0.0364406629904417,8,0.013155741808189333
LIMIT_UP_CLOSE_BOARD_INTENT,CONDITIONAL_ON_FILL,2026,MARKET_RISK_REGIME_X_STYLE_REGIME,RISK_ON,MIXED,12,12,12,-0.025138029722860847,0.049408020074159315,0.6666666666666666,12,-0.0040910560775126075,12,0.25,12,0.16666666666666666,12,0.6666666666666666,0.3333333333333333,SMALL_SAMPLE_DESCRIPTIVE_ONLY,12,-0.041650079837655736,12,0.013075057581267467,12,-0.005207742322089845
LIMIT_UP_CLOSE_BOARD_INTENT,CONDITIONAL_ON_FILL,2026,MARKET_RISK_REGIME_X_STYLE_REGIME,RISK_ON,SHORTLINE_DOMINANT,5,5,5,0.037474388614961066,0.04890255363904081,0.8,5,0.026024206711598864,5,0.2,5,0.0,5,0.8,0.2,N_LT_10_NO_SHORTLIST,5,0.024355361525389956,5,-0.015348964450342787,5,0.02488312710416248
LIMIT_UP_CLOSE_BOARD_INTENT,CONDITIONAL_ON_FILL,DEVELOPMENT,MARKET_RISK_REGIME_X_STYLE_REGIME,RISK_OFF,TREND_DOMINANT,7,7,7,-0.025500852257933304,0.04898265042979943,0.7142857142857143,7,-0.10824793620934041,7,0.42857142857142855,7,0.2857142857142857,7,0.7142857142857143,0.2857142857142857,N_LT_10_NO_SHORTLIST,7,0.01803696212815087,7,-0.03680871819123323,7,-0.10928025538101083
LIMIT_UP_CLOSE_BOARD_INTENT,CONDITIONAL_ON_FILL,DEVELOPMENT,MARKET_RISK_REGIME_X_STYLE_REGIME,RISK_OFF,MIXED,5,5,5,0.03766012386874101,0.053540284463894965,0.8,5,0.08671072320217019,5,0.2,5,0.2,5,0.8,0.2,N_LT_10_NO_SHORTLIST,5,-0.02987312577208908,5,-0.023881486148569272,5,0.08552048751637646
LIMIT_UP_CLOSE_BOARD_INTENT,CONDITIONAL_ON_FILL,DEVELOPMENT,MARKET_RISK_REGIME_X_STYLE_REGIME,RISK_OFF,SHORTLINE_DOMINANT,7,7,7,-0.04511948621537622,0.04900014147909968,0.5714285714285714,7,-0.13429733036128946,7,0.5714285714285714,7,0.42857142857142855,7,0.5714285714285714,0.42857142857142855,N_LT_10_NO_SHORTLIST,7,-0.030264833591994802,7,-0.09441274949763849,7,-0.13530854952369684
LIMIT_UP_CLOSE_BOARD_INTENT,CONDITIONAL_ON_FILL,DEVELOPMENT,MARKET_RISK_REGIME_X_STYLE_REGIME,NEUTRAL,TREND_DOMINANT,34,33,34,0.02493687548013951,0.049180322381935045,0.8529411764705882,34,0.009133473212456252,34,0.35294117647058826,34,0.08823529411764706,34,0.8529411764705882,0.14705882352941177,,34,0.025168820945299937,34,0.018195702283808297,34,-0.0039000126518055115
LIMIT_UP_CLOSE_BOARD_INTENT,CONDITIONAL_ON_FILL,DEVELOPMENT,MARKET_RISK_REGIME_X_STYLE_REGIME,NEUTRAL,MIXED,28,28,28,0.0002805844865643331,0.04948131513187252,0.8214285714285714,28,-0.03431481822973939,28,0.6071428571428571,28,0.2857142857142857,28,0.8214285714285714,0.17857142857142858,,28,0.014387041206769936,28,-0.028563833600245243,28,-0.035407023226973304
LIMIT_UP_CLOSE_BOARD_INTENT,CONDITIONAL_ON_FILL,DEVELOPMENT,MARKET_RISK_REGIME_X_STYLE_REGIME,NEUTRAL,SHORTLINE_DOMINANT,23,23,23,-0.04186137514395241,0.0488395,0.5652173913043478,23,-0.06788595020724181,23,0.43478260869565216,23,0.30434782608695654,23,0.5652173913043478,0.43478260869565216,,23,-0.031245548889625017,23,-0.07078666067251209,23,-0.07363179755389361
LIMIT_UP_CLOSE_BOARD_INTENT,CONDITIONAL_ON_FILL,DEVELOPMENT,MARKET_RISK_REGIME_X_STYLE_REGIME,RISK_ON,TREND_DOMINANT,39,37,39,0.012174159674373684,0.04914467840459935,0.7948717948717948,39,0.002708273818219572,39,0.28205128205128205,39,0.1282051282051282,39,0.7948717948717948,0.20512820512820512,,39,0.004048230441417525,39,-0.015240299650106811,39,0.001586080116426795
LIMIT_UP_CLOSE_BOARD_INTENT,CONDITIONAL_ON_FILL,DEVELOPMENT,MARKET_RISK_REGIME_X_STYLE_REGIME,RISK_ON,MIXED,36,36,36,0.0203058843781609,0.04997385417613149,0.8333333333333334,36,-0.022330424684752867,36,0.4722222222222222,36,0.2222222222222222,36,0.8333333333333334,0.16666666666666666,,36,0.01284484877684766,36,-0.00030143246038457055,36,-0.023432337040758228
LIMIT_UP_CLOSE_BOARD_INTENT,CONDITIONAL_ON_FILL,DEVELOPMENT,MARKET_RISK_REGIME_X_STYLE_REGIME,RISK_ON,SHORTLINE_DOMINANT,36,36,36,0.008126271086831371,0.049145643963488056,0.8055555555555556,36,-0.09064454143536292,36,0.6111111111111112,36,0.3611111111111111,36,0.8055555555555556,0.19444444444444445,,36,-0.0059732105078821466,36,-0.07524988628236956,36,-0.0916911193568003
LIMIT_UP_CLOSE_BOARD_INTENT,CONDITIONAL_ON_FILL,TEMPORAL_DESCRIPTIVE,MARKET_RISK_REGIME_X_STYLE_REGIME,RISK_OFF,TREND_DOMINANT,2,2,2,0.01805050581395349,0.01805050581395349,0.5,2,-0.037063953488372214,2,0.0,2,0.0,2,0.5,0.5,N_LT_10_NO_SHORTLIST,2,0.01676323011363636,2,-0.000789929307610994,2,-0.03815393168604651
LIMIT_UP_CLOSE_BOARD_INTENT,CONDITIONAL_ON_FILL,TEMPORAL_DESCRIPTIVE,MARKET_RISK_REGIME_X_STYLE_REGIME,RISK_OFF,MIXED,1,1,1,0.04892887298747764,0.04892887298747764,1.0,1,-0.16279069767441867,1,1.0,1,0.0,1,1.0,0.0,N_LT_10_NO_SHORTLIST,1,0.04714141323792487,1,-0.09585536672629696,1,-0.16377883720930234
LIMIT_UP_CLOSE_BOARD_INTENT,CONDITIONAL_ON_FILL,TEMPORAL_DESCRIPTIVE,MARKET_RISK_REGIME_X_STYLE_REGIME,RISK_OFF,SHORTLINE_DOMINANT,2,2,2,0.049072744178572644,0.049072744178572644,1.0,2,-0.10694113762660545,2,0.5,2,0.5,2,1.0,0.0,N_LT_10_NO_SHORTLIST,2,0.007373883575075565,2,0.054826112074357766,2,-0.1079745153051279
LIMIT_UP_CLOSE_BOARD_INTENT,CONDITIONAL_ON_FILL,TEMPORAL_DESCRIPTIVE,MARKET_RISK_REGIME_X_STYLE_REGIME,NEUTRAL,TREND_DOMINANT,5,5,5,-0.05044125903681205,0.04909482964224872,0.6,5,-0.06839498075600378,5,0.4,5,0.2,5,0.6,0.4,N_LT_10_NO_SHORTLIST,5,-0.02839792343924178,5,-0.05510151988713493,5,-0.06945958082159143
LIMIT_UP_CLOSE_BOARD_INTENT,CONDITIONAL_ON_FILL,TEMPORAL_DESCRIPTIVE,MARKET_RISK_REGIME_X_STYLE_REGIME,NEUTRAL,MIXED,1,1,1,0.0489321892393321,0.0489321892393321,1.0,1,-0.011131725417439675,1,0.0,1,0.0,1,1.0,0.0,N_LT_10_NO_SHORTLIST,1,0.052639758812615955,1,0.04707840445269017,1,-0.012242708719851577
LIMIT_UP_CLOSE_BOARD_INTENT,CONDITIONAL_ON_FILL,TEMPORAL_DESCRIPTIVE,MARKET_RISK_REGIME_X_STYLE_REGIME,NEUTRAL,SHORTLINE_DOMINANT,12,12,12,0.034210282939167364,0.049290803024151446,0.9166666666666666,12,-0.09574260203440406,12,0.5833333333333334,12,0.16666666666666666,12,0.9166666666666666,0.08333333333333333,SMALL_SAMPLE_DESCRIPTIVE_ONLY,12,0.011390998313534483,12,-0.056126930824582505,12,-0.09678505052675622
LIMIT_UP_CLOSE_BOARD_INTENT,CONDITIONAL_ON_FILL,TEMPORAL_DESCRIPTIVE,MARKET_RISK_REGIME_X_STYLE_REGIME,RISK_ON,TREND_DOMINANT,8,8,8,0.02142146584121718,0.04934211541186473,0.875,8,0.01428731453296099,8,0.125,8,0.125,8,0.875,0.125,N_LT_10_NO_SHORTLIST,8,0.03482625840928524,8,0.0364406629904417,8,0.013155741808189333
LIMIT_UP_CLOSE_BOARD_INTENT,CONDITIONAL_ON_FILL,TEMPORAL_DESCRIPTIVE,MARKET_RISK_REGIME_X_STYLE_REGIME,RISK_ON,MIXED,12,12,12,-0.025138029722860847,0.049408020074159315,0.6666666666666666,12,-0.0040910560775126075,12,0.25,12,0.16666666666666666,12,0.6666666666666666,0.3333333333333333,SMALL_SAMPLE_DESCRIPTIVE_ONLY,12,-0.041650079837655736,12,0.013075057581267467,12,-0.005207742322089845
LIMIT_UP_CLOSE_BOARD_INTENT,CONDITIONAL_ON_FILL,TEMPORAL_DESCRIPTIVE,MARKET_RISK_REGIME_X_STYLE_REGIME,RISK_ON,SHORTLINE_DOMINANT,5,5,5,0.037474388614961066,0.04890255363904081,0.8,5,0.026024206711598864,5,0.2,5,0.0,5,0.8,0.2,N_LT_10_NO_SHORTLIST,5,0.024355361525389956,5,-0.015348964450342787,5,0.02488312710416248
