population,execution_basis,period,dimension,regime,n_events,n_securities,tp5_closed_n,tp5_net_mean,tp5_net_median,tp5_net_positive_fraction,h5_signal_n,h5_signal_mean,left_tail_h5_10_n,left_tail_h5_10_fraction,left_tail_h5_20_n,left_tail_h5_20_fraction,tp5_success_n,tp5_success_fraction,failed_rebound_tp5_fraction,sample_guardrail,time_h1_closed_n,time_h1_net_mean,time_h3_closed_n,time_h3_net_mean,time_h5_closed_n,time_h5_net_mean
NORMAL_CLOSE_INTENT,SAME_CLOSE_RESEARCH_COUNTERFACTUAL,ALL,MARKET_RISK_REGIME,RISK_OFF,28,27,28,-0.015519759813716645,0.04902842713349778,0.6785714285714286,28,0.005124231539785208,28,0.32142857142857145,28,0.17857142857142858,28,0.6785714285714286,0.32142857142857145,,28,0.0037139754535182915,28,0.021067131674103196,28,0.004000080912237989
NORMAL_CLOSE_INTENT,SAME_CLOSE_RESEARCH_COUNTERFACTUAL,ALL,MARKET_RISK_REGIME,NEUTRAL,84,82,84,-0.02313427599089536,0.04891211570573559,0.6428571428571429,84,-0.026908435379831667,84,0.4166666666666667,84,0.14285714285714285,84,0.6428571428571429,0.35714285714285715,,84,-0.012736296028313084,84,-0.018091809270478015,84,-0.02800663954717401
NORMAL_CLOSE_INTENT,SAME_CLOSE_RESEARCH_COUNTERFACTUAL,ALL,MARKET_RISK_REGIME,RISK_ON,130,126,129,-0.04582820772487315,0.0488395,0.5348837209302325,128,-0.06413659675410777,128,0.453125,128,0.1796875,129,0.5271317829457365,0.4728682170542636,,130,-0.026178216519583308,128,-0.05215542422635758,128,-0.06520464611073692
NORMAL_CLOSE_INTENT,SAME_CLOSE_RESEARCH_COUNTERFACTUAL,ALL,MARKET_RISK_REGIME,MISSING,0,0,0,,,,0,,0,,0,,0,,,N_LT_10_NO_SHORTLIST,0,,0,,0,
NORMAL_CLOSE_INTENT,SAME_CLOSE_RESEARCH_COUNTERFACTUAL,ALL,STYLE_REGIME,TREND_DOMINANT,99,95,98,-0.030224143644158496,0.048873226298168475,0.5816326530612245,98,-0.040595727458424324,98,0.3877551020408163,98,0.10204081632653061,98,0.5714285714285714,0.42857142857142855,,99,-0.015897231732628445,98,-0.02219939067439927,98,-0.04168284491918299
NORMAL_CLOSE_INTENT,SAME_CLOSE_RESEARCH_COUNTERFACTUAL,ALL,STYLE_REGIME,MIXED,65,63,65,-0.033700168741024245,0.04899611285266458,0.6307692307692307,64,-0.04094267138999375,64,0.484375,64,0.203125,65,0.6307692307692307,0.36923076923076925,,65,-0.014670385400751988,64,-0.030019170533983622,64,-0.04202950782616786
NORMAL_CLOSE_INTENT,SAME_CLOSE_RESEARCH_COUNTERFACTUAL,ALL,STYLE_REGIME,SHORTLINE_DOMINANT,78,77,78,-0.040220438579920574,0.048876634458298276,0.5641025641025641,78,-0.047789771967083124,78,0.4230769230769231,78,0.21794871794871795,78,0.5641025641025641,0.4358974358974359,,78,-0.023610573187775923,78,-0.04498665887888403,78,-0.04887106225178978
NORMAL_CLOSE_INTENT,SAME_CLOSE_RESEARCH_COUNTERFACTUAL,ALL,STYLE_REGIME,MISSING,0,0,0,,,,0,,0,,0,,0,,,N_LT_10_NO_SHORTLIST,0,,0,,0,
NORMAL_CLOSE_INTENT,SAME_CLOSE_RESEARCH_COUNTERFACTUAL,2024,MARKET_RISK_REGIME,RISK_OFF,6,6,6,-0.029139145094094206,0.001032258628121431,0.5,6,-0.0832591662224071,6,0.5,6,0.16666666666666666,6,0.5,0.5,N_LT_10_NO_SHORTLIST,6,-0.013058987929811037,6,0.021885517570847213,6,-0.08431172629776694
NORMAL_CLOSE_INTENT,SAME_CLOSE_RESEARCH_COUNTERFACTUAL,2024,MARKET_RISK_REGIME,NEUTRAL,21,21,21,-0.030965188007381222,0.04907778060413354,0.5714285714285714,21,-0.06810899496990205,21,0.5238095238095238,21,0.09523809523809523,21,0.5714285714285714,0.42857142857142855,,21,-0.02913649797951299,21,-0.051205724237143174,21,-0.06917382668397642
NORMAL_CLOSE_INTENT,SAME_CLOSE_RESEARCH_COUNTERFACTUAL,2024,MARKET_RISK_REGIME,RISK_ON,36,35,36,-0.025673704955929126,0.04901332465720326,0.5555555555555556,36,-0.03811868936875244,36,0.4166666666666667,36,0.16666666666666666,36,0.5555555555555556,0.4444444444444444,,36,-0.01620559318929231,36,-0.030577299887716552,36,-0.039207813230363764
NORMAL_CLOSE_INTENT,SAME_CLOSE_RESEARCH_COUNTERFACTUAL,2024,MARKET_RISK_REGIME,MISSING,0,0,0,,,,0,,0,,0,,0,,,N_LT_10_NO_SHORTLIST,0,,0,,0,
NORMAL_CLOSE_INTENT,SAME_CLOSE_RESEARCH_COUNTERFACTUAL,2024,STYLE_REGIME,TREND_DOMINANT,18,18,18,-0.00771699202032365,0.04898644821128817,0.6666666666666666,18,-0.03183781785171022,18,0.3333333333333333,18,0.1111111111111111,18,0.6666666666666666,0.3333333333333333,SMALL_SAMPLE_DESCRIPTIVE_ONLY,18,-0.0007003352886890542,18,0.00866436631858748,18,-0.03293202921925032
NORMAL_CLOSE_INTENT,SAME_CLOSE_RESEARCH_COUNTERFACTUAL,2024,STYLE_REGIME,MIXED,17,17,17,-0.03196600033355334,0.049279026392961875,0.5882352941176471,17,-0.019109391548376823,17,0.5294117647058824,17,0.11764705882352941,17,0.5882352941176471,0.4117647058823529,SMALL_SAMPLE_DESCRIPTIVE_ONLY,17,-0.025966334307567805,17,-0.007029179472684703,17,-0.02021391294122265
NORMAL_CLOSE_INTENT,SAME_CLOSE_RESEARCH_COUNTERFACTUAL,2024,STYLE_REGIME,SHORTLINE_DOMINANT,28,28,28,-0.038108190539170965,-0.022354422938507493,0.4642857142857143,28,-0.08586344040443872,28,0.5,28,0.17857142857142858,28,0.4642857142857143,0.5357142857142857,,28,-0.029271000769218087,28,-0.07433044436470193,28,-0.08691389101771112
NORMAL_CLOSE_INTENT,SAME_CLOSE_RESEARCH_COUNTERFACTUAL,2024,STYLE_REGIME,MISSING,0,0,0,,,,0,,0,,0,,0,,,N_LT_10_NO_SHORTLIST,0,,0,,0,
NORMAL_CLOSE_INTENT,SAME_CLOSE_RESEARCH_COUNTERFACTUAL,2025,MARKET_RISK_REGIME,RISK_OFF,11,11,11,-0.0010900573283634995,0.049146,0.8181818181818182,11,0.03554483394880241,11,0.18181818181818182,11,0.09090909090909091,11,0.8181818181818182,0.18181818181818182,SMALL_SAMPLE_DESCRIPTIVE_ONLY,11,0.0009807188470624176,11,0.021589971773916587,11,0.03439604263330385
NORMAL_CLOSE_INTENT,SAME_CLOSE_RESEARCH_COUNTERFACTUAL,2025,MARKET_RISK_REGIME,NEUTRAL,37,36,37,-0.02009516318093799,0.04891222125181951,0.6486486486486487,37,-0.016842807281172257,37,0.35135135135135137,37,0.13513513513513514,37,0.6486486486486487,0.35135135135135137,,37,-0.010136495675535767,37,-0.005231987154871676,37,-0.017949164607274498
NORMAL_CLOSE_INTENT,SAME_CLOSE_RESEARCH_COUNTERFACTUAL,2025,MARKET_RISK_REGIME,RISK_ON,63,62,63,-0.040325609076026905,0.0488395,0.5555555555555556,63,-0.06936364916398435,63,0.42857142857142855,63,0.12698412698412698,63,0.5555555555555556,0.4444444444444444,,63,-0.025536613923235196,63,-0.05637092647786493,63,-0.07042746460816152
NORMAL_CLOSE_INTENT,SAME_CLOSE_RESEARCH_COUNTERFACTUAL,2025,MARKET_RISK_REGIME,MISSING,0,0,0,,,,0,,0,,0,,0,,,N_LT_10_NO_SHORTLIST,0,,0,,0,
NORMAL_CLOSE_INTENT,SAME_CLOSE_RESEARCH_COUNTERFACTUAL,2025,STYLE_REGIME,TREND_DOMINANT,57,55,57,-0.032326194836611824,0.048860238688252386,0.5614035087719298,57,-0.0433793957881937,57,0.40350877192982454,57,0.07017543859649122,57,0.5614035087719298,0.43859649122807015,,57,-0.017446615254078306,57,-0.020581544015222383,57,-0.04446425847760526
NORMAL_CLOSE_INTENT,SAME_CLOSE_RESEARCH_COUNTERFACTUAL,2025,STYLE_REGIME,MIXED,23,22,23,-0.001381117979063464,0.04899611285266458,0.782608695652174,23,-0.03556789933072983,23,0.34782608695652173,23,0.13043478260869565,23,0.782608695652174,0.21739130434782608,,23,-0.003603346171231373,23,-0.02775575293293019,23,-0.03665908933227193
NORMAL_CLOSE_INTENT,SAME_CLOSE_RESEARCH_COUNTERFACTUAL,2025,STYLE_REGIME,SHORTLINE_DOMINANT,31,30,31,-0.04586020067390534,0.04887470754052149,0.5806451612903226,31,-0.04230365641173338,31,0.3548387096774194,31,0.22580645161290322,31,0.5806451612903226,0.41935483870967744,,31,-0.02889467994903772,31,-0.05470747990314805,31,-0.04338939045003987
NORMAL_CLOSE_INTENT,SAME_CLOSE_RESEARCH_COUNTERFACTUAL,2025,STYLE_REGIME,MISSING,0,0,0,,,,0,,0,,0,,0,,,N_LT_10_NO_SHORTLIST,0,,0,,0,
NORMAL_CLOSE_INTENT,SAME_CLOSE_RESEARCH_COUNTERFACTUAL,2026,MARKET_RISK_REGIME,RISK_OFF,11,10,11,-0.022520706691591123,0.049184728529121424,0.6363636363636364,11,0.022912755182872904,11,0.36363636363636365,11,0.2727272727272727,11,0.6363636363636364,0.36363636363636365,SMALL_SAMPLE_DESCRIPTIVE_ONLY,11,0.0155961211781538,11,0.020097899266974886,11,0.02177419585117481
NORMAL_CLOSE_INTENT,SAME_CLOSE_RESEARCH_COUNTERFACTUAL,2026,MARKET_RISK_REGIME,NEUTRAL,26,26,26,-0.021134199899442277,0.048905873827712235,0.6923076923076923,26,-0.00795522338979013,26,0.4230769230769231,26,0.19230769230769232,26,0.6923076923076923,0.3076923076923077,,26,-0.003189694954373189,26,-0.00964647096191902,26,-0.009068779658844433
NORMAL_CLOSE_INTENT,SAME_CLOSE_RESEARCH_COUNTERFACTUAL,2026,MARKET_RISK_REGIME,RISK_ON,31,30,30,-0.08156906821018309,-0.07762913671711247,0.4666666666666667,29,-0.08507936792826519,29,0.5517241379310345,29,0.3103448275862069,30,0.43333333333333335,0.5666666666666667,,31,-0.03906322953443515,29,-0.06978424610036152,29,-0.08613045364024327
NORMAL_CLOSE_INTENT,SAME_CLOSE_RESEARCH_COUNTERFACTUAL,2026,MARKET_RISK_REGIME,MISSING,0,0,0,,,,0,,0,,0,,0,,,N_LT_10_NO_SHORTLIST,0,,0,,0,
NORMAL_CLOSE_INTENT,SAME_CLOSE_RESEARCH_COUNTERFACTUAL,2026,STYLE_REGIME,TREND_DOMINANT,24,24,23,-0.04262900500325361,0.0488395,0.5652173913043478,23,-0.04055108737685909,23,0.391304347826087,23,0.17391304347826086,23,0.5217391304347826,0.4782608695652174,,24,-0.02361511820213957,23,-0.050363081346001176,23,-0.04163824099608381
NORMAL_CLOSE_INTENT,SAME_CLOSE_RESEARCH_COUNTERFACTUAL,2026,STYLE_REGIME,MIXED,25,24,25,-0.06461292995910838,0.0488395,0.52,24,-0.061558734501267,24,0.5833333333333334,24,0.3333333333333333,25,0.52,0.48,,25,-0.017170816235276196,24,-0.048472856070079895,24,-0.06262887192632098
NORMAL_CLOSE_INTENT,SAME_CLOSE_RESEARCH_COUNTERFACTUAL,2026,STYLE_REGIME,SHORTLINE_DOMINANT,19,19,19,-0.03413150806557641,0.04889986880718108,0.6842105263157895,19,-0.0006322385970771025,19,0.42105263157894735,19,0.2631578947368421,19,0.6842105263157895,0.3157894736842105,SMALL_SAMPLE_DESCRIPTIVE_ONLY,19,-0.0066474530888550615,19,0.014117101402962616,19,-0.001751726483813476
NORMAL_CLOSE_INTENT,SAME_CLOSE_RESEARCH_COUNTERFACTUAL,2026,STYLE_REGIME,MISSING,0,0,0,,,,0,,0,,0,,0,,,N_LT_10_NO_SHORTLIST,0,,0,,0,
NORMAL_CLOSE_INTENT,SAME_CLOSE_RESEARCH_COUNTERFACTUAL,DEVELOPMENT,MARKET_RISK_REGIME,RISK_OFF,17,17,17,-0.010989735363327277,0.04892967960288808,0.7058823529411765,17,-0.006385989641036244,17,0.29411764705882354,17,0.11764705882352941,17,0.7058823529411765,0.29411764705882354,SMALL_SAMPLE_DESCRIPTIVE_ONLY,17,-0.00397447178006939,17,0.02169428205518622,17,-0.007500816989427014
NORMAL_CLOSE_INTENT,SAME_CLOSE_RESEARCH_COUNTERFACTUAL,DEVELOPMENT,MARKET_RISK_REGIME,NEUTRAL,58,57,58,-0.02403086182499502,0.048926256893562746,0.6206896551724138,58,-0.03540470282364339,58,0.41379310344827586,58,0.1206896551724138,58,0.6206896551724138,0.3793103448275862,,58,-0.017015806854562002,58,-0.021877650581211355,58,-0.03649602501435623
NORMAL_CLOSE_INTENT,SAME_CLOSE_RESEARCH_COUNTERFACTUAL,DEVELOPMENT,MARKET_RISK_REGIME,RISK_ON,99,96,99,-0.034997643941445895,0.048860238688252386,0.5555555555555556,99,-0.058001845602081846,99,0.42424242424242425,99,0.1414141414141414,99,0.5555555555555556,0.4444444444444444,,99,-0.02214351547452869,99,-0.04699142589962916,99,-0.05907486410714416
NORMAL_CLOSE_INTENT,SAME_CLOSE_RESEARCH_COUNTERFACTUAL,DEVELOPMENT,MARKET_RISK_REGIME,MISSING,0,0,0,,,,0,,0,,0,,0,,,N_LT_10_NO_SHORTLIST,0,,0,,0,
NORMAL_CLOSE_INTENT,SAME_CLOSE_RESEARCH_COUNTERFACTUAL,DEVELOPMENT,STYLE_REGIME,TREND_DOMINANT,75,72,75,-0.02641998616070266,0.04889386289445049,0.5866666666666667,75,-0.04060941708343767,75,0.38666666666666666,75,0.08,75,0.5866666666666667,0.41333333333333333,,75,-0.013427508062384887,75,-0.013562525535108018,75,-0.04169652345560007
NORMAL_CLOSE_INTENT,SAME_CLOSE_RESEARCH_COUNTERFACTUAL,DEVELOPMENT,STYLE_REGIME,MIXED,40,39,40,-0.014379692979721661,0.04905701929502494,0.7,40,-0.028573033523229808,40,0.425,40,0.125,40,0.7,0.3,,40,-0.013107616129174358,40,-0.018946959212325858,40,-0.02966988936607599
NORMAL_CLOSE_INTENT,SAME_CLOSE_RESEARCH_COUNTERFACTUAL,DEVELOPMENT,STYLE_REGIME,SHORTLINE_DOMINANT,59,58,59,-0.0421812806099636,0.0488395,0.5254237288135594,59,-0.06297609627267829,59,0.423728813559322,59,0.2033898305084746,59,0.5254237288135594,0.4745762711864407,,59,-0.02907327288064874,59,-0.06402007320693633,59,-0.06404508563469741
NORMAL_CLOSE_INTENT,SAME_CLOSE_RESEARCH_COUNTERFACTUAL,DEVELOPMENT,STYLE_REGIME,MISSING,0,0,0,,,,0,,0,,0,,0,,,N_LT_10_NO_SHORTLIST,0,,0,,0,
NORMAL_CLOSE_INTENT,SAME_CLOSE_RESEARCH_COUNTERFACTUAL,TEMPORAL_DESCRIPTIVE,MARKET_RISK_REGIME,RISK_OFF,11,10,11,-0.022520706691591123,0.049184728529121424,0.6363636363636364,11,0.022912755182872904,11,0.36363636363636365,11,0.2727272727272727,11,0.6363636363636364,0.36363636363636365,SMALL_SAMPLE_DESCRIPTIVE_ONLY,11,0.0155961211781538,11,0.020097899266974886,11,0.02177419585117481
NORMAL_CLOSE_INTENT,SAME_CLOSE_RESEARCH_COUNTERFACTUAL,TEMPORAL_DESCRIPTIVE,MARKET_RISK_REGIME,NEUTRAL,26,26,26,-0.021134199899442277,0.048905873827712235,0.6923076923076923,26,-0.00795522338979013,26,0.4230769230769231,26,0.19230769230769232,26,0.6923076923076923,0.3076923076923077,,26,-0.003189694954373189,26,-0.00964647096191902,26,-0.009068779658844433
NORMAL_CLOSE_INTENT,SAME_CLOSE_RESEARCH_COUNTERFACTUAL,TEMPORAL_DESCRIPTIVE,MARKET_RISK_REGIME,RISK_ON,31,30,30,-0.08156906821018309,-0.07762913671711247,0.4666666666666667,29,-0.08507936792826519,29,0.5517241379310345,29,0.3103448275862069,30,0.43333333333333335,0.5666666666666667,,31,-0.03906322953443515,29,-0.06978424610036152,29,-0.08613045364024327
NORMAL_CLOSE_INTENT,SAME_CLOSE_RESEARCH_COUNTERFACTUAL,TEMPORAL_DESCRIPTIVE,MARKET_RISK_REGIME,MISSING,0,0,0,,,,0,,0,,0,,0,,,N_LT_10_NO_SHORTLIST,0,,0,,0,
NORMAL_CLOSE_INTENT,SAME_CLOSE_RESEARCH_COUNTERFACTUAL,TEMPORAL_DESCRIPTIVE,STYLE_REGIME,TREND_DOMINANT,24,24,23,-0.04262900500325361,0.0488395,0.5652173913043478,23,-0.04055108737685909,23,0.391304347826087,23,0.17391304347826086,23,0.5217391304347826,0.4782608695652174,,24,-0.02361511820213957,23,-0.050363081346001176,23,-0.04163824099608381
NORMAL_CLOSE_INTENT,SAME_CLOSE_RESEARCH_COUNTERFACTUAL,TEMPORAL_DESCRIPTIVE,STYLE_REGIME,MIXED,25,24,25,-0.06461292995910838,0.0488395,0.52,24,-0.061558734501267,24,0.5833333333333334,24,0.3333333333333333,25,0.52,0.48,,25,-0.017170816235276196,24,-0.048472856070079895,24,-0.06262887192632098
NORMAL_CLOSE_INTENT,SAME_CLOSE_RESEARCH_COUNTERFACTUAL,TEMPORAL_DESCRIPTIVE,STYLE_REGIME,SHORTLINE_DOMINANT,19,19,19,-0.03413150806557641,0.04889986880718108,0.6842105263157895,19,-0.0006322385970771025,19,0.42105263157894735,19,0.2631578947368421,19,0.6842105263157895,0.3157894736842105,SMALL_SAMPLE_DESCRIPTIVE_ONLY,19,-0.0066474530888550615,19,0.014117101402962616,19,-0.001751726483813476
NORMAL_CLOSE_INTENT,SAME_CLOSE_RESEARCH_COUNTERFACTUAL,TEMPORAL_DESCRIPTIVE,STYLE_REGIME,MISSING,0,0,0,,,,0,,0,,0,,0,,,N_LT_10_NO_SHORTLIST,0,,0,,0,
LIMIT_UP_CLOSE_BOARD_INTENT,CONDITIONAL_ON_FILL,ALL,MARKET_RISK_REGIME,RISK_OFF,24,24,24,-0.005119432374872152,0.04903028078376968,0.7083333333333334,24,-0.07146100541199717,24,0.4166666666666667,24,0.2916666666666667,24,0.7083333333333334,0.2916666666666667,,24,-0.005814378687166842,24,-0.042739196073239664,24,-0.07252312199761343
LIMIT_UP_CLOSE_BOARD_INTENT,CONDITIONAL_ON_FILL,ALL,MARKET_RISK_REGIME,NEUTRAL,103,97,103,0.0009723086695429062,0.04921126502575844,0.7766990291262136,103,-0.03605506339403941,103,0.46601941747572817,103,0.20388349514563106,103,0.7766990291262136,0.22330097087378642,,103,0.005701665658710694,103,-0.026322126441778036,103,-0.04212125867383569
LIMIT_UP_CLOSE_BOARD_INTENT,CONDITIONAL_ON_FILL,ALL,MARKET_RISK_REGIME,RISK_ON,136,127,136,0.01143703777331256,0.049208546223492605,0.8014705882352942,136,-0.027692273709721132,136,0.40441176470588236,136,0.21323529411764705,136,0.8014705882352942,0.19852941176470587,,136,0.002248866777554448,136,-0.021636308738575624,136,-0.02878984296801627
LIMIT_UP_CLOSE_BOARD_INTENT,CONDITIONAL_ON_FILL,ALL,MARKET_RISK_REGIME,MISSING,0,0,0,,,,0,,0,,0,,0,,,N_LT_10_NO_SHORTLIST,0,,0,,0,
LIMIT_UP_CLOSE_BOARD_INTENT,CONDITIONAL_ON_FILL,ALL,STYLE_REGIME,TREND_DOMINANT,95,90,95,0.011572699694667031,0.04914467840459935,0.8,95,-0.006772411366572447,95,0.30526315789473685,95,0.12631578947368421,95,0.8,0.2,,95,0.013789753100609297,95,-0.0023046420017966227,95,-0.01214805185581425
LIMIT_UP_CLOSE_BOARD_INTENT,CONDITIONAL_ON_FILL,ALL,STYLE_REGIME,MIXED,83,82,83,0.008715343712455163,0.04952277554304103,0.8072289156626506,83,-0.018724959989095964,83,0.46987951807228917,83,0.2289156626506024,83,0.8072289156626506,0.1927710843373494,,83,0.0038056180107747064,83,-0.009902682065324755,83,-0.019829792771504803
LIMIT_UP_CLOSE_BOARD_INTENT,CONDITIONAL_ON_FILL,ALL,STYLE_REGIME,SHORTLINE_DOMINANT,85,82,85,-0.0034124875998900075,0.04907854066985646,0.7411764705882353,85,-0.08232157794207903,85,0.5294117647058824,85,0.3058823529411765,85,0.7411764705882353,0.25882352941176473,,85,-0.010262593921759783,85,-0.06633640136605341,85,-0.08464147633718541
LIMIT_UP_CLOSE_BOARD_INTENT,CONDITIONAL_ON_FILL,ALL,STYLE_REGIME,MISSING,0,0,0,,,,0,,0,,0,,0,,,N_LT_10_NO_SHORTLIST,0,,0,,0,
LIMIT_UP_CLOSE_BOARD_INTENT,CONDITIONAL_ON_FILL,2024,MARKET_RISK_REGIME,RISK_OFF,4,4,4,0.07372110990358782,0.07356428597788826,1.0,4,0.10521178357188815,4,0.0,4,0.0,4,1.0,0.0,N_LT_10_NO_SHORTLIST,4,0.07444317966540724,4,0.10145988419490644,4,0.10400656202719491
LIMIT_UP_CLOSE_BOARD_INTENT,CONDITIONAL_ON_FILL,2024,MARKET_RISK_REGIME,NEUTRAL,40,38,40,-0.017323398786575062,0.049373513049740775,0.75,40,-0.024017795785054995,40,0.575,40,0.35,40,0.75,0.25,,40,0.008958590564438157,40,-0.016121481646114582,40,-0.03523851595878483
LIMIT_UP_CLOSE_BOARD_INTENT,CONDITIONAL_ON_FILL,2024,MARKET_RISK_REGIME,RISK_ON,48,45,48,0.011274157278711764,0.04939366118389642,0.8125,48,-0.038698330766040394,48,0.5833333333333334,48,0.3125,48,0.8125,0.1875,,48,0.01878387951981458,48,-0.02716126115059685,48,-0.03978698511811991
LIMIT_UP_CLOSE_BOARD_INTENT,CONDITIONAL_ON_FILL,2024,MARKET_RISK_REGIME,MISSING,0,0,0,,,,0,,0,,0,,0,,,N_LT_10_NO_SHORTLIST,0,,0,,0,
LIMIT_UP_CLOSE_BOARD_INTENT,CONDITIONAL_ON_FILL,2024,STYLE_REGIME,TREND_DOMINANT,22,22,22,0.03556659877695967,0.04937794015449404,0.9090909090909091,22,0.023854340176802425,22,0.3181818181818182,22,0.13636363636363635,22,0.9090909090909091,0.09090909090909091,,22,0.04612156281961278,22,0.03236970455768516,22,0.004314700727957888
LIMIT_UP_CLOSE_BOARD_INTENT,CONDITIONAL_ON_FILL,2024,STYLE_REGIME,MIXED,41,41,41,0.016563917224851583,0.04961150110375276,0.8536585365853658,41,0.020793972576576402,41,0.5365853658536586,41,0.2926829268292683,41,0.8536585365853658,0.14634146341463414,,41,0.026602396808637855,41,0.0212264826352803,41,0.019657129458789366
LIMIT_UP_CLOSE_BOARD_INTENT,CONDITIONAL_ON_FILL,2024,STYLE_REGIME,SHORTLINE_DOMINANT,29,28,29,-0.045464749716638414,0.04897308155080214,0.6206896551724138,29,-0.13016320460047834,29,0.7586206896551724,29,0.4827586206896552,29,0.6206896551724138,0.3793103448275862,,29,-0.018883796310185448,29,-0.10776481215893696,29,-0.13117777240475195
LIMIT_UP_CLOSE_BOARD_INTENT,CONDITIONAL_ON_FILL,2024,STYLE_REGIME,MISSING,0,0,0,,,,0,,0,,0,,0,,,N_LT_10_NO_SHORTLIST,0,,0,,0,
LIMIT_UP_CLOSE_BOARD_INTENT,CONDITIONAL_ON_FILL,2025,MARKET_RISK_REGIME,RISK_OFF,15,15,15,-0.04006174597225419,0.04900014147909968,0.6,15,-0.11234069228474072,15,0.5333333333333333,15,0.4,15,0.6,0.4,SMALL_SAMPLE_DESCRIPTIVE_ONLY,15,-0.035515563184598795,15,-0.09625314942297161,15,-0.11336969632399006
LIMIT_UP_CLOSE_BOARD_INTENT,CONDITIONAL_ON_FILL,2025,MARKET_RISK_REGIME,NEUTRAL,45,42,45,0.013018543446680924,0.04903696837944664,0.7777777777777778,45,-0.027798707657190044,45,0.35555555555555557,45,0.08888888888888889,45,0.7777777777777778,0.2222222222222222,,45,0.004035240419796763,45,-0.025874830950679547,45,-0.031288617464551104
LIMIT_UP_CLOSE_BOARD_INTENT,CONDITIONAL_ON_FILL,2025,MARKET_RISK_REGIME,RISK_ON,63,60,63,0.015193496423208427,0.04914467840459935,0.8095238095238095,63,-0.03339613054989947,63,0.3492063492063492,63,0.1746031746031746,63,0.8095238095238095,0.19047619047619047,,63,-0.007878829397667587,63,-0.031912359140708974,63,-0.03448907968415407
LIMIT_UP_CLOSE_BOARD_INTENT,CONDITIONAL_ON_FILL,2025,MARKET_RISK_REGIME,MISSING,0,0,0,,,,0,,0,,0,,0,,,N_LT_10_NO_SHORTLIST,0,,0,,0,
LIMIT_UP_CLOSE_BOARD_INTENT,CONDITIONAL_ON_FILL,2025,STYLE_REGIME,TREND_DOMINANT,58,55,58,0.0062357733573564006,0.04910482487521972,0.7758620689655172,58,-0.014937418434844144,58,0.3275862068965517,58,0.1206896551724138,58,0.7758620689655172,0.22413793103448276,,58,0.0021587112451906215,58,-0.016301936832972232,58,-0.016045319125911926
LIMIT_UP_CLOSE_BOARD_INTENT,CONDITIONAL_ON_FILL,2025,STYLE_REGIME,MIXED,28,28,28,0.008858864870085142,0.04958993643646453,0.7857142857142857,28,-0.07798962352544955,28,0.4642857142857143,28,0.17857142857142858,28,0.7857142857142857,0.21428571428571427,,28,-0.013386149580661548,28,-0.0642975760060732,28,-0.07904645193039395
LIMIT_UP_CLOSE_BOARD_INTENT,CONDITIONAL_ON_FILL,2025,STYLE_REGIME,SHORTLINE_DOMINANT,37,36,37,0.008983120786213633,0.04900014147909968,0.7567567567567568,37,-0.053781857447426515,37,0.3783783783783784,37,0.24324324324324326,37,0.7567567567567568,0.24324324324324326,,37,-0.01615964715928968,37,-0.05061618366236161,37,-0.057768002365200945
LIMIT_UP_CLOSE_BOARD_INTENT,CONDITIONAL_ON_FILL,2025,STYLE_REGIME,MISSING,0,0,0,,,,0,,0,,0,,0,,,N_LT_10_NO_SHORTLIST,0,,0,,0,
LIMIT_UP_CLOSE_BOARD_INTENT,CONDITIONAL_ON_FILL,2026,MARKET_RISK_REGIME,RISK_OFF,5,5,5,0.03663507459450598,0.04892887298747764,0.8,5,-0.09016017598087481,5,0.4,5,0.2,5,0.8,0.2,N_LT_10_NO_SHORTLIST,5,0.019083128123069743,5,0.002443399761439316,5,-0.09120714623833023
LIMIT_UP_CLOSE_BOARD_INTENT,CONDITIONAL_ON_FILL,2026,MARKET_RISK_REGIME,NEUTRAL,18,18,18,0.011513849406960014,0.04924741726575921,0.8333333333333334,18,-0.08344543631168373,18,0.5,18,0.16666666666666666,18,0.8333333333333334,0.16666666666666666,SMALL_SAMPLE_DESCRIPTIVE_ONLY,18,0.002630117854378937,18,-0.05010846471544303,18,-0.08449784550827129
LIMIT_UP_CLOSE_BOARD_INTENT,CONDITIONAL_ON_FILL,2026,MARKET_RISK_REGIME,RISK_ON,25,25,25,0.0022834925252085024,0.04934414141414142,0.76,25,0.007813075075661237,25,0.2,25,0.12,25,0.76,0.24,,25,-0.003976563326025483,25,0.014867246905881171,25,0.0066867464848499565
LIMIT_UP_CLOSE_BOARD_INTENT,CONDITIONAL_ON_FILL,2026,MARKET_RISK_REGIME,MISSING,0,0,0,,,,0,,0,,0,,0,,,N_LT_10_NO_SHORTLIST,0,,0,,0,
LIMIT_UP_CLOSE_BOARD_INTENT,CONDITIONAL_ON_FILL,2026,STYLE_REGIME,TREND_DOMINANT,15,15,15,-0.0029822371217610557,0.04909482964224872,0.7333333333333333,15,-0.020120286299538364,15,0.2,15,0.13333333333333333,15,0.7333333333333333,0.26666666666666666,SMALL_SAMPLE_DESCRIPTIVE_ONLY,15,0.011343127353689718,15,0.0009625230581757955,15,-0.0212239888676357
LIMIT_UP_CLOSE_BOARD_INTENT,CONDITIONAL_ON_FILL,2026,STYLE_REGIME,MIXED,14,14,14,-0.01455680674625146,0.04913816532673676,0.7142857142857143,14,-0.015929649715857832,14,0.2857142857142857,14,0.14285714285714285,14,0.7142857142857143,0.2857142857142857,SMALL_SAMPLE_DESCRIPTIVE_ONLY,14,-0.028572841857237713,14,0.007723123478685917,14,-0.017036746699588004
LIMIT_UP_CLOSE_BOARD_INTENT,CONDITIONAL_ON_FILL,2026,STYLE_REGIME,SHORTLINE_DOMINANT,19,19,19,0.03663372772115574,0.049214330117899246,0.8947368421052632,19,-0.06487749821621397,19,0.47368421052631576,19,0.15789473684210525,19,0.8947368421052632,0.10526315789473684,SMALL_SAMPLE_DESCRIPTIVE_ONLY,19,0.014379818659974458,19,-0.03371661936831518,19,-0.06594494744265884
LIMIT_UP_CLOSE_BOARD_INTENT,CONDITIONAL_ON_FILL,2026,STYLE_REGIME,MISSING,0,0,0,,,,0,,0,,0,,0,,,N_LT_10_NO_SHORTLIST,0,,0,,0,
LIMIT_UP_CLOSE_BOARD_INTENT,CONDITIONAL_ON_FILL,DEVELOPMENT,MARKET_RISK_REGIME,RISK_OFF,19,19,19,-0.016107460524708503,0.04907854066985646,0.6842105263157895,19,-0.06654017105176621,19,0.42105263157894735,19,0.3157894736842105,19,0.6842105263157895,0.3157894736842105,SMALL_SAMPLE_DESCRIPTIVE_ONLY,19,-0.01236635416354489,19,-0.05462935287183939,19,-0.06760627351321427
LIMIT_UP_CLOSE_BOARD_INTENT,CONDITIONAL_ON_FILL,DEVELOPMENT,MARKET_RISK_REGIME,NEUTRAL,85,80,85,-0.0012600176042630693,0.049198920863309355,0.7647058823529411,85,-0.026019455011479436,85,0.4588235294117647,85,0.21176470588235294,85,0.7647058823529411,0.23529411764705882,,85,0.006352111076098596,85,-0.02128501951323721,85,-0.03314739322654345
LIMIT_UP_CLOSE_BOARD_INTENT,CONDITIONAL_ON_FILL,DEVELOPMENT,MARKET_RISK_REGIME,RISK_ON,111,104,111,0.013498647063426085,0.049198920863309355,0.8108108108108109,111,-0.035688973886609056,111,0.45045045045045046,111,0.23423423423423423,111,0.8108108108108109,0.1891891891891892,,111,0.0036509906747571345,111,-0.02985783028011995,111,-0.036780065817760915
LIMIT_UP_CLOSE_BOARD_INTENT,CONDITIONAL_ON_FILL,DEVELOPMENT,MARKET_RISK_REGIME,MISSING,0,0,0,,,,0,,0,,0,,0,,,N_LT_10_NO_SHORTLIST,0,,0,,0,
LIMIT_UP_CLOSE_BOARD_INTENT,CONDITIONAL_ON_FILL,DEVELOPMENT,STYLE_REGIME,TREND_DOMINANT,80,75,80,0.014301750347747296,0.0491470290713555,0.8125,80,-0.004269684816641338,80,0.325,80,0.125,80,0.8125,0.1875,,80,0.014248495428156715,80,-0.0029172354505414507,80,-0.010446313666097728
LIMIT_UP_CLOSE_BOARD_INTENT,CONDITIONAL_ON_FILL,DEVELOPMENT,STYLE_REGIME,MIXED,69,69,69,0.013437229312772449,0.04961150110375276,0.8260869565217391,69,-0.01929212439236167,69,0.5072463768115942,69,0.2463768115942029,69,0.8260869565217391,0.17391304347826086,,69,0.01037516059269027,69,-0.013478932465558806,69,-0.02039649777160386
LIMIT_UP_CLOSE_BOARD_INTENT,CONDITIONAL_ON_FILL,DEVELOPMENT,STYLE_REGIME,SHORTLINE_DOMINANT,66,64,66,-0.0149409435256456,0.04899652416841371,0.696969696969697,66,-0.08734335846922202,66,0.5454545454545454,66,0.3484848484848485,66,0.696969696969697,0.30303030303030304,,66,-0.01735662178619843,66,-0.0757269446684326,66,-0.09002381041288245
LIMIT_UP_CLOSE_BOARD_INTENT,CONDITIONAL_ON_FILL,DEVELOPMENT,STYLE_REGIME,MISSING,0,0,0,,,,0,,0,,0,,0,,,N_LT_10_NO_SHORTLIST,0,,0,,0,
LIMIT_UP_CLOSE_BOARD_INTENT,CONDITIONAL_ON_FILL,TEMPORAL_DESCRIPTIVE,MARKET_RISK_REGIME,RISK_OFF,5,5,5,0.03663507459450598,0.04892887298747764,0.8,5,-0.09016017598087481,5,0.4,5,0.2,5,0.8,0.2,N_LT_10_NO_SHORTLIST,5,0.019083128123069743,5,0.002443399761439316,5,-0.09120714623833023
LIMIT_UP_CLOSE_BOARD_INTENT,CONDITIONAL_ON_FILL,TEMPORAL_DESCRIPTIVE,MARKET_RISK_REGIME,NEUTRAL,18,18,18,0.011513849406960014,0.04924741726575921,0.8333333333333334,18,-0.08344543631168373,18,0.5,18,0.16666666666666666,18,0.8333333333333334,0.16666666666666666,SMALL_SAMPLE_DESCRIPTIVE_ONLY,18,0.002630117854378937,18,-0.05010846471544303,18,-0.08449784550827129
LIMIT_UP_CLOSE_BOARD_INTENT,CONDITIONAL_ON_FILL,TEMPORAL_DESCRIPTIVE,MARKET_RISK_REGIME,RISK_ON,25,25,25,0.0022834925252085024,0.04934414141414142,0.76,25,0.007813075075661237,25,0.2,25,0.12,25,0.76,0.24,,25,-0.003976563326025483,25,0.014867246905881171,25,0.0066867464848499565
LIMIT_UP_CLOSE_BOARD_INTENT,CONDITIONAL_ON_FILL,TEMPORAL_DESCRIPTIVE,MARKET_RISK_REGIME,MISSING,0,0,0,,,,0,,0,,0,,0,,,N_LT_10_NO_SHORTLIST,0,,0,,0,
LIMIT_UP_CLOSE_BOARD_INTENT,CONDITIONAL_ON_FILL,TEMPORAL_DESCRIPTIVE,STYLE_REGIME,TREND_DOMINANT,15,15,15,-0.0029822371217610557,0.04909482964224872,0.7333333333333333,15,-0.020120286299538364,15,0.2,15,0.13333333333333333,15,0.7333333333333333,0.26666666666666666,SMALL_SAMPLE_DESCRIPTIVE_ONLY,15,0.011343127353689718,15,0.0009625230581757955,15,-0.0212239888676357
LIMIT_UP_CLOSE_BOARD_INTENT,CONDITIONAL_ON_FILL,TEMPORAL_DESCRIPTIVE,STYLE_REGIME,MIXED,14,14,14,-0.01455680674625146,0.04913816532673676,0.7142857142857143,14,-0.015929649715857832,14,0.2857142857142857,14,0.14285714285714285,14,0.7142857142857143,0.2857142857142857,SMALL_SAMPLE_DESCRIPTIVE_ONLY,14,-0.028572841857237713,14,0.007723123478685917,14,-0.017036746699588004
LIMIT_UP_CLOSE_BOARD_INTENT,CONDITIONAL_ON_FILL,TEMPORAL_DESCRIPTIVE,STYLE_REGIME,SHORTLINE_DOMINANT,19,19,19,0.03663372772115574,0.049214330117899246,0.8947368421052632,19,-0.06487749821621397,19,0.47368421052631576,19,0.15789473684210525,19,0.8947368421052632,0.10526315789473684,SMALL_SAMPLE_DESCRIPTIVE_ONLY,19,0.014379818659974458,19,-0.03371661936831518,19,-0.06594494744265884
LIMIT_UP_CLOSE_BOARD_INTENT,CONDITIONAL_ON_FILL,TEMPORAL_DESCRIPTIVE,STYLE_REGIME,MISSING,0,0,0,,,,0,,0,,0,,0,,,N_LT_10_NO_SHORTLIST,0,,0,,0,
