population,execution_basis,period,feature,bucket,development_cutpoints,n_events,n_securities,tp5_closed_n,tp5_net_mean,tp5_net_median,tp5_net_positive_fraction,h5_signal_n,h5_signal_mean,left_tail_h5_10_n,left_tail_h5_10_fraction,left_tail_h5_20_n,left_tail_h5_20_fraction,tp5_success_n,tp5_success_fraction,failed_rebound_tp5_fraction,sample_guardrail,time_h1_closed_n,time_h1_net_mean,time_h3_closed_n,time_h3_net_mean,time_h5_closed_n,time_h5_net_mean
NORMAL_CLOSE_INTENT,SAME_CLOSE_RESEARCH_COUNTERFACTUAL,ALL,turnover_20d_percentile,LOW,"[0.43333333333333324,0.8166666666666664]",88,81,88,-0.03343422712809304,0.048925915903113466,0.6477272727272727,88,-0.03943774600350263,88,0.4318181818181818,88,0.23863636363636365,88,0.6477272727272727,0.3522727272727273,,88,-0.004384522765163673,88,-0.01660692102487524,88,-0.0405258014292398
NORMAL_CLOSE_INTENT,SAME_CLOSE_RESEARCH_COUNTERFACTUAL,ALL,turnover_20d_percentile,MID,"[0.43333333333333324,0.8166666666666664]",74,73,74,-0.022781998826743356,0.048891262623521406,0.6081081081081081,73,-0.020143921210241823,73,0.3972602739726027,73,0.1232876712328767,74,0.6081081081081081,0.3918918918918919,,74,-0.01658164912924237,73,-0.03681150935112698,73,-0.021247604634061515
NORMAL_CLOSE_INTENT,SAME_CLOSE_RESEARCH_COUNTERFACTUAL,ALL,turnover_20d_percentile,HIGH,"[0.43333333333333324,0.8166666666666664]",80,80,79,-0.04634925764654072,0.012633475567790778,0.5063291139240507,79,-0.06816818451470612,79,0.4430379746835443,79,0.12658227848101267,79,0.4936708860759494,0.5063291139240507,,80,-0.03445182077909099,79,-0.04376047291136384,79,-0.0692329682852492
NORMAL_CLOSE_INTENT,SAME_CLOSE_RESEARCH_COUNTERFACTUAL,ALL,turnover_20d_percentile,MISSING,"[0.43333333333333324,0.8166666666666664]",0,0,0,,,,0,,0,,0,,0,,,N_LT_10_NO_SHORTLIST,0,,0,,0,
NORMAL_CLOSE_INTENT,SAME_CLOSE_RESEARCH_COUNTERFACTUAL,ALL,market_breadth_score,LOW,"[0.027474668745128605,0.06276801752558069]",89,83,89,-0.03518071869922233,0.048921088731627656,0.6067415730337079,89,-0.03591941475110407,89,0.43820224719101125,89,0.2247191011235955,89,0.6067415730337079,0.39325842696629215,,89,-0.014720340245356775,89,-0.01736373840804423,89,-0.03701032002515567
NORMAL_CLOSE_INTENT,SAME_CLOSE_RESEARCH_COUNTERFACTUAL,ALL,market_breadth_score,MID,"[0.027474668745128605,0.06276801752558069]",72,70,71,-0.028053413499219863,0.048860238688252386,0.5915492957746479,71,-0.05449191256748691,71,0.36619718309859156,71,0.09859154929577464,71,0.5774647887323944,0.4225352112676056,,72,-0.014519433734530244,71,-0.04304799313680581,71,-0.055567774118307246
NORMAL_CLOSE_INTENT,SAME_CLOSE_RESEARCH_COUNTERFACTUAL,ALL,market_breadth_score,HIGH,"[0.027474668745128605,0.06276801752558069]",81,78,81,-0.03909623372657426,0.04888216396242528,0.5679012345679012,80,-0.040757009602222935,80,0.4625,80,0.1625,81,0.5679012345679012,0.43209876543209874,,81,-0.024858224574107243,80,-0.03754932952237357,80,-0.041843996424445126
NORMAL_CLOSE_INTENT,SAME_CLOSE_RESEARCH_COUNTERFACTUAL,ALL,market_breadth_score,MISSING,"[0.027474668745128605,0.06276801752558069]",0,0,0,,,,0,,0,,0,,0,,,N_LT_10_NO_SHORTLIST,0,,0,,0,
NORMAL_CLOSE_INTENT,SAME_CLOSE_RESEARCH_COUNTERFACTUAL,ALL,prior_limit_up_next_day_median_return,LOW,"[0.007290431249761327,0.02567987567987558]",85,80,85,-0.016189564045016435,0.04892967960288808,0.6588235294117647,85,-0.014022230712805407,85,0.35294117647058826,85,0.1411764705882353,85,0.6588235294117647,0.3411764705882353,,85,-0.00552816063785063,85,-0.00345710614710514,85,-0.015130872705928026
NORMAL_CLOSE_INTENT,SAME_CLOSE_RESEARCH_COUNTERFACTUAL,ALL,prior_limit_up_next_day_median_return,MID,"[0.007290431249761327,0.02567987567987558]",86,84,85,-0.050236199218728655,0.048860238688252386,0.5411764705882353,84,-0.06825465110270663,84,0.47619047619047616,84,0.16666666666666666,85,0.5294117647058824,0.47058823529411764,,86,-0.025238378943990555,84,-0.05124865402997884,84,-0.06931936483531344
NORMAL_CLOSE_INTENT,SAME_CLOSE_RESEARCH_COUNTERFACTUAL,ALL,prior_limit_up_next_day_median_return,HIGH,"[0.007290431249761327,0.02567987567987558]",71,70,71,-0.037232132071965914,0.0488395,0.5633802816901409,71,-0.04790188971974438,71,0.4507042253521127,71,0.19718309859154928,71,0.5633802816901409,0.43661971830985913,,71,-0.02434692194119896,71,-0.04235191030699822,71,-0.04898308918907139
NORMAL_CLOSE_INTENT,SAME_CLOSE_RESEARCH_COUNTERFACTUAL,ALL,prior_limit_up_next_day_median_return,MISSING,"[0.007290431249761327,0.02567987567987558]",0,0,0,,,,0,,0,,0,,0,,,N_LT_10_NO_SHORTLIST,0,,0,,0,
NORMAL_CLOSE_INTENT,SAME_CLOSE_RESEARCH_COUNTERFACTUAL,ALL,high_position_negative_feedback_rate,LOW,"[0.1,0.24712643678160912]",72,70,72,-0.05981430883529068,-0.022354422938507493,0.4861111111111111,72,-0.0807454196838274,72,0.5555555555555556,72,0.25,72,0.4861111111111111,0.5138888888888888,,72,-0.03339083914700561,72,-0.059958469437215486,72,-0.0818000158938835
NORMAL_CLOSE_INTENT,SAME_CLOSE_RESEARCH_COUNTERFACTUAL,ALL,high_position_negative_feedback_rate,MID,"[0.1,0.24712643678160912]",64,63,64,-0.028842577282660598,0.04890191633907441,0.59375,64,-0.02598068198782906,64,0.328125,64,0.15625,64,0.59375,0.40625,,64,-0.007330484267978753,64,-0.028488131099031224,64,-0.0270796376354189
NORMAL_CLOSE_INTENT,SAME_CLOSE_RESEARCH_COUNTERFACTUAL,ALL,high_position_negative_feedback_rate,HIGH,"[0.1,0.24712643678160912]",66,63,65,-0.014459663383474078,0.048912010159651666,0.6615384615384615,65,-0.037317183269970716,65,0.36923076923076925,65,0.1076923076923077,65,0.6615384615384615,0.3384615384615385,,66,-0.020650342043221855,65,-0.013042784664637156,65,-0.03840695635152203
NORMAL_CLOSE_INTENT,SAME_CLOSE_RESEARCH_COUNTERFACTUAL,ALL,high_position_negative_feedback_rate,MISSING,"[0.1,0.24712643678160912]",40,40,40,-0.029930948809272256,0.048936240887319044,0.65,39,-0.010878556315716374,39,0.4358974358974359,39,0.1282051282051282,40,0.625,0.375,,40,-0.003320292865948275,39,-0.015838343584618084,39,-0.01198974468510065
NORMAL_CLOSE_INTENT,SAME_CLOSE_RESEARCH_COUNTERFACTUAL,ALL,high_board_advancement_rate,LOW,"[0.3962962962962963,0.5263157894736842]",96,91,95,-0.02013585041030634,0.04891187884824339,0.6210526315789474,95,-0.01131235873214678,95,0.3684210526315789,95,0.11578947368421053,95,0.6210526315789474,0.37894736842105264,,96,-0.013090469724724685,95,-0.008841108555006092,95,-0.012423195721573736
NORMAL_CLOSE_INTENT,SAME_CLOSE_RESEARCH_COUNTERFACTUAL,ALL,high_board_advancement_rate,MID,"[0.3962962962962963,0.5263157894736842]",79,77,79,-0.052369121304947155,0.0488395,0.569620253164557,79,-0.07463052991156441,79,0.4810126582278481,79,0.24050632911392406,79,0.5569620253164557,0.4430379746835443,,79,-0.01971078487341435,79,-0.05474034428271885,79,-0.07569007918233604
NORMAL_CLOSE_INTENT,SAME_CLOSE_RESEARCH_COUNTERFACTUAL,ALL,high_board_advancement_rate,HIGH,"[0.3962962962962963,0.5263157894736842]",67,67,67,-0.03342693854414904,0.04887856137607506,0.5671641791044776,66,-0.0508458868295475,66,0.4393939393939394,66,0.15151515151515152,67,0.5671641791044776,0.43283582089552236,,67,-0.023211770188840505,66,-0.03698991032967676,66,-0.051924701661215565
NORMAL_CLOSE_INTENT,SAME_CLOSE_RESEARCH_COUNTERFACTUAL,ALL,high_board_advancement_rate,MISSING,"[0.3962962962962963,0.5263157894736842]",0,0,0,,,,0,,0,,0,,0,,,N_LT_10_NO_SHORTLIST,0,,0,,0,
NORMAL_CLOSE_INTENT,SAME_CLOSE_RESEARCH_COUNTERFACTUAL,2024,turnover_20d_percentile,LOW,"[0.43333333333333324,0.8166666666666664]",18,18,18,-0.0335973392630724,0.04890293652705108,0.6111111111111112,18,-0.08579426456442861,18,0.5,18,0.2777777777777778,18,0.6111111111111112,0.3888888888888889,SMALL_SAMPLE_DESCRIPTIVE_ONLY,18,-0.0064072235496281165,18,-0.016666940694203523,18,-0.0868447712101314
NORMAL_CLOSE_INTENT,SAME_CLOSE_RESEARCH_COUNTERFACTUAL,2024,turnover_20d_percentile,MID,"[0.43333333333333324,0.8166666666666664]",24,24,24,-8.541189083701094e-05,0.049133273217042805,0.625,24,-0.01772224595000826,24,0.375,24,0.08333333333333333,24,0.625,0.375,,24,-0.006981740101488026,24,-0.03435975710251375,24,-0.018827890930788762
NORMAL_CLOSE_INTENT,SAME_CLOSE_RESEARCH_COUNTERFACTUAL,2024,turnover_20d_percentile,HIGH,"[0.43333333333333324,0.8166666666666664]",21,21,21,-0.05440739071512514,-0.08155414980628498,0.42857142857142855,21,-0.0634517163817886,21,0.5238095238095238,21,0.09523809523809523,21,0.42857142857142855,0.5714285714285714,,21,-0.04717761683972111,21,-0.04381670459793933,21,-0.06452032049151936
NORMAL_CLOSE_INTENT,SAME_CLOSE_RESEARCH_COUNTERFACTUAL,2024,turnover_20d_percentile,MISSING,"[0.43333333333333324,0.8166666666666664]",0,0,0,,,,0,,0,,0,,0,,,N_LT_10_NO_SHORTLIST,0,,0,,0,
NORMAL_CLOSE_INTENT,SAME_CLOSE_RESEARCH_COUNTERFACTUAL,2024,market_breadth_score,LOW,"[0.027474668745128605,0.06276801752558069]",18,18,18,-0.04061192607147734,0.04887887163323213,0.5555555555555556,18,-0.07165994372576913,18,0.5555555555555556,18,0.16666666666666666,18,0.5555555555555556,0.4444444444444444,SMALL_SAMPLE_DESCRIPTIVE_ONLY,18,-0.026166784931109414,18,-0.02919516129456438,18,-0.07272189917135126
NORMAL_CLOSE_INTENT,SAME_CLOSE_RESEARCH_COUNTERFACTUAL,2024,market_breadth_score,MID,"[0.027474668745128605,0.06276801752558069]",12,12,12,-0.0020753503786229473,0.04903318233412014,0.5833333333333334,12,-0.04433180150549398,12,0.4166666666666667,12,0.08333333333333333,12,0.5833333333333334,0.4166666666666667,SMALL_SAMPLE_DESCRIPTIVE_ONLY,12,-0.027395902196862568,12,-0.02840202493345297,12,-0.0454158927462745
NORMAL_CLOSE_INTENT,SAME_CLOSE_RESEARCH_COUNTERFACTUAL,2024,market_breadth_score,HIGH,"[0.027474668745128605,0.06276801752558069]",33,31,33,-0.03010419161524097,0.04902117090909091,0.5454545454545454,33,-0.044856245571142477,33,0.42424242424242425,33,0.15151515151515152,33,0.5454545454545454,0.45454545454545453,,33,-0.014359660146692174,33,-0.0357106877881553,33,-0.04593991201222986
NORMAL_CLOSE_INTENT,SAME_CLOSE_RESEARCH_COUNTERFACTUAL,2024,market_breadth_score,MISSING,"[0.027474668745128605,0.06276801752558069]",0,0,0,,,,0,,0,,0,,0,,,N_LT_10_NO_SHORTLIST,0,,0,,0,
NORMAL_CLOSE_INTENT,SAME_CLOSE_RESEARCH_COUNTERFACTUAL,2024,prior_limit_up_next_day_median_return,LOW,"[0.007290431249761327,0.02567987567987558]",14,14,14,-0.018920340619223524,0.04888652239241985,0.5714285714285714,14,-0.06367848503413039,14,0.5,14,0.14285714285714285,14,0.5714285714285714,0.42857142857142855,SMALL_SAMPLE_DESCRIPTIVE_ONLY,14,-0.023926773042702066,14,-0.022383009339820514,14,-0.06474690546125271
NORMAL_CLOSE_INTENT,SAME_CLOSE_RESEARCH_COUNTERFACTUAL,2024,prior_limit_up_next_day_median_return,MID,"[0.007290431249761327,0.02567987567987558]",18,18,18,-0.04399469022789715,0.04896659053437129,0.5555555555555556,18,-0.059445887579282534,18,0.4444444444444444,18,0.1111111111111111,18,0.5555555555555556,0.4444444444444444,SMALL_SAMPLE_DESCRIPTIVE_ONLY,18,-0.01845637515855075,18,-0.0339655094701737,18,-0.06051773641034333
NORMAL_CLOSE_INTENT,SAME_CLOSE_RESEARCH_COUNTERFACTUAL,2024,prior_limit_up_next_day_median_return,HIGH,"[0.007290431249761327,0.02567987567987558]",31,30,31,-0.022340903366507788,0.04900547840531561,0.5483870967741935,31,-0.04324490135717945,31,0.45161290322580644,31,0.16129032258064516,31,0.5483870967741935,0.45161290322580644,,31,-0.01956232788746515,31,-0.036130599944906625,31,-0.04432987298708014
NORMAL_CLOSE_INTENT,SAME_CLOSE_RESEARCH_COUNTERFACTUAL,2024,prior_limit_up_next_day_median_return,MISSING,"[0.007290431249761327,0.02567987567987558]",0,0,0,,,,0,,0,,0,,0,,,N_LT_10_NO_SHORTLIST,0,,0,,0,
NORMAL_CLOSE_INTENT,SAME_CLOSE_RESEARCH_COUNTERFACTUAL,2024,high_position_negative_feedback_rate,LOW,"[0.1,0.24712643678160912]",25,25,25,-0.03185885653283368,-0.012429074567243676,0.48,25,-0.06913675888475102,25,0.52,25,0.16,25,0.48,0.52,,25,-0.027356142688035698,25,-0.05793417290852495,25,-0.07020075811005437
NORMAL_CLOSE_INTENT,SAME_CLOSE_RESEARCH_COUNTERFACTUAL,2024,high_position_negative_feedback_rate,MID,"[0.1,0.24712643678160912]",14,14,14,-0.015020321452134739,0.04922222521884813,0.6428571428571429,14,-0.034162600467279584,14,0.35714285714285715,14,0.14285714285714285,14,0.6428571428571429,0.35714285714285715,SMALL_SAMPLE_DESCRIPTIVE_ONLY,14,-0.008395487909600747,14,-0.03735913847190607,14,-0.03525492876090106
NORMAL_CLOSE_INTENT,SAME_CLOSE_RESEARCH_COUNTERFACTUAL,2024,high_position_negative_feedback_rate,HIGH,"[0.1,0.24712643678160912]",21,21,21,-0.04243804633427695,0.0488791818903892,0.5238095238095238,21,-0.07342831754805756,21,0.47619047619047616,21,0.14285714285714285,21,0.5238095238095238,0.47619047619047616,,21,-0.027474396121810123,21,-0.0230039444749335,21,-0.07448884061084364
NORMAL_CLOSE_INTENT,SAME_CLOSE_RESEARCH_COUNTERFACTUAL,2024,high_position_negative_feedback_rate,MISSING,"[0.1,0.24712643678160912]",3,3,3,0.04953256317917496,0.049067625570776256,1.0,3,0.14885777939747488,3,0.3333333333333333,3,0.0,3,1.0,0.0,N_LT_10_NO_SHORTLIST,3,0.034926992176717846,3,0.1365583985935643,3,0.14761720459616287
NORMAL_CLOSE_INTENT,SAME_CLOSE_RESEARCH_COUNTERFACTUAL,2024,high_board_advancement_rate,LOW,"[0.3962962962962963,0.5263157894736842]",12,12,12,-0.026961916784030888,0.01594108651680775,0.5,12,-0.02524370630901135,12,0.5833333333333334,12,0.08333333333333333,12,0.5,0.5,SMALL_SAMPLE_DESCRIPTIVE_ONLY,12,-0.03157354641040681,12,-0.030034073055831306,12,-0.026343258906901038
NORMAL_CLOSE_INTENT,SAME_CLOSE_RESEARCH_COUNTERFACTUAL,2024,high_board_advancement_rate,MID,"[0.3962962962962963,0.5263157894736842]",21,21,21,-0.05659019126301236,0.048912010159651666,0.5238095238095238,21,-0.06996034271200942,21,0.47619047619047616,21,0.19047619047619047,21,0.5238095238095238,0.47619047619047616,,21,-0.017966292561924772,21,-0.03642831833630794,21,-0.07102367483441267
NORMAL_CLOSE_INTENT,SAME_CLOSE_RESEARCH_COUNTERFACTUAL,2024,high_board_advancement_rate,HIGH,"[0.3962962962962963,0.5263157894736842]",30,30,30,-0.007914005973379644,0.049049612612327015,0.6,30,-0.05100083454390467,30,0.4,30,0.13333333333333333,30,0.6,0.4,,30,-0.017248234641262006,30,-0.030646211259342564,30,-0.05207952386792412
NORMAL_CLOSE_INTENT,SAME_CLOSE_RESEARCH_COUNTERFACTUAL,2024,high_board_advancement_rate,MISSING,"[0.3962962962962963,0.5263157894736842]",0,0,0,,,,0,,0,,0,,0,,,N_LT_10_NO_SHORTLIST,0,,0,,0,
NORMAL_CLOSE_INTENT,SAME_CLOSE_RESEARCH_COUNTERFACTUAL,2025,turnover_20d_percentile,LOW,"[0.43333333333333324,0.8166666666666664]",40,37,40,-0.04145863828546306,0.048935673134777376,0.625,40,-0.05294125421680505,40,0.4,40,0.2,40,0.625,0.375,,40,-0.013559676529604159,40,-0.03714794539836299,40,-0.054018371800889455
NORMAL_CLOSE_INTENT,SAME_CLOSE_RESEARCH_COUNTERFACTUAL,2025,turnover_20d_percentile,MID,"[0.43333333333333324,0.8166666666666664]",34,33,34,-0.004409084067557172,0.04885710377026074,0.6764705882352942,34,-0.00691192575567154,34,0.3235294117647059,34,0.08823529411764706,34,0.6764705882352942,0.3235294117647059,,34,-0.01798830436162262,34,-0.022686353178526936,34,-0.008026327095809428
NORMAL_CLOSE_INTENT,SAME_CLOSE_RESEARCH_COUNTERFACTUAL,2025,turnover_20d_percentile,HIGH,"[0.43333333333333324,0.8166666666666664]",37,37,37,-0.04021001757786304,0.048860238688252386,0.5405405405405406,37,-0.060795809430608846,37,0.40540540540540543,37,0.08108108108108109,37,0.5405405405405406,0.4594594594594595,,37,-0.022137289198962674,37,-0.033789415657249314,37,-0.061866564824970036
NORMAL_CLOSE_INTENT,SAME_CLOSE_RESEARCH_COUNTERFACTUAL,2025,turnover_20d_percentile,MISSING,"[0.43333333333333324,0.8166666666666664]",0,0,0,,,,0,,0,,0,,0,,,N_LT_10_NO_SHORTLIST,0,,0,,0,
NORMAL_CLOSE_INTENT,SAME_CLOSE_RESEARCH_COUNTERFACTUAL,2025,market_breadth_score,LOW,"[0.027474668745128605,0.06276801752558069]",41,38,41,-0.0065325993282072965,0.04894166666666667,0.7073170731707317,41,-0.012097210180200149,41,0.2926829268292683,41,0.14634146341463414,41,0.7073170731707317,0.2926829268292683,,41,-0.005547155238286218,41,-0.0011599324804723635,41,-0.013207411439954183
NORMAL_CLOSE_INTENT,SAME_CLOSE_RESEARCH_COUNTERFACTUAL,2025,market_breadth_score,MID,"[0.027474668745128605,0.06276801752558069]",45,44,45,-0.044210359120252896,0.0488395,0.5555555555555556,45,-0.06901101539264712,45,0.4,45,0.13333333333333333,45,0.5555555555555556,0.4444444444444444,,45,-0.019815751936615573,45,-0.05583565282089356,45,-0.07007511647017907
NORMAL_CLOSE_INTENT,SAME_CLOSE_RESEARCH_COUNTERFACTUAL,2025,market_breadth_score,HIGH,"[0.027474668745128605,0.06276801752558069]",25,25,25,-0.04154889228914078,0.0488395,0.56,25,-0.04002477132960942,25,0.48,25,0.08,25,0.56,0.44,,25,-0.034157076316940746,25,-0.03789202378732331,25,-0.04111235126483241
NORMAL_CLOSE_INTENT,SAME_CLOSE_RESEARCH_COUNTERFACTUAL,2025,market_breadth_score,MISSING,"[0.027474668745128605,0.06276801752558069]",0,0,0,,,,0,,0,,0,,0,,,N_LT_10_NO_SHORTLIST,0,,0,,0,
NORMAL_CLOSE_INTENT,SAME_CLOSE_RESEARCH_COUNTERFACTUAL,2025,prior_limit_up_next_day_median_return,LOW,"[0.007290431249761327,0.02567987567987558]",44,41,44,-0.01727885956594336,0.04893498606909703,0.6590909090909091,44,-0.015074549704252631,44,0.29545454545454547,44,0.09090909090909091,44,0.6590909090909091,0.3409090909090909,,44,-0.006446815183551313,44,-0.004473227939935203,44,-0.016182339318992187
NORMAL_CLOSE_INTENT,SAME_CLOSE_RESEARCH_COUNTERFACTUAL,2025,prior_limit_up_next_day_median_return,MID,"[0.007290431249761327,0.02567987567987558]",40,40,40,-0.04266111295614444,0.04884986934412619,0.55,40,-0.07054150538059137,40,0.475,40,0.125,40,0.55,0.45,,40,-0.029568803798022597,40,-0.05438878141215699,40,-0.07160436676123308
NORMAL_CLOSE_INTENT,SAME_CLOSE_RESEARCH_COUNTERFACTUAL,2025,prior_limit_up_next_day_median_return,HIGH,"[0.007290431249761327,0.02567987567987558]",27,27,27,-0.030715211146263462,0.0488395,0.6296296296296297,27,-0.041376303373584854,27,0.37037037037037035,27,0.18518518518518517,27,0.6296296296296297,0.37037037037037035,,27,-0.018765077401621953,27,-0.04204033027700856,27,-0.04246278856785223
NORMAL_CLOSE_INTENT,SAME_CLOSE_RESEARCH_COUNTERFACTUAL,2025,prior_limit_up_next_day_median_return,MISSING,"[0.007290431249761327,0.02567987567987558]",0,0,0,,,,0,,0,,0,,0,,,N_LT_10_NO_SHORTLIST,0,,0,,0,
NORMAL_CLOSE_INTENT,SAME_CLOSE_RESEARCH_COUNTERFACTUAL,2025,high_position_negative_feedback_rate,LOW,"[0.1,0.24712643678160912]",29,28,29,-0.048632769738695146,0.0488695057057057,0.5862068965517241,29,-0.06484386190936764,29,0.4827586206896552,29,0.1724137931034483,29,0.5862068965517241,0.41379310344827586,,29,-0.02588200473083888,29,-0.05188186470577422,29,-0.06591133838122105
NORMAL_CLOSE_INTENT,SAME_CLOSE_RESEARCH_COUNTERFACTUAL,2025,high_position_negative_feedback_rate,MID,"[0.1,0.24712643678160912]",35,35,35,-0.02975931402018985,0.0488395,0.5714285714285714,35,-0.0394847027106696,35,0.3142857142857143,35,0.14285714285714285,35,0.5714285714285714,0.42857142857142855,,35,-0.00763036872536392,35,-0.03393473209667546,35,-0.04057272010147394
NORMAL_CLOSE_INTENT,SAME_CLOSE_RESEARCH_COUNTERFACTUAL,2025,high_position_negative_feedback_rate,HIGH,"[0.1,0.24712643678160912]",31,30,31,0.003911234065587379,0.048948344226579524,0.7419354838709677,31,-0.009073110807357752,31,0.2903225806451613,31,0.06451612903225806,31,0.7419354838709677,0.25806451612903225,,31,-0.021388936778353664,31,0.003725694353005008,31,-0.010185761587603794
NORMAL_CLOSE_INTENT,SAME_CLOSE_RESEARCH_COUNTERFACTUAL,2025,high_position_negative_feedback_rate,MISSING,"[0.1,0.24712643678160912]",16,16,16,-0.06033418643755025,-0.0067756379963063995,0.5,16,-0.06614984800152338,16,0.5,16,0.125,16,0.5,0.5,SMALL_SAMPLE_DESCRIPTIVE_ONLY,16,-0.018273189195620376,16,-0.05816681427592011,16,-0.06721626662464215
NORMAL_CLOSE_INTENT,SAME_CLOSE_RESEARCH_COUNTERFACTUAL,2025,high_board_advancement_rate,LOW,"[0.3962962962962963,0.5263157894736842]",46,44,46,-0.011608016236127942,0.048908092561393626,0.6521739130434783,46,-0.007648654809814214,46,0.30434782608695654,46,0.08695652173913043,46,0.6521739130434783,0.34782608695652173,,46,-0.011425777350197723,46,0.00012113791568971333,46,-0.008762459399418266
NORMAL_CLOSE_INTENT,SAME_CLOSE_RESEARCH_COUNTERFACTUAL,2025,high_board_advancement_rate,MID,"[0.3962962962962963,0.5263157894736842]",38,38,38,-0.045076350840749256,0.04885450285285285,0.5789473684210527,38,-0.0811281576965792,38,0.42105263157894735,38,0.21052631578947367,38,0.5789473684210527,0.42105263157894735,,38,-0.021736288266677624,38,-0.063001501101731,38,-0.08218244388884496
NORMAL_CLOSE_INTENT,SAME_CLOSE_RESEARCH_COUNTERFACTUAL,2025,high_board_advancement_rate,HIGH,"[0.3962962962962963,0.5263157894736842]",27,27,27,-0.03885759115874231,0.04887470754052149,0.5925925925925926,27,-0.04323675850281846,27,0.4444444444444444,27,0.07407407407407407,27,0.5925925925925926,0.4074074074074074,,27,-0.023018681392522573,27,-0.04144361131772624,27,-0.044321736728431156
NORMAL_CLOSE_INTENT,SAME_CLOSE_RESEARCH_COUNTERFACTUAL,2025,high_board_advancement_rate,MISSING,"[0.3962962962962963,0.5263157894736842]",0,0,0,,,,0,,0,,0,,0,,,N_LT_10_NO_SHORTLIST,0,,0,,0,
NORMAL_CLOSE_INTENT,SAME_CLOSE_RESEARCH_COUNTERFACTUAL,2026,turnover_20d_percentile,LOW,"[0.43333333333333324,0.8166666666666664]",30,28,30,-0.02263714497061205,0.049048303688682404,0.7,30,0.006380842750789525,30,0.43333333333333335,30,0.26666666666666666,30,0.7,0.3,,30,0.009062636058102308,30,0.01081712327470539,30,0.005255674268161375
NORMAL_CLOSE_INTENT,SAME_CLOSE_RESEARCH_COUNTERFACTUAL,2026,turnover_20d_percentile,MID,"[0.43333333333333324,0.8166666666666664]",16,16,16,-0.09586932309387351,-0.13125567257930965,0.4375,15,-0.054011124656974815,15,0.6,15,0.26666666666666666,16,0.4375,0.5625,SMALL_SAMPLE_DESCRIPTIVE_ONLY,16,-0.027992370302065844,15,-0.07275133360680158,15,-0.05508737564600264
NORMAL_CLOSE_INTENT,SAME_CLOSE_RESEARCH_COUNTERFACTUAL,2026,turnover_20d_percentile,HIGH,"[0.43333333333333324,0.8166666666666664]",22,22,21,-0.04910788088943601,0.012633475567790778,0.5238095238095238,21,-0.08587407541484263,21,0.42857142857142855,21,0.23809523809523808,21,0.47619047619047616,0.5238095238095238,,22,-0.043015273105978025,21,-0.061272294482037755,21,-0.0869245174137566
NORMAL_CLOSE_INTENT,SAME_CLOSE_RESEARCH_COUNTERFACTUAL,2026,turnover_20d_percentile,MISSING,"[0.43333333333333324,0.8166666666666664]",0,0,0,,,,0,,0,,0,,0,,,N_LT_10_NO_SHORTLIST,0,,0,,0,
NORMAL_CLOSE_INTENT,SAME_CLOSE_RESEARCH_COUNTERFACTUAL,2026,market_breadth_score,LOW,"[0.027474668745128605,0.06276801752558069]",30,28,30,-0.07107442408292321,-7.433604651162912e-05,0.5,30,-0.047032110279873744,30,0.5666666666666667,30,0.36666666666666664,30,0.5,0.5,,30,-0.020389159610234953,30,-0.03241008611048036,30,-0.048114014270547026
NORMAL_CLOSE_INTENT,SAME_CLOSE_RESEARCH_COUNTERFACTUAL,2026,market_breadth_score,MID,"[0.027474668745128605,0.06276801752558069]",15,15,14,0.0016127147507318297,0.04890571536382132,0.7142857142857143,14,-0.01653203439689446,14,0.21428571428571427,14,0.0,14,0.6428571428571429,0.35714285714285715,SMALL_SAMPLE_DESCRIPTIVE_ONLY,15,0.0116706956415916,14,-0.01449848832654045,14,-0.017638643449032983
NORMAL_CLOSE_INTENT,SAME_CLOSE_RESEARCH_COUNTERFACTUAL,2026,market_breadth_score,HIGH,"[0.027474668745128605,0.06276801752558069]",23,22,23,-0.0493319261443932,0.04885205579291279,0.6086956521739131,22,-0.03544024459499533,22,0.5,22,0.2727272727272727,23,0.6086956521739131,0.391304347826087,,23,-0.029813934684275054,22,-0.03991786682262172,22,-0.03653153799687339
NORMAL_CLOSE_INTENT,SAME_CLOSE_RESEARCH_COUNTERFACTUAL,2026,market_breadth_score,MISSING,"[0.027474668745128605,0.06276801752558069]",0,0,0,,,,0,,0,,0,,0,,,N_LT_10_NO_SHORTLIST,0,,0,,0,
NORMAL_CLOSE_INTENT,SAME_CLOSE_RESEARCH_COUNTERFACTUAL,2026,prior_limit_up_next_day_median_return,LOW,"[0.007290431249761327,0.02567987567987558]",27,26,27,-0.012998457565028142,0.0489321892393321,0.7037037037037037,27,0.013440346921351173,27,0.37037037037037035,27,0.2222222222222222,27,0.7037037037037037,0.2962962962962963,,27,0.00550892727617715,27,0.008012227318914785,27,0.012309460240344886
NORMAL_CLOSE_INTENT,SAME_CLOSE_RESEARCH_COUNTERFACTUAL,2026,prior_limit_up_next_day_median_return,MID,"[0.007290431249761327,0.02567987567987558]",28,26,27,-0.06561955523125962,0.012633475567790778,0.5185185185185185,26,-0.07083478849910062,26,0.5,26,0.2692307692307692,27,0.48148148148148145,0.5185185185185185,,28,-0.023411917300298932,26,-0.0583829427526468,26,-0.07189741232041634
NORMAL_CLOSE_INTENT,SAME_CLOSE_RESEARCH_COUNTERFACTUAL,2026,prior_limit_up_next_day_median_return,HIGH,"[0.007290431249761327,0.02567987567987558]",13,13,13,-0.08627712859990191,-0.09583313613445378,0.46153846153846156,13,-0.0725601566878844,13,0.6153846153846154,13,0.3076923076923077,13,0.46153846153846156,0.5384615384615384,SMALL_SAMPLE_DESCRIPTIVE_ONLY,13,-0.04734940026691643,13,-0.057834470463502874,13,-0.07362138296096724
NORMAL_CLOSE_INTENT,SAME_CLOSE_RESEARCH_COUNTERFACTUAL,2026,prior_limit_up_next_day_median_return,MISSING,"[0.007290431249761327,0.02567987567987558]",0,0,0,,,,0,,0,,0,,0,,,N_LT_10_NO_SHORTLIST,0,,0,,0,
NORMAL_CLOSE_INTENT,SAME_CLOSE_RESEARCH_COUNTERFACTUAL,2026,high_position_negative_feedback_rate,LOW,"[0.1,0.24712643678160912]",18,17,18,-0.11665602779988488,-0.14614564185761048,0.3333333333333333,18,-0.122487736096952,18,0.7222222222222222,18,0.5,18,0.3333333333333333,0.6666666666666666,SMALL_SAMPLE_DESCRIPTIVE_ONLY,18,-0.05386992856606575,18,-0.07578230001660774,18,-0.12350852103071347
NORMAL_CLOSE_INTENT,SAME_CLOSE_RESEARCH_COUNTERFACTUAL,2026,high_position_negative_feedback_rate,MID,"[0.1,0.24712643678160912]",15,15,15,-0.03960429700358315,0.04889986880718108,0.6,15,0.013165156946286031,15,0.3333333333333333,15,0.2,15,0.6,0.4,SMALL_SAMPLE_DESCRIPTIVE_ONLY,15,-0.005636750468566169,15,-0.007499788556511472,15,0.012034493169159536
NORMAL_CLOSE_INTENT,SAME_CLOSE_RESEARCH_COUNTERFACTUAL,2026,high_position_negative_feedback_rate,HIGH,"[0.1,0.24712643678160912]",14,14,13,-0.013071338687631365,0.04891187884824339,0.6923076923076923,13,-0.04633506223159977,13,0.38461538461538464,13,0.15384615384615385,13,0.6923076923076923,0.3076923076923077,SMALL_SAMPLE_DESCRIPTIVE_ONLY,14,-0.00877880115469044,13,-0.03693805339776668,13,-0.04741753083119216
NORMAL_CLOSE_INTENT,SAME_CLOSE_RESEARCH_COUNTERFACTUAL,2026,high_position_negative_feedback_rate,MISSING,"[0.1,0.24712643678160912]",21,21,21,-0.018118507567029103,0.0489321892393321,0.7142857142857143,20,0.00937802667595054,20,0.4,20,0.15,21,0.6666666666666666,0.3333333333333333,,21,0.002608492188659116,20,-0.0048350783583038315,20,0.008250430474343021
NORMAL_CLOSE_INTENT,SAME_CLOSE_RESEARCH_COUNTERFACTUAL,2026,high_board_advancement_rate,LOW,"[0.3962962962962963,0.5263157894736842]",38,37,37,-0.028524163262401255,0.0489321892393321,0.6216216216216216,37,-0.011348958989036597,37,0.3783783783783784,37,0.16216216216216217,37,0.6216216216216216,0.3783783783783784,,38,-0.009268862593147183,37,-0.013109967031819728,37,-0.012459766332255467
NORMAL_CLOSE_INTENT,SAME_CLOSE_RESEARCH_COUNTERFACTUAL,2026,high_board_advancement_rate,MID,"[0.3962962962962963,0.5263157894736842]",20,20,20,-0.06179326173095469,0.0488395,0.6,20,-0.06718873367956905,20,0.6,20,0.35,20,0.55,0.45,,20,-0.01769404535327818,20,-0.058271773570327215,20,-0.06825431080528861
NORMAL_CLOSE_INTENT,SAME_CLOSE_RESEARCH_COUNTERFACTUAL,2026,high_board_advancement_rate,HIGH,"[0.3962962962962963,0.5263157894736842]",10,10,10,-0.0953029741970554,-0.12740194838637584,0.4,9,-0.07315677942854407,9,0.5555555555555556,9,0.4444444444444444,10,0.4,0.6,SMALL_SAMPLE_DESCRIPTIVE_ONLY,10,-0.041623716581634426,9,-0.04477447093330896,9,-0.07421752243720697
NORMAL_CLOSE_INTENT,SAME_CLOSE_RESEARCH_COUNTERFACTUAL,2026,high_board_advancement_rate,MISSING,"[0.3962962962962963,0.5263157894736842]",0,0,0,,,,0,,0,,0,,0,,,N_LT_10_NO_SHORTLIST,0,,0,,0,
NORMAL_CLOSE_INTENT,SAME_CLOSE_RESEARCH_COUNTERFACTUAL,DEVELOPMENT,turnover_20d_percentile,LOW,"[0.43333333333333324,0.8166666666666664]",58,55,58,-0.03901892479575562,0.048925915903113466,0.6206896551724138,58,-0.06313701604882616,58,0.43103448275862066,58,0.22413793103448276,58,0.6206896551724138,0.3793103448275862,,58,-0.01133994974271504,58,-0.030791771524658326,58,-0.06420587506582662
NORMAL_CLOSE_INTENT,SAME_CLOSE_RESEARCH_COUNTERFACTUAL,DEVELOPMENT,turnover_20d_percentile,MID,"[0.43333333333333324,0.8166666666666664]",58,57,58,-0.002619978339259175,0.048907130730949155,0.6551724137931034,58,-0.0113851616981557,58,0.3448275862068966,58,0.08620689655172414,58,0.6551724137931034,0.3448275862068966,,58,-0.013433863978118651,58,-0.02751672721603872,58,-0.012495939717180184
NORMAL_CLOSE_INTENT,SAME_CLOSE_RESEARCH_COUNTERFACTUAL,DEVELOPMENT,turnover_20d_percentile,HIGH,"[0.43333333333333324,0.8166666666666664]",58,58,58,-0.04535044578273381,0.01716500963149079,0.5,58,-0.06175743091293255,58,0.4482758620689655,58,0.08620689655172414,58,0.5,0.5,,58,-0.031203614724064865,58,-0.03741998579094742,58,-0.06282740739389307
NORMAL_CLOSE_INTENT,SAME_CLOSE_RESEARCH_COUNTERFACTUAL,DEVELOPMENT,turnover_20d_percentile,MISSING,"[0.43333333333333324,0.8166666666666664]",0,0,0,,,,0,,0,,0,,0,,,N_LT_10_NO_SHORTLIST,0,,0,,0,
NORMAL_CLOSE_INTENT,SAME_CLOSE_RESEARCH_COUNTERFACTUAL,DEVELOPMENT,market_breadth_score,LOW,"[0.027474668745128605,0.06276801752558069]",59,55,59,-0.016929682063442225,0.04892967960288808,0.6610169491525424,59,-0.03026889160088221,59,0.3728813559322034,59,0.15254237288135594,59,0.6610169491525424,0.3389830508474576,,59,-0.011837889720842447,59,-0.00971305313561908,59,-0.031364373798685494
NORMAL_CLOSE_INTENT,SAME_CLOSE_RESEARCH_COUNTERFACTUAL,DEVELOPMENT,market_breadth_score,MID,"[0.027474668745128605,0.06276801752558069]",57,56,57,-0.03533983096412027,0.0488395,0.5614035087719298,57,-0.06381539141640435,57,0.40350877192982454,57,0.12280701754385964,57,0.5614035087719298,0.43859649122807015,,57,-0.021411573044035993,57,-0.05006015221301133,57,-0.06488370094935707
NORMAL_CLOSE_INTENT,SAME_CLOSE_RESEARCH_COUNTERFACTUAL,DEVELOPMENT,market_breadth_score,HIGH,"[0.027474668745128605,0.06276801752558069]",58,56,58,-0.03503725225054261,0.04895837828820511,0.5517241379310345,58,-0.04277371357048168,58,0.4482758620689655,58,0.1206896551724138,58,0.5517241379310345,0.4482758620689655,,58,-0.02289302918559242,58,-0.036650918822279444,58,-0.04385906686248958
NORMAL_CLOSE_INTENT,SAME_CLOSE_RESEARCH_COUNTERFACTUAL,DEVELOPMENT,market_breadth_score,MISSING,"[0.027474668745128605,0.06276801752558069]",0,0,0,,,,0,,0,,0,,0,,,N_LT_10_NO_SHORTLIST,0,,0,,0,
NORMAL_CLOSE_INTENT,SAME_CLOSE_RESEARCH_COUNTERFACTUAL,DEVELOPMENT,prior_limit_up_next_day_median_return,LOW,"[0.007290431249761327,0.02567987567987558]",58,55,58,-0.017675079130528227,0.04892538416725787,0.6379310344827587,58,-0.026806534094223126,58,0.3448275862068966,58,0.10344827586206896,58,0.6379310344827587,0.3620689655172414,,58,-0.01066611535644977,58,-0.008796278622666139,58,-0.0279048208016068
NORMAL_CLOSE_INTENT,SAME_CLOSE_RESEARCH_COUNTERFACTUAL,DEVELOPMENT,prior_limit_up_next_day_median_return,MID,"[0.007290431249761327,0.02567987567987558]",58,58,58,-0.04307498176461942,0.04886487219697905,0.5517241379310345,58,-0.06709803778708173,58,0.46551724137931033,58,0.1206896551724138,58,0.5517241379310345,0.4482758620689655,,58,-0.02612011904784168,58,-0.04805052460257598,58,-0.0681636883764742
NORMAL_CLOSE_INTENT,SAME_CLOSE_RESEARCH_COUNTERFACTUAL,DEVELOPMENT,prior_limit_up_next_day_median_return,HIGH,"[0.007290431249761327,0.02567987567987558]",58,57,58,-0.026239288022600952,0.04885710377026074,0.5862068965517241,58,-0.04237503677860955,58,0.41379310344827586,58,0.1724137931034483,58,0.5862068965517241,0.41379310344827586,,58,-0.01919119404060711,58,-0.038881681306402356,58,-0.04346071299881887
NORMAL_CLOSE_INTENT,SAME_CLOSE_RESEARCH_COUNTERFACTUAL,DEVELOPMENT,prior_limit_up_next_day_median_return,MISSING,"[0.007290431249761327,0.02567987567987558]",0,0,0,,,,0,,0,,0,,0,,,N_LT_10_NO_SHORTLIST,0,,0,,0,
NORMAL_CLOSE_INTENT,SAME_CLOSE_RESEARCH_COUNTERFACTUAL,DEVELOPMENT,high_position_negative_feedback_rate,LOW,"[0.1,0.24712643678160912]",54,53,54,-0.04086706918042595,0.04885450285285285,0.5370370370370371,54,-0.06683131421278586,54,0.5,54,0.16666666666666666,54,0.5370370370370371,0.46296296296296297,,54,-0.02656447600731889,54,-0.05468385924408473,54,-0.06789718084827351
NORMAL_CLOSE_INTENT,SAME_CLOSE_RESEARCH_COUNTERFACTUAL,DEVELOPMENT,high_position_negative_feedback_rate,MID,"[0.1,0.24712643678160912]",49,48,49,-0.025548173286459815,0.048903963870967744,0.5918367346938775,49,-0.03796410206970103,49,0.32653061224489793,49,0.14285714285714285,49,0.5918367346938775,0.40816326530612246,,49,-0.007848974206574441,49,-0.03491313391816992,49,-0.039053351147024545
NORMAL_CLOSE_INTENT,SAME_CLOSE_RESEARCH_COUNTERFACTUAL,DEVELOPMENT,high_position_negative_feedback_rate,HIGH,"[0.1,0.24712643678160912]",52,50,52,-0.014806744557434756,0.04891211570573559,0.6538461538461539,52,-0.035062713529563444,52,0.36538461538461536,52,0.09615384615384616,52,0.6538461538461539,0.34615384615384615,,52,-0.0238465261285957,52,-0.007068967481354775,52,-0.0361543127316045
NORMAL_CLOSE_INTENT,SAME_CLOSE_RESEARCH_COUNTERFACTUAL,DEVELOPMENT,high_position_negative_feedback_rate,MISSING,"[0.1,0.24712643678160912]",19,19,19,-0.04298680491911996,0.04894029253530598,0.5789473684210527,19,-0.03220127525431313,19,0.47368421052631576,19,0.10526315789473684,19,0.5789473684210527,0.42105263157894735,SMALL_SAMPLE_DESCRIPTIVE_ONLY,19,-0.009873160557882761,19,-0.027420728033369934,19,-0.03329519222135715
NORMAL_CLOSE_INTENT,SAME_CLOSE_RESEARCH_COUNTERFACTUAL,DEVELOPMENT,high_board_advancement_rate,LOW,"[0.3962962962962963,0.5263157894736842]",58,56,58,-0.014784685315004414,0.04889891338270912,0.6206896551724138,58,-0.011289010292406724,58,0.3620689655172414,58,0.08620689655172414,58,0.6206896551724138,0.3793103448275862,,58,-0.015594281293689257,58,-0.0061178712508318765,58,-0.012399866194069875
NORMAL_CLOSE_INTENT,SAME_CLOSE_RESEARCH_COUNTERFACTUAL,DEVELOPMENT,high_board_advancement_rate,MID,"[0.3962962962962963,0.5263157894736842]",59,57,59,-0.04917449743172426,0.0488695057057057,0.559322033898305,59,-0.07715317270207131,59,0.4406779661016949,59,0.2033898305084746,59,0.559322033898305,0.4406779661016949,,59,-0.020394425388714745,59,-0.053543249608953306,59,-0.07821067863218262
NORMAL_CLOSE_INTENT,SAME_CLOSE_RESEARCH_COUNTERFACTUAL,DEVELOPMENT,high_board_advancement_rate,HIGH,"[0.3962962962962963,0.5263157894736842]",57,57,57,-0.022571493692761957,0.04900547840531561,0.5964912280701754,57,-0.04732311431391647,57,0.42105263157894735,57,0.10526315789473684,57,0.5964912280701754,0.40350877192982454,,57,-0.019981604155017013,57,-0.03576076918173483,57,-0.04840478259132219
NORMAL_CLOSE_INTENT,SAME_CLOSE_RESEARCH_COUNTERFACTUAL,DEVELOPMENT,high_board_advancement_rate,MISSING,"[0.3962962962962963,0.5263157894736842]",0,0,0,,,,0,,0,,0,,0,,,N_LT_10_NO_SHORTLIST,0,,0,,0,
NORMAL_CLOSE_INTENT,SAME_CLOSE_RESEARCH_COUNTERFACTUAL,TEMPORAL_DESCRIPTIVE,turnover_20d_percentile,LOW,"[0.43333333333333324,0.8166666666666664]",30,28,30,-0.02263714497061205,0.049048303688682404,0.7,30,0.006380842750789525,30,0.43333333333333335,30,0.26666666666666666,30,0.7,0.3,,30,0.009062636058102308,30,0.01081712327470539,30,0.005255674268161375
NORMAL_CLOSE_INTENT,SAME_CLOSE_RESEARCH_COUNTERFACTUAL,TEMPORAL_DESCRIPTIVE,turnover_20d_percentile,MID,"[0.43333333333333324,0.8166666666666664]",16,16,16,-0.09586932309387351,-0.13125567257930965,0.4375,15,-0.054011124656974815,15,0.6,15,0.26666666666666666,16,0.4375,0.5625,SMALL_SAMPLE_DESCRIPTIVE_ONLY,16,-0.027992370302065844,15,-0.07275133360680158,15,-0.05508737564600264
NORMAL_CLOSE_INTENT,SAME_CLOSE_RESEARCH_COUNTERFACTUAL,TEMPORAL_DESCRIPTIVE,turnover_20d_percentile,HIGH,"[0.43333333333333324,0.8166666666666664]",22,22,21,-0.04910788088943601,0.012633475567790778,0.5238095238095238,21,-0.08587407541484263,21,0.42857142857142855,21,0.23809523809523808,21,0.47619047619047616,0.5238095238095238,,22,-0.043015273105978025,21,-0.061272294482037755,21,-0.0869245174137566
NORMAL_CLOSE_INTENT,SAME_CLOSE_RESEARCH_COUNTERFACTUAL,TEMPORAL_DESCRIPTIVE,turnover_20d_percentile,MISSING,"[0.43333333333333324,0.8166666666666664]",0,0,0,,,,0,,0,,0,,0,,,N_LT_10_NO_SHORTLIST,0,,0,,0,
NORMAL_CLOSE_INTENT,SAME_CLOSE_RESEARCH_COUNTERFACTUAL,TEMPORAL_DESCRIPTIVE,market_breadth_score,LOW,"[0.027474668745128605,0.06276801752558069]",30,28,30,-0.07107442408292321,-7.433604651162912e-05,0.5,30,-0.047032110279873744,30,0.5666666666666667,30,0.36666666666666664,30,0.5,0.5,,30,-0.020389159610234953,30,-0.03241008611048036,30,-0.048114014270547026
NORMAL_CLOSE_INTENT,SAME_CLOSE_RESEARCH_COUNTERFACTUAL,TEMPORAL_DESCRIPTIVE,market_breadth_score,MID,"[0.027474668745128605,0.06276801752558069]",15,15,14,0.0016127147507318297,0.04890571536382132,0.7142857142857143,14,-0.01653203439689446,14,0.21428571428571427,14,0.0,14,0.6428571428571429,0.35714285714285715,SMALL_SAMPLE_DESCRIPTIVE_ONLY,15,0.0116706956415916,14,-0.01449848832654045,14,-0.017638643449032983
NORMAL_CLOSE_INTENT,SAME_CLOSE_RESEARCH_COUNTERFACTUAL,TEMPORAL_DESCRIPTIVE,market_breadth_score,HIGH,"[0.027474668745128605,0.06276801752558069]",23,22,23,-0.0493319261443932,0.04885205579291279,0.6086956521739131,22,-0.03544024459499533,22,0.5,22,0.2727272727272727,23,0.6086956521739131,0.391304347826087,,23,-0.029813934684275054,22,-0.03991786682262172,22,-0.03653153799687339
NORMAL_CLOSE_INTENT,SAME_CLOSE_RESEARCH_COUNTERFACTUAL,TEMPORAL_DESCRIPTIVE,market_breadth_score,MISSING,"[0.027474668745128605,0.06276801752558069]",0,0,0,,,,0,,0,,0,,0,,,N_LT_10_NO_SHORTLIST,0,,0,,0,
NORMAL_CLOSE_INTENT,SAME_CLOSE_RESEARCH_COUNTERFACTUAL,TEMPORAL_DESCRIPTIVE,prior_limit_up_next_day_median_return,LOW,"[0.007290431249761327,0.02567987567987558]",27,26,27,-0.012998457565028142,0.0489321892393321,0.7037037037037037,27,0.013440346921351173,27,0.37037037037037035,27,0.2222222222222222,27,0.7037037037037037,0.2962962962962963,,27,0.00550892727617715,27,0.008012227318914785,27,0.012309460240344886
NORMAL_CLOSE_INTENT,SAME_CLOSE_RESEARCH_COUNTERFACTUAL,TEMPORAL_DESCRIPTIVE,prior_limit_up_next_day_median_return,MID,"[0.007290431249761327,0.02567987567987558]",28,26,27,-0.06561955523125962,0.012633475567790778,0.5185185185185185,26,-0.07083478849910062,26,0.5,26,0.2692307692307692,27,0.48148148148148145,0.5185185185185185,,28,-0.023411917300298932,26,-0.0583829427526468,26,-0.07189741232041634
NORMAL_CLOSE_INTENT,SAME_CLOSE_RESEARCH_COUNTERFACTUAL,TEMPORAL_DESCRIPTIVE,prior_limit_up_next_day_median_return,HIGH,"[0.007290431249761327,0.02567987567987558]",13,13,13,-0.08627712859990191,-0.09583313613445378,0.46153846153846156,13,-0.0725601566878844,13,0.6153846153846154,13,0.3076923076923077,13,0.46153846153846156,0.5384615384615384,SMALL_SAMPLE_DESCRIPTIVE_ONLY,13,-0.04734940026691643,13,-0.057834470463502874,13,-0.07362138296096724
NORMAL_CLOSE_INTENT,SAME_CLOSE_RESEARCH_COUNTERFACTUAL,TEMPORAL_DESCRIPTIVE,prior_limit_up_next_day_median_return,MISSING,"[0.007290431249761327,0.02567987567987558]",0,0,0,,,,0,,0,,0,,0,,,N_LT_10_NO_SHORTLIST,0,,0,,0,
NORMAL_CLOSE_INTENT,SAME_CLOSE_RESEARCH_COUNTERFACTUAL,TEMPORAL_DESCRIPTIVE,high_position_negative_feedback_rate,LOW,"[0.1,0.24712643678160912]",18,17,18,-0.11665602779988488,-0.14614564185761048,0.3333333333333333,18,-0.122487736096952,18,0.7222222222222222,18,0.5,18,0.3333333333333333,0.6666666666666666,SMALL_SAMPLE_DESCRIPTIVE_ONLY,18,-0.05386992856606575,18,-0.07578230001660774,18,-0.12350852103071347
NORMAL_CLOSE_INTENT,SAME_CLOSE_RESEARCH_COUNTERFACTUAL,TEMPORAL_DESCRIPTIVE,high_position_negative_feedback_rate,MID,"[0.1,0.24712643678160912]",15,15,15,-0.03960429700358315,0.04889986880718108,0.6,15,0.013165156946286031,15,0.3333333333333333,15,0.2,15,0.6,0.4,SMALL_SAMPLE_DESCRIPTIVE_ONLY,15,-0.005636750468566169,15,-0.007499788556511472,15,0.012034493169159536
NORMAL_CLOSE_INTENT,SAME_CLOSE_RESEARCH_COUNTERFACTUAL,TEMPORAL_DESCRIPTIVE,high_position_negative_feedback_rate,HIGH,"[0.1,0.24712643678160912]",14,14,13,-0.013071338687631365,0.04891187884824339,0.6923076923076923,13,-0.04633506223159977,13,0.38461538461538464,13,0.15384615384615385,13,0.6923076923076923,0.3076923076923077,SMALL_SAMPLE_DESCRIPTIVE_ONLY,14,-0.00877880115469044,13,-0.03693805339776668,13,-0.04741753083119216
NORMAL_CLOSE_INTENT,SAME_CLOSE_RESEARCH_COUNTERFACTUAL,TEMPORAL_DESCRIPTIVE,high_position_negative_feedback_rate,MISSING,"[0.1,0.24712643678160912]",21,21,21,-0.018118507567029103,0.0489321892393321,0.7142857142857143,20,0.00937802667595054,20,0.4,20,0.15,21,0.6666666666666666,0.3333333333333333,,21,0.002608492188659116,20,-0.0048350783583038315,20,0.008250430474343021
NORMAL_CLOSE_INTENT,SAME_CLOSE_RESEARCH_COUNTERFACTUAL,TEMPORAL_DESCRIPTIVE,high_board_advancement_rate,LOW,"[0.3962962962962963,0.5263157894736842]",38,37,37,-0.028524163262401255,0.0489321892393321,0.6216216216216216,37,-0.011348958989036597,37,0.3783783783783784,37,0.16216216216216217,37,0.6216216216216216,0.3783783783783784,,38,-0.009268862593147183,37,-0.013109967031819728,37,-0.012459766332255467
NORMAL_CLOSE_INTENT,SAME_CLOSE_RESEARCH_COUNTERFACTUAL,TEMPORAL_DESCRIPTIVE,high_board_advancement_rate,MID,"[0.3962962962962963,0.5263157894736842]",20,20,20,-0.06179326173095469,0.0488395,0.6,20,-0.06718873367956905,20,0.6,20,0.35,20,0.55,0.45,,20,-0.01769404535327818,20,-0.058271773570327215,20,-0.06825431080528861
NORMAL_CLOSE_INTENT,SAME_CLOSE_RESEARCH_COUNTERFACTUAL,TEMPORAL_DESCRIPTIVE,high_board_advancement_rate,HIGH,"[0.3962962962962963,0.5263157894736842]",10,10,10,-0.0953029741970554,-0.12740194838637584,0.4,9,-0.07315677942854407,9,0.5555555555555556,9,0.4444444444444444,10,0.4,0.6,SMALL_SAMPLE_DESCRIPTIVE_ONLY,10,-0.041623716581634426,9,-0.04477447093330896,9,-0.07421752243720697
NORMAL_CLOSE_INTENT,SAME_CLOSE_RESEARCH_COUNTERFACTUAL,TEMPORAL_DESCRIPTIVE,high_board_advancement_rate,MISSING,"[0.3962962962962963,0.5263157894736842]",0,0,0,,,,0,,0,,0,,0,,,N_LT_10_NO_SHORTLIST,0,,0,,0,
LIMIT_UP_CLOSE_BOARD_INTENT,CONDITIONAL_ON_FILL,ALL,turnover_20d_percentile,LOW,"[0.43333333333333324,0.8166666666666664]",115,107,115,-0.006064052289736329,0.04907854066985646,0.7304347826086957,115,-0.04653300943171658,115,0.4608695652173913,115,0.25217391304347825,115,0.7304347826086957,0.26956521739130435,,115,-0.0027475248775336897,115,-0.031123235928036973,115,-0.05207154541371151
LIMIT_UP_CLOSE_BOARD_INTENT,CONDITIONAL_ON_FILL,ALL,turnover_20d_percentile,MID,"[0.43333333333333324,0.8166666666666664]",79,75,79,0.03762583477079926,0.04953602027883397,0.8860759493670886,79,-0.0004036128618392987,79,0.34177215189873417,79,0.1518987341772152,79,0.8860759493670886,0.11392405063291139,,79,0.011722776376625213,79,-0.006488706596827885,79,-0.0015232859354212254
LIMIT_UP_CLOSE_BOARD_INTENT,CONDITIONAL_ON_FILL,ALL,turnover_20d_percentile,HIGH,"[0.43333333333333324,0.8166666666666664]",69,65,69,-0.010758788122274892,0.04916391233766234,0.7536231884057971,69,-0.05524207801830948,69,0.4782608695652174,69,0.2318840579710145,69,0.7536231884057971,0.2463768115942029,,69,0.002078817148776589,69,-0.03750257630193506,69,-0.05631733193511465
LIMIT_UP_CLOSE_BOARD_INTENT,CONDITIONAL_ON_FILL,ALL,turnover_20d_percentile,MISSING,"[0.43333333333333324,0.8166666666666664]",0,0,0,,,,0,,0,,0,,0,,,N_LT_10_NO_SHORTLIST,0,,0,,0,
LIMIT_UP_CLOSE_BOARD_INTENT,CONDITIONAL_ON_FILL,ALL,market_breadth_score,LOW,"[0.027474668745128605,0.06276801752558069]",79,74,79,0.009260829507308097,0.0491957174688057,0.7974683544303798,79,-0.03860122707037032,79,0.4430379746835443,79,0.21518987341772153,79,0.7974683544303798,0.20253164556962025,,79,-0.00794976533267857,79,-0.03603682635133241,79,-0.03968996007644334
LIMIT_UP_CLOSE_BOARD_INTENT,CONDITIONAL_ON_FILL,ALL,market_breadth_score,MID,"[0.027474668745128605,0.06276801752558069]",80,78,80,0.009148089966497464,0.049136026996956565,0.8125,80,0.009641889036418352,80,0.3625,80,0.175,80,0.8125,0.1875,,80,0.010864239126189293,80,-0.005029664536612368,80,0.007168339053481953
LIMIT_UP_CLOSE_BOARD_INTENT,CONDITIONAL_ON_FILL,ALL,market_breadth_score,HIGH,"[0.027474668745128605,0.06276801752558069]",104,101,104,0.0006660175455707617,0.049256693151691476,0.75,104,-0.06650710642644499,104,0.47115384615384615,104,0.25,104,0.75,0.25,,104,0.0049275450700871715,104,-0.03298245454829735,104,-0.07146561051189947
LIMIT_UP_CLOSE_BOARD_INTENT,CONDITIONAL_ON_FILL,ALL,market_breadth_score,MISSING,"[0.027474668745128605,0.06276801752558069]",0,0,0,,,,0,,0,,0,,0,,,N_LT_10_NO_SHORTLIST,0,,0,,0,
LIMIT_UP_CLOSE_BOARD_INTENT,CONDITIONAL_ON_FILL,ALL,prior_limit_up_next_day_median_return,LOW,"[0.007290431249761327,0.02567987567987558]",89,86,89,0.006309741609029053,0.04910858168761221,0.797752808988764,89,-0.03215378303134732,89,0.4157303370786517,89,0.20224719101123595,89,0.797752808988764,0.20224719101123595,,89,0.007642571344956121,89,-0.021255693640589022,89,-0.03324773846709193
LIMIT_UP_CLOSE_BOARD_INTENT,CONDITIONAL_ON_FILL,ALL,prior_limit_up_next_day_median_return,MID,"[0.007290431249761327,0.02567987567987558]",79,77,79,0.031812275015107624,0.04934414141414142,0.8481012658227848,79,-0.0028790963173918357,79,0.35443037974683544,79,0.1518987341772152,79,0.8481012658227848,0.1518987341772152,,79,0.0003283909462235274,79,-0.0019204551420483708,79,-0.010483678018463142
LIMIT_UP_CLOSE_BOARD_INTENT,CONDITIONAL_ON_FILL,ALL,prior_limit_up_next_day_median_return,HIGH,"[0.007290431249761327,0.02567987567987558]",95,90,95,-0.016231770276427283,0.04914725872689939,0.7157894736842105,95,-0.06427104826454946,95,0.5052631578947369,95,0.28421052631578947,95,0.7157894736842105,0.28421052631578947,,95,0.0004993749647352506,95,-0.0487998423944519,95,-0.06533898871545518
LIMIT_UP_CLOSE_BOARD_INTENT,CONDITIONAL_ON_FILL,ALL,prior_limit_up_next_day_median_return,MISSING,"[0.007290431249761327,0.02567987567987558]",0,0,0,,,,0,,0,,0,,0,,,N_LT_10_NO_SHORTLIST,0,,0,,0,
LIMIT_UP_CLOSE_BOARD_INTENT,CONDITIONAL_ON_FILL,ALL,high_position_negative_feedback_rate,LOW,"[0.1,0.24712643678160912]",71,69,71,0.015005469410804096,0.04920476035743298,0.8169014084507042,71,-0.043616097523619814,71,0.4084507042253521,71,0.23943661971830985,71,0.8169014084507042,0.18309859154929578,,71,-0.0039914331864617045,71,-0.037968181148246995,71,-0.04470076848462569
LIMIT_UP_CLOSE_BOARD_INTENT,CONDITIONAL_ON_FILL,ALL,high_position_negative_feedback_rate,MID,"[0.1,0.24712643678160912]",74,72,74,0.004307754244477988,0.04915558553228086,0.7837837837837838,74,0.016748096562508495,74,0.3918918918918919,74,0.1891891891891892,74,0.7837837837837838,0.21621621621621623,,74,0.0022268095403824074,74,-0.002653203428088763,74,0.014159676493139444
LIMIT_UP_CLOSE_BOARD_INTENT,CONDITIONAL_ON_FILL,ALL,high_position_negative_feedback_rate,HIGH,"[0.1,0.24712643678160912]",75,75,75,-0.003482721485340247,0.04914937973811165,0.76,75,-0.0746306154646881,75,0.52,75,0.28,75,0.76,0.24,,75,0.007690806429278343,75,-0.037904001712582396,75,-0.08108759111326343
LIMIT_UP_CLOSE_BOARD_INTENT,CONDITIONAL_ON_FILL,ALL,high_position_negative_feedback_rate,MISSING,"[0.1,0.24712643678160912]",43,42,43,0.009529314471594242,0.04927047113470471,0.7674418604651163,43,-0.040469882455653035,43,0.37209302325581395,43,0.11627906976744186,43,0.7674418604651163,0.23255813953488372,,43,0.006869063352493239,43,-0.021966969164171853,43,-0.04155710185086395
LIMIT_UP_CLOSE_BOARD_INTENT,CONDITIONAL_ON_FILL,ALL,high_board_advancement_rate,LOW,"[0.3962962962962963,0.5263157894736842]",96,94,96,0.009559827498852857,0.0491381889036042,0.7916666666666666,96,-0.008652016643568792,96,0.34375,96,0.125,96,0.7916666666666666,0.20833333333333334,,96,0.012529980011074804,96,0.002509945601773981,96,-0.0097650085100875
LIMIT_UP_CLOSE_BOARD_INTENT,CONDITIONAL_ON_FILL,ALL,high_board_advancement_rate,MID,"[0.3962962962962963,0.5263157894736842]",88,83,88,0.010858654814477202,0.049212797571828844,0.8068181818181818,88,-0.03403005335217621,88,0.4318181818181818,88,0.23863636363636365,88,0.8068181818181818,0.19318181818181818,,88,-0.0019148991980802255,88,-0.03245403399521006,88,-0.0397225683672863
LIMIT_UP_CLOSE_BOARD_INTENT,CONDITIONAL_ON_FILL,ALL,high_board_advancement_rate,HIGH,"[0.3962962962962963,0.5263157894736842]",79,76,79,-0.004311221650979396,0.04928050441361917,0.7468354430379747,79,-0.06797021001546778,79,0.5316455696202531,79,0.3037974683544304,79,0.7468354430379747,0.25316455696202533,,79,-0.00355436196872809,79,-0.051448829163278365,79,-0.07039792888238502
LIMIT_UP_CLOSE_BOARD_INTENT,CONDITIONAL_ON_FILL,ALL,high_board_advancement_rate,MISSING,"[0.3962962962962963,0.5263157894736842]",0,0,0,,,,0,,0,,0,,0,,,N_LT_10_NO_SHORTLIST,0,,0,,0,
LIMIT_UP_CLOSE_BOARD_INTENT,CONDITIONAL_ON_FILL,2024,turnover_20d_percentile,LOW,"[0.43333333333333324,0.8166666666666664]",37,35,37,-0.021226683657643467,0.04915816442239546,0.7297297297297297,37,-0.018749588968768587,37,0.5135135135135135,37,0.3783783783783784,37,0.7297297297297297,0.2702702702702703,,37,0.010534859462170873,37,-0.010665420095369528,37,-0.030795131086369543
LIMIT_UP_CLOSE_BOARD_INTENT,CONDITIONAL_ON_FILL,2024,turnover_20d_percentile,MID,"[0.43333333333333324,0.8166666666666664]",30,27,30,0.04579872253957547,0.049930330641433505,0.9333333333333333,30,0.016155998955038216,30,0.5,30,0.2,30,0.9333333333333333,0.06666666666666667,,30,0.041518230327716225,30,0.0051863473844616925,30,0.015022912595884619
LIMIT_UP_CLOSE_BOARD_INTENT,CONDITIONAL_ON_FILL,2024,turnover_20d_percentile,HIGH,"[0.43333333333333324,0.8166666666666664]",25,25,25,-0.01781865373299769,0.04934414141414142,0.72,25,-0.0875331900276518,25,0.68,25,0.36,25,0.72,0.28,,25,-0.0031037660696621584,25,-0.05214920569195138,25,-0.0885822881437294
LIMIT_UP_CLOSE_BOARD_INTENT,CONDITIONAL_ON_FILL,2024,turnover_20d_percentile,MISSING,"[0.43333333333333324,0.8166666666666664]",0,0,0,,,,0,,0,,0,,0,,,N_LT_10_NO_SHORTLIST,0,,0,,0,
LIMIT_UP_CLOSE_BOARD_INTENT,CONDITIONAL_ON_FILL,2024,market_breadth_score,LOW,"[0.027474668745128605,0.06276801752558069]",23,21,23,0.004507250246240581,0.04953602027883397,0.8260869565217391,23,0.019026004296412314,23,0.5217391304347826,23,0.2608695652173913,23,0.8260869565217391,0.17391304347826086,,23,0.0021497392573653624,23,-0.007042895048182128,23,0.017890593232932215
LIMIT_UP_CLOSE_BOARD_INTENT,CONDITIONAL_ON_FILL,2024,market_breadth_score,MID,"[0.027474668745128605,0.06276801752558069]",15,15,15,0.006184586514904428,0.04915816442239546,0.8,15,0.1420281268160514,15,0.4,15,0.26666666666666666,15,0.8,0.2,SMALL_SAMPLE_DESCRIPTIVE_ONLY,15,0.04016377910524929,15,0.0582818941632554,15,0.1407930840333304
LIMIT_UP_CLOSE_BOARD_INTENT,CONDITIONAL_ON_FILL,2024,market_breadth_score,HIGH,"[0.027474668745128605,0.06276801752558069]",54,54,54,-0.0009875465899553014,0.04928465058527975,0.7777777777777778,54,-0.09195193657301556,54,0.6111111111111112,54,0.35185185185185186,54,0.7777777777777778,0.2222222222222222,,54,0.016774849420224305,54,-0.04175929797470831,54,-0.10049388112536604
LIMIT_UP_CLOSE_BOARD_INTENT,CONDITIONAL_ON_FILL,2024,market_breadth_score,MISSING,"[0.027474668745128605,0.06276801752558069]",0,0,0,,,,0,,0,,0,,0,,,N_LT_10_NO_SHORTLIST,0,,0,,0,
LIMIT_UP_CLOSE_BOARD_INTENT,CONDITIONAL_ON_FILL,2024,prior_limit_up_next_day_median_return,LOW,"[0.007290431249761327,0.02567987567987558]",23,23,23,0.007410588089860441,0.04961150110375276,0.8260869565217391,23,0.02239286573291514,23,0.5217391304347826,23,0.2608695652173913,23,0.8260869565217391,0.17391304347826086,,23,0.02078473961892703,23,0.015708002818723584,23,0.021254727511671477
LIMIT_UP_CLOSE_BOARD_INTENT,CONDITIONAL_ON_FILL,2024,prior_limit_up_next_day_median_return,MID,"[0.007290431249761327,0.02567987567987558]",24,23,24,0.05543738824426511,0.049488720982790474,0.9583333333333334,24,0.035602709323447244,24,0.4166666666666667,24,0.16666666666666666,24,0.9583333333333334,0.041666666666666664,,24,0.04444570427272538,24,0.03865348755909573,24,0.017586913481702354
LIMIT_UP_CLOSE_BOARD_INTENT,CONDITIONAL_ON_FILL,2024,prior_limit_up_next_day_median_return,HIGH,"[0.007290431249761327,0.02567987567987558]",45,43,45,-0.030174062364436427,0.04912737558931378,0.6888888888888889,45,-0.08370856687787484,45,0.6444444444444445,45,0.4222222222222222,45,0.6888888888888889,0.3111111111111111,,45,0.00028881432021165,45,-0.06292728956761214,45,-0.08476076293870377
LIMIT_UP_CLOSE_BOARD_INTENT,CONDITIONAL_ON_FILL,2024,prior_limit_up_next_day_median_return,MISSING,"[0.007290431249761327,0.02567987567987558]",0,0,0,,,,0,,0,,0,,0,,,N_LT_10_NO_SHORTLIST,0,,0,,0,
LIMIT_UP_CLOSE_BOARD_INTENT,CONDITIONAL_ON_FILL,2024,high_position_negative_feedback_rate,LOW,"[0.1,0.24712643678160912]",24,24,24,-0.005420112997974608,0.049231897435054746,0.75,24,-0.09059230106718179,24,0.6666666666666666,24,0.4166666666666667,24,0.75,0.25,,24,0.01358038500261391,24,-0.077387686941037,24,-0.09163892130331737
LIMIT_UP_CLOSE_BOARD_INTENT,CONDITIONAL_ON_FILL,2024,high_position_negative_feedback_rate,MID,"[0.1,0.24712643678160912]",26,26,26,0.010862549033691668,0.04952861442791601,0.8461538461538461,26,0.10696961947033141,26,0.4230769230769231,26,0.19230769230769232,26,0.8461538461538461,0.15384615384615385,,26,0.019552320775905293,26,0.05767700121381742,26,0.10576297407856045
LIMIT_UP_CLOSE_BOARD_INTENT,CONDITIONAL_ON_FILL,2024,high_position_negative_feedback_rate,HIGH,"[0.1,0.24712643678160912]",37,37,37,0.009826769404568806,0.049402884685340126,0.8108108108108109,37,-0.05923668917717721,37,0.5675675675675675,37,0.32432432432432434,37,0.8108108108108109,0.1891891891891892,,37,0.02627078256613227,37,-0.013063601391220583,37,-0.07124943674360937
LIMIT_UP_CLOSE_BOARD_INTENT,CONDITIONAL_ON_FILL,2024,high_position_negative_feedback_rate,MISSING,"[0.1,0.24712643678160912]",5,4,5,-0.07456519867282503,0.05012051282051282,0.6,5,-0.16252439098905658,5,0.6,5,0.4,5,0.6,0.4,N_LT_10_NO_SHORTLIST,5,-0.049713195398582044,5,-0.14034091155856193,5,-0.16351274623235543
LIMIT_UP_CLOSE_BOARD_INTENT,CONDITIONAL_ON_FILL,2024,high_board_advancement_rate,LOW,"[0.3962962962962963,0.5263157894736842]",19,19,19,0.017137113943312902,0.04942725882352941,0.8421052631578947,19,0.015703680757217398,19,0.47368421052631576,19,0.21052631578947367,19,0.8421052631578947,0.15789473684210525,SMALL_SAMPLE_DESCRIPTIVE_ONLY,19,0.04208701384131679,19,0.01877883346763867,19,0.014570960775804059
LIMIT_UP_CLOSE_BOARD_INTENT,CONDITIONAL_ON_FILL,2024,high_board_advancement_rate,MID,"[0.3962962962962963,0.5263157894736842]",35,32,35,0.02711972784192029,0.04953602027883397,0.8857142857142857,35,0.004272974776874923,35,0.4857142857142857,35,0.22857142857142856,35,0.8857142857142857,0.11428571428571428,,35,0.022557620996434758,35,0.01805409571575088,35,-0.008416400147912343
LIMIT_UP_CLOSE_BOARD_INTENT,CONDITIONAL_ON_FILL,2024,high_board_advancement_rate,HIGH,"[0.3962962962962963,0.5263157894736842]",38,36,38,-0.029781252680543206,0.04913731715810658,0.6842105263157895,38,-0.07487654277532471,38,0.6578947368421053,38,0.4473684210526316,38,0.6842105263157895,0.3157894736842105,,38,-0.0008270378860521149,38,-0.06661714342710584,38,-0.0759358927756767
LIMIT_UP_CLOSE_BOARD_INTENT,CONDITIONAL_ON_FILL,2024,high_board_advancement_rate,MISSING,"[0.3962962962962963,0.5263157894736842]",0,0,0,,,,0,,0,,0,,0,,,N_LT_10_NO_SHORTLIST,0,,0,,0,
LIMIT_UP_CLOSE_BOARD_INTENT,CONDITIONAL_ON_FILL,2025,turnover_20d_percentile,LOW,"[0.43333333333333324,0.8166666666666664]",57,52,57,-0.008255058198311079,0.04900014147909968,0.7017543859649122,57,-0.05695344001949018,57,0.45614035087719296,57,0.21052631578947367,57,0.7017543859649122,0.2982456140350877,,57,-0.014738648583743921,57,-0.04786900380948741,57,-0.05991606570194022
LIMIT_UP_CLOSE_BOARD_INTENT,CONDITIONAL_ON_FILL,2025,turnover_20d_percentile,MID,"[0.43333333333333324,0.8166666666666664]",39,39,39,0.036186847784974635,0.049198920863309355,0.8717948717948718,39,-0.018790383377342346,39,0.2564102564102564,39,0.1282051282051282,39,0.8717948717948718,0.1282051282051282,,39,-0.012004887477965992,39,-0.013183591748556468,39,-0.019895163166806718
LIMIT_UP_CLOSE_BOARD_INTENT,CONDITIONAL_ON_FILL,2025,turnover_20d_percentile,HIGH,"[0.43333333333333324,0.8166666666666664]",27,25,27,4.9992365506678924e-05,0.04910858168761221,0.7777777777777778,27,-0.03929027483929768,27,0.37037037037037035,27,0.14814814814814814,27,0.7777777777777778,0.2222222222222222,,27,0.017065914814181175,27,-0.050961109802049424,27,-0.04037844971667788
LIMIT_UP_CLOSE_BOARD_INTENT,CONDITIONAL_ON_FILL,2025,turnover_20d_percentile,MISSING,"[0.43333333333333324,0.8166666666666664]",0,0,0,,,,0,,0,,0,,0,,,N_LT_10_NO_SHORTLIST,0,,0,,0,
LIMIT_UP_CLOSE_BOARD_INTENT,CONDITIONAL_ON_FILL,2025,market_breadth_score,LOW,"[0.027474668745128605,0.06276801752558069]",40,38,40,0.006135525303048914,0.04909857201090588,0.75,40,-0.06767057139080128,40,0.425,40,0.225,40,0.75,0.25,,40,-0.01239433376336019,40,-0.0566854907496541,40,-0.06873575822797476
LIMIT_UP_CLOSE_BOARD_INTENT,CONDITIONAL_ON_FILL,2025,market_breadth_score,MID,"[0.027474668745128605,0.06276801752558069]",60,58,60,0.005666278418087761,0.04909230653664739,0.8,60,-0.02390327586973983,60,0.36666666666666664,60,0.15,60,0.8,0.2,,60,-0.0027178245815254565,60,-0.024522330738085366,60,-0.026798234286707877
LIMIT_UP_CLOSE_BOARD_INTENT,CONDITIONAL_ON_FILL,2025,market_breadth_score,HIGH,"[0.027474668745128605,0.06276801752558069]",23,23,23,0.015508731433553797,0.04934414141414142,0.7391304347826086,23,-0.039086480246603834,23,0.30434782608695654,23,0.13043478260869565,23,0.7391304347826086,0.2608695652173913,,23,-0.0082030893697935,23,-0.038255816770371,23,-0.040174820197604086
LIMIT_UP_CLOSE_BOARD_INTENT,CONDITIONAL_ON_FILL,2025,market_breadth_score,MISSING,"[0.027474668745128605,0.06276801752558069]",0,0,0,,,,0,,0,,0,,0,,,N_LT_10_NO_SHORTLIST,0,,0,,0,
LIMIT_UP_CLOSE_BOARD_INTENT,CONDITIONAL_ON_FILL,2025,prior_limit_up_next_day_median_return,LOW,"[0.007290431249761327,0.02567987567987558]",49,47,49,0.002012623867467569,0.04907854066985646,0.7755102040816326,49,-0.039969659886765346,49,0.3673469387755102,49,0.1836734693877551,49,0.7755102040816326,0.22448979591836735,,49,-0.0006408718176807039,49,-0.036687441841007196,49,-0.041057284462257065
LIMIT_UP_CLOSE_BOARD_INTENT,CONDITIONAL_ON_FILL,2025,prior_limit_up_next_day_median_return,MID,"[0.007290431249761327,0.02567987567987558]",43,42,43,0.014369684851320496,0.04908354501046755,0.7674418604651163,43,-0.04524389502877418,43,0.3953488372093023,43,0.16279069767441862,43,0.7674418604651163,0.23255813953488372,,43,-0.026806713132789407,43,-0.0371576283979376,43,-0.048830949897646296
LIMIT_UP_CLOSE_BOARD_INTENT,CONDITIONAL_ON_FILL,2025,prior_limit_up_next_day_median_return,HIGH,"[0.007290431249761327,0.02567987567987558]",31,31,31,0.007276887808589272,0.049198920863309355,0.7741935483870968,31,-0.0366454075096625,31,0.3548387096774194,31,0.16129032258064516,31,0.7741935483870968,0.22580645161290322,,31,0.010857338801455277,31,-0.03945743834416613,31,-0.03773572472957968
LIMIT_UP_CLOSE_BOARD_INTENT,CONDITIONAL_ON_FILL,2025,prior_limit_up_next_day_median_return,MISSING,"[0.007290431249761327,0.02567987567987558]",0,0,0,,,,0,,0,,0,,0,,,N_LT_10_NO_SHORTLIST,0,,0,,0,
LIMIT_UP_CLOSE_BOARD_INTENT,CONDITIONAL_ON_FILL,2025,high_position_negative_feedback_rate,LOW,"[0.1,0.24712643678160912]",32,31,32,0.037038275477675776,0.04930466893453818,0.875,32,-0.010778896196263352,32,0.3125,32,0.15625,32,0.875,0.125,,32,-0.010009148999003608,32,-0.01644390540337163,32,-0.011890165290344394
LIMIT_UP_CLOSE_BOARD_INTENT,CONDITIONAL_ON_FILL,2025,high_position_negative_feedback_rate,MID,"[0.1,0.24712643678160912]",40,39,40,-0.005896441676634415,0.04906604028766055,0.725,40,-0.031045268298757662,40,0.35,40,0.2,40,0.725,0.275,,40,-0.008918602616863738,40,-0.0422436550060766,40,-0.03483160173706949
LIMIT_UP_CLOSE_BOARD_INTENT,CONDITIONAL_ON_FILL,2025,high_position_negative_feedback_rate,HIGH,"[0.1,0.24712643678160912]",32,32,32,-0.016768465955550878,0.048991395954449554,0.6875,32,-0.0929129745523053,32,0.5,32,0.25,32,0.6875,0.3125,,32,-0.017686849965790303,32,-0.07277187496415521,32,-0.09395771504291793
LIMIT_UP_CLOSE_BOARD_INTENT,CONDITIONAL_ON_FILL,2025,high_position_negative_feedback_rate,MISSING,"[0.1,0.24712643678160912]",19,19,19,0.02785906855454418,0.049198920863309355,0.8421052631578947,19,-0.025266203030727675,19,0.3157894736842105,19,0.0,19,0.8421052631578947,0.15789473684210525,SMALL_SAMPLE_DESCRIPTIVE_ONLY,19,0.020815904769303638,19,-0.00389432042031031,19,-0.026365737406272783
LIMIT_UP_CLOSE_BOARD_INTENT,CONDITIONAL_ON_FILL,2025,high_board_advancement_rate,LOW,"[0.3962962962962963,0.5263157894736842]",52,50,52,0.010081083656555457,0.049036579662164265,0.8076923076923077,52,-0.006891760023557373,52,0.3269230769230769,52,0.09615384615384616,52,0.8076923076923077,0.19230769230769232,,52,0.012196415784135006,52,0.0021903806114870997,52,-0.0080061776979383
LIMIT_UP_CLOSE_BOARD_INTENT,CONDITIONAL_ON_FILL,2025,high_board_advancement_rate,MID,"[0.3962962962962963,0.5263157894736842]",47,45,47,-0.006148794912674465,0.04910858168761221,0.723404255319149,47,-0.06464586800403727,47,0.40425531914893614,47,0.2553191489361702,47,0.723404255319149,0.2765957446808511,,47,-0.023598147453104547,47,-0.07574152050773329,47,-0.06571350485095402
LIMIT_UP_CLOSE_BOARD_INTENT,CONDITIONAL_ON_FILL,2025,high_board_advancement_rate,HIGH,"[0.3962962962962963,0.5263157894736842]",24,24,24,0.02945314795557399,0.04937118493444096,0.7916666666666666,24,-0.06847004733639976,24,0.4166666666666667,24,0.16666666666666666,24,0.7916666666666666,0.20833333333333334,,24,-0.0155256071420955,24,-0.048862149496820155,24,-0.07402038677411361
LIMIT_UP_CLOSE_BOARD_INTENT,CONDITIONAL_ON_FILL,2025,high_board_advancement_rate,MISSING,"[0.3962962962962963,0.5263157894736842]",0,0,0,,,,0,,0,,0,,0,,,N_LT_10_NO_SHORTLIST,0,,0,,0,
LIMIT_UP_CLOSE_BOARD_INTENT,CONDITIONAL_ON_FILL,2026,turnover_20d_percentile,LOW,"[0.43333333333333324,0.8166666666666664]",21,21,21,0.0265980761579458,0.04908506826870562,0.8095238095238095,21,-0.06720072436628712,21,0.38095238095238093,21,0.14285714285714285,21,0.8095238095238095,0.19047619047619047,,21,0.006397514678890805,21,-0.021715160526418892,21,-0.06826629177955043
LIMIT_UP_CLOSE_BOARD_INTENT,CONDITIONAL_ON_FILL,2026,turnover_20d_percentile,MID,"[0.43333333333333324,0.8166666666666664]",10,10,10,0.018719220709186645,0.05063791770331208,0.8,10,0.021625956697990046,10,0.2,10,0.1,10,0.8,0.2,SMALL_SAMPLE_DESCRIPTIVE_ONLY,10,0.014874303556257873,10,-0.015403816448955141,10,0.020488439673064664
LIMIT_UP_CLOSE_BOARD_INTENT,CONDITIONAL_ON_FILL,2026,turnover_20d_percentile,HIGH,"[0.43333333333333324,0.8166666666666664]",17,16,17,-0.017543519469453272,0.04921233208955224,0.7647058823529411,17,-0.03309036540653068,17,0.35294117647058826,17,0.17647058823529413,17,0.7647058823529411,0.23529411764705882,SMALL_SAMPLE_DESCRIPTIVE_ONLY,17,-0.01410277441033842,17,0.0054119024776823205,17,-0.03418356221055137
LIMIT_UP_CLOSE_BOARD_INTENT,CONDITIONAL_ON_FILL,2026,turnover_20d_percentile,MISSING,"[0.43333333333333324,0.8166666666666664]",0,0,0,,,,0,,0,,0,,0,,,N_LT_10_NO_SHORTLIST,0,,0,,0,
LIMIT_UP_CLOSE_BOARD_INTENT,CONDITIONAL_ON_FILL,2026,market_breadth_score,LOW,"[0.027474668745128605,0.06276801752558069]",16,16,16,0.0239073602057406,0.04908994895547717,0.875,16,-0.048767011359043,16,0.375,16,0.125,16,0.875,0.125,SMALL_SAMPLE_DESCRIPTIVE_ONLY,16,-0.011356382104162677,16,-0.02609394160380669,16,-0.049847510079842165
LIMIT_UP_CLOSE_BOARD_INTENT,CONDITIONAL_ON_FILL,2026,market_breadth_score,MID,"[0.027474668745128605,0.06276801752558069]",5,5,5,0.05982033890219298,0.049736,1.0,5,0.015025154571417398,5,0.2,5,0.2,5,1.0,0.0,N_LT_10_NO_SHORTLIST,5,0.08595038368158628,5,0.03894765378146032,5,0.013892984196214578
LIMIT_UP_CLOSE_BOARD_INTENT,CONDITIONAL_ON_FILL,2026,market_breadth_score,HIGH,"[0.027474668745128605,0.06276801752558069]",27,27,27,-0.00867064749536266,0.04921233208955224,0.7037037037037037,27,-0.03897575732353887,27,0.3333333333333333,27,0.14814814814814814,27,0.7037037037037037,0.2962962962962963,,27,-0.0075817083665850405,27,-0.010936644321116417,27,-0.040064186960106815
LIMIT_UP_CLOSE_BOARD_INTENT,CONDITIONAL_ON_FILL,2026,market_breadth_score,MISSING,"[0.027474668745128605,0.06276801752558069]",0,0,0,,,,0,,0,,0,,0,,,N_LT_10_NO_SHORTLIST,0,,0,,0,
LIMIT_UP_CLOSE_BOARD_INTENT,CONDITIONAL_ON_FILL,2026,prior_limit_up_next_day_median_return,LOW,"[0.007290431249761327,0.02567987567987558]",17,17,17,0.01720617103711086,0.04896683942225998,0.8235294117647058,17,-0.08342407454090928,17,0.4117647058823529,17,0.17647058823529413,17,0.8235294117647058,0.17647058823529413,SMALL_SAMPLE_DESCRIPTIVE_ONLY,17,0.01373779750188985,17,-0.026785655801983114,17,-0.08447650104053112
LIMIT_UP_CLOSE_BOARD_INTENT,CONDITIONAL_ON_FILL,2026,prior_limit_up_next_day_median_return,MID,"[0.007290431249761327,0.02567987567987558]",12,12,12,0.04706466331036318,0.049624910955539184,0.9166666666666666,12,0.0719644877833834,12,0.08333333333333333,12,0.08333333333333333,12,0.9166666666666666,0.08333333333333333,SMALL_SAMPLE_DESCRIPTIVE_ONLY,12,0.009327887243016171,12,0.04319819695593315,12,0.07078619654827885
LIMIT_UP_CLOSE_BOARD_INTENT,CONDITIONAL_ON_FILL,2026,prior_limit_up_next_day_median_return,HIGH,"[0.007290431249761327,0.02567987567987558]",19,19,19,-0.021566783785643157,0.048907719617660446,0.6842105263157895,19,-0.06330823383306806,19,0.42105263157894735,19,0.15789473684210525,19,0.6842105263157895,0.3157894736842105,SMALL_SAMPLE_DESCRIPTIVE_ONLY,19,-0.015901764505515212,19,-0.030582968855854403,19,-0.0643769541636633
LIMIT_UP_CLOSE_BOARD_INTENT,CONDITIONAL_ON_FILL,2026,prior_limit_up_next_day_median_return,MISSING,"[0.007290431249761327,0.02567987567987558]",0,0,0,,,,0,,0,,0,,0,,,N_LT_10_NO_SHORTLIST,0,,0,,0,
LIMIT_UP_CLOSE_BOARD_INTENT,CONDITIONAL_ON_FILL,2026,high_position_negative_feedback_rate,LOW,"[0.1,0.24712643678160912]",15,15,15,0.0006830816555237721,0.048957794001578535,0.8,15,-0.03850686801894777,15,0.2,15,0.13333333333333333,15,0.8,0.2,SMALL_SAMPLE_DESCRIPTIVE_ONLY,15,-0.019268548555559966,15,-0.02081542680218375,15,-0.03959567745585243
LIMIT_UP_CLOSE_BOARD_INTENT,CONDITIONAL_ON_FILL,2026,high_position_negative_feedback_rate,MID,"[0.1,0.24712643678160912]",8,8,8,0.034025650785095535,0.049178307483192046,0.875,8,-0.03750502858158519,8,0.5,8,0.125,8,0.875,0.125,N_LT_10_NO_SHORTLIST,8,0.0016459588111637656,8,-0.0007741106243446366,8,-0.03859464950843411
LIMIT_UP_CLOSE_BOARD_INTENT,CONDITIONAL_ON_FILL,2026,high_position_negative_feedback_rate,HIGH,"[0.1,0.24712643678160912]",6,6,6,-0.014700611465322708,0.04901350944079041,0.8333333333333334,6,-0.07205391243704679,6,0.3333333333333333,6,0.16666666666666666,6,0.8333333333333334,0.16666666666666666,N_LT_10_NO_SHORTLIST,6,0.028461787692378577,6,-0.005124479685925204,6,-0.07311554876797277
LIMIT_UP_CLOSE_BOARD_INTENT,CONDITIONAL_ON_FILL,2026,high_position_negative_feedback_rate,MISSING,"[0.1,0.24712643678160912]",19,19,19,0.013329695426649375,0.04928050441361917,0.7368421052631579,19,-0.023553954371787984,19,0.3684210526315789,19,0.15789473684210525,19,0.7368421052631579,0.2631578947368421,SMALL_SAMPLE_DESCRIPTIVE_ONLY,19,0.007812290028071071,19,-0.00888858043582548,19,-0.02465487566874683
LIMIT_UP_CLOSE_BOARD_INTENT,CONDITIONAL_ON_FILL,2026,high_board_advancement_rate,LOW,"[0.3962962962962963,0.5263157894736842]",25,25,25,0.0027168769930418146,0.04908506826870562,0.72,25,-0.030823680437790046,25,0.28,25,0.12,25,0.72,0.28,,25,-0.009239552107874327,25,-0.00918971399648647,25,-0.03191871325663542
LIMIT_UP_CLOSE_BOARD_INTENT,CONDITIONAL_ON_FILL,2026,high_board_advancement_rate,MID,"[0.3962962962962963,0.5263157894736842]",6,6,6,0.04922741835041392,0.04909058477007962,1.0,6,-0.017640502665396202,6,0.3333333333333333,6,0.16666666666666666,6,1.0,0.0,N_LT_10_NO_SHORTLIST,6,0.025180844331606236,6,0.012000520372283136,6,-0.01874621385823726
LIMIT_UP_CLOSE_BOARD_INTENT,CONDITIONAL_ON_FILL,2026,high_board_advancement_rate,HIGH,"[0.3962962962962963,0.5263157894736842]",17,17,17,0.004954443558793754,0.049434255952380955,0.8235294117647058,17,-0.051826872334471884,17,0.4117647058823529,17,0.17647058823529413,17,0.8235294117647058,0.17647058823529413,SMALL_SAMPLE_DESCRIPTIVE_ONLY,17,0.007249847973573722,17,-0.021194968573252107,17,-0.052904892567880966
LIMIT_UP_CLOSE_BOARD_INTENT,CONDITIONAL_ON_FILL,2026,high_board_advancement_rate,MISSING,"[0.3962962962962963,0.5263157894736842]",0,0,0,,,,0,,0,,0,,0,,,N_LT_10_NO_SHORTLIST,0,,0,,0,
LIMIT_UP_CLOSE_BOARD_INTENT,CONDITIONAL_ON_FILL,DEVELOPMENT,turnover_20d_percentile,LOW,"[0.43333333333333324,0.8166666666666664]",94,87,94,-0.013360910772729145,0.04905775452465155,0.7127659574468085,94,-0.0419157539676104,94,0.4787234042553192,94,0.2765957446808511,94,0.7127659574468085,0.2872340425531915,,94,-0.004790565629500864,94,-0.03322504000712186,94,-0.04845357016176879
LIMIT_UP_CLOSE_BOARD_INTENT,CONDITIONAL_ON_FILL,DEVELOPMENT,turnover_20d_percentile,MID,"[0.43333333333333324,0.8166666666666664]",69,66,69,0.040365923765235866,0.04952277554304103,0.8985507246376812,69,-0.003596304102394276,69,0.36231884057971014,69,0.15942028985507245,69,0.8985507246376812,0.10144927536231885,,69,0.011266033307113232,69,-0.005196661690722486,69,-0.004713391096071355
LIMIT_UP_CLOSE_BOARD_INTENT,CONDITIONAL_ON_FILL,DEVELOPMENT,turnover_20d_percentile,HIGH,"[0.43333333333333324,0.8166666666666664]",52,49,52,-0.008540702874158883,0.04915429537113085,0.75,52,-0.06248398406446793,52,0.5192307692307693,52,0.25,52,0.75,0.25,,52,0.007368952850794957,52,-0.051532309749117676,52,-0.06355337203737571
LIMIT_UP_CLOSE_BOARD_INTENT,CONDITIONAL_ON_FILL,DEVELOPMENT,turnover_20d_percentile,MISSING,"[0.43333333333333324,0.8166666666666664]",0,0,0,,,,0,,0,,0,,0,,,N_LT_10_NO_SHORTLIST,0,,0,,0,
LIMIT_UP_CLOSE_BOARD_INTENT,CONDITIONAL_ON_FILL,DEVELOPMENT,market_breadth_score,LOW,"[0.027474668745128605,0.06276801752558069]",63,58,63,0.005541075679134761,0.04924473348783314,0.7777777777777778,63,-0.03601944058435822,63,0.4603174603174603,63,0.23809523809523808,63,0.7777777777777778,0.2222222222222222,,63,-0.007084592819285782,63,-0.03856200343006909,63,-0.03711026483748491
LIMIT_UP_CLOSE_BOARD_INTENT,CONDITIONAL_ON_FILL,DEVELOPMENT,market_breadth_score,MID,"[0.027474668745128605,0.06276801752558069]",75,73,75,0.005769940037451095,0.04911860335195531,0.8,75,0.009283004667418417,75,0.37333333333333335,75,0.17333333333333334,75,0.8,0.2,,75,0.005858496155829494,75,-0.007961485757817214,75,0.006720029377299778
LIMIT_UP_CLOSE_BOARD_INTENT,CONDITIONAL_ON_FILL,DEVELOPMENT,market_breadth_score,HIGH,"[0.027474668745128605,0.06276801752558069]",77,77,77,0.003939913079404559,0.04933641928079571,0.7662337662337663,77,-0.07616095611187959,77,0.5194805194805194,77,0.2857142857142857,77,0.7662337662337663,0.23376623376623376,,77,0.00931390666476444,77,-0.04071280358899716,77,-0.08247649928980078
LIMIT_UP_CLOSE_BOARD_INTENT,CONDITIONAL_ON_FILL,DEVELOPMENT,market_breadth_score,MISSING,"[0.027474668745128605,0.06276801752558069]",0,0,0,,,,0,,0,,0,,0,,,N_LT_10_NO_SHORTLIST,0,,0,,0,
LIMIT_UP_CLOSE_BOARD_INTENT,CONDITIONAL_ON_FILL,DEVELOPMENT,prior_limit_up_next_day_median_return,LOW,"[0.007290431249761327,0.02567987567987558]",72,69,72,0.0037369735496208473,0.04919731916605753,0.7916666666666666,72,-0.02004829753603408,72,0.4166666666666667,72,0.20833333333333334,72,0.7916666666666666,0.20833333333333334,,72,0.006203420724568989,72,-0.019950008130259864,72,-0.021152058415029894
LIMIT_UP_CLOSE_BOARD_INTENT,CONDITIONAL_ON_FILL,DEVELOPMENT,prior_limit_up_next_day_median_return,MID,"[0.007290431249761327,0.02567987567987558]",67,65,67,0.029080503977151402,0.04921126502575844,0.835820895522388,67,-0.0162839173503665,67,0.40298507462686567,67,0.16417910447761194,67,0.835820895522388,0.16417910447761194,,67,-0.0012834591367841101,67,-0.010001407756612226,67,-0.02503947644832738
LIMIT_UP_CLOSE_BOARD_INTENT,CONDITIONAL_ON_FILL,DEVELOPMENT,prior_limit_up_next_day_median_return,HIGH,"[0.007290431249761327,0.02567987567987558]",76,73,76,-0.014898016899123312,0.04915558553228086,0.7236842105263158,76,-0.06451175187241981,76,0.5263157894736842,76,0.3157894736842105,76,0.7236842105263158,0.27631578947368424,,76,0.004599659832297866,76,-0.053354060779101264,76,-0.06557949735340314
LIMIT_UP_CLOSE_BOARD_INTENT,CONDITIONAL_ON_FILL,DEVELOPMENT,prior_limit_up_next_day_median_return,MISSING,"[0.007290431249761327,0.02567987567987558]",0,0,0,,,,0,,0,,0,,0,,,N_LT_10_NO_SHORTLIST,0,,0,,0,
LIMIT_UP_CLOSE_BOARD_INTENT,CONDITIONAL_ON_FILL,DEVELOPMENT,high_position_negative_feedback_rate,LOW,"[0.1,0.24712643678160912]",56,55,56,0.018841823273825612,0.04927058981911435,0.8214285714285714,56,-0.04498464114094268,56,0.4642857142857143,56,0.26785714285714285,56,0.8214285714285714,0.17857142857142858,,56,0.00010065128740390034,56,-0.04256266891951393,56,-0.046068203581618526
LIMIT_UP_CLOSE_BOARD_INTENT,CONDITIONAL_ON_FILL,DEVELOPMENT,high_position_negative_feedback_rate,MID,"[0.1,0.24712643678160912]",66,64,66,0.0007055849668273758,0.04915558553228086,0.7727272727272727,66,0.02332423294361076,66,0.3787878787878788,66,0.19696969696969696,66,0.7727272727272727,0.22727272727272727,,66,0.0022972156893786067,66,-0.0028809722527850207,66,0.020554140250905933
LIMIT_UP_CLOSE_BOARD_INTENT,CONDITIONAL_ON_FILL,DEVELOPMENT,high_position_negative_feedback_rate,HIGH,"[0.1,0.24712643678160912]",69,69,69,-0.0025072527914287287,0.04915816442239546,0.7536231884057971,69,-0.07485467659752647,69,0.5362318840579711,69,0.2898550724637681,69,0.7536231884057971,0.2463768115942029,,69,0.005884634145530497,69,-0.040754394932291715,69,-0.08178081218676697
LIMIT_UP_CLOSE_BOARD_INTENT,CONDITIONAL_ON_FILL,DEVELOPMENT,high_position_negative_feedback_rate,MISSING,"[0.1,0.24712643678160912]",24,23,24,0.006520679548842262,0.04923469599900703,0.7916666666666666,24,-0.053861658855379524,24,0.375,24,0.08333333333333333,24,0.7916666666666666,0.20833333333333334,,24,0.006122342234327455,24,-0.032320693574112734,24,-0.05493803091170666
LIMIT_UP_CLOSE_BOARD_INTENT,CONDITIONAL_ON_FILL,DEVELOPMENT,high_board_advancement_rate,LOW,"[0.3962962962962963,0.5263157894736842]",71,69,71,0.011969317113575054,0.04914937973811165,0.8169014084507042,71,-0.0008450927723641245,71,0.36619718309859156,71,0.1267605633802817,71,0.8169014084507042,0.18309859154929578,,71,0.020195308221972384,71,0.006629544051865688,71,-0.0019644082472185143
LIMIT_UP_CLOSE_BOARD_INTENT,CONDITIONAL_ON_FILL,DEVELOPMENT,high_board_advancement_rate,MID,"[0.3962962962962963,0.5263157894736842]",82,77,82,0.008051184311847688,0.04922207345776111,0.7926829268292683,82,-0.03522928876828207,82,0.43902439024390244,82,0.24390243902439024,82,0.7926829268292683,0.2073170731707317,,82,-0.0038975145783011864,82,-0.03570680626600224,82,-0.041257423575265496
LIMIT_UP_CLOSE_BOARD_INTENT,CONDITIONAL_ON_FILL,DEVELOPMENT,high_board_advancement_rate,HIGH,"[0.3962962962962963,0.5263157894736842]",62,60,62,-0.006851807273013969,0.0491953013178581,0.7258064516129032,62,-0.07239660905703119,62,0.5645161290322581,62,0.3387096774193548,62,0.7258064516129032,0.27419354838709675,,62,-0.006516806630326974,62,-0.059744242550866224,62,-0.07519440658152325
LIMIT_UP_CLOSE_BOARD_INTENT,CONDITIONAL_ON_FILL,DEVELOPMENT,high_board_advancement_rate,MISSING,"[0.3962962962962963,0.5263157894736842]",0,0,0,,,,0,,0,,0,,0,,,N_LT_10_NO_SHORTLIST,0,,0,,0,
LIMIT_UP_CLOSE_BOARD_INTENT,CONDITIONAL_ON_FILL,TEMPORAL_DESCRIPTIVE,turnover_20d_percentile,LOW,"[0.43333333333333324,0.8166666666666664]",21,21,21,0.0265980761579458,0.04908506826870562,0.8095238095238095,21,-0.06720072436628712,21,0.38095238095238093,21,0.14285714285714285,21,0.8095238095238095,0.19047619047619047,,21,0.006397514678890805,21,-0.021715160526418892,21,-0.06826629177955043
LIMIT_UP_CLOSE_BOARD_INTENT,CONDITIONAL_ON_FILL,TEMPORAL_DESCRIPTIVE,turnover_20d_percentile,MID,"[0.43333333333333324,0.8166666666666664]",10,10,10,0.018719220709186645,0.05063791770331208,0.8,10,0.021625956697990046,10,0.2,10,0.1,10,0.8,0.2,SMALL_SAMPLE_DESCRIPTIVE_ONLY,10,0.014874303556257873,10,-0.015403816448955141,10,0.020488439673064664
LIMIT_UP_CLOSE_BOARD_INTENT,CONDITIONAL_ON_FILL,TEMPORAL_DESCRIPTIVE,turnover_20d_percentile,HIGH,"[0.43333333333333324,0.8166666666666664]",17,16,17,-0.017543519469453272,0.04921233208955224,0.7647058823529411,17,-0.03309036540653068,17,0.35294117647058826,17,0.17647058823529413,17,0.7647058823529411,0.23529411764705882,SMALL_SAMPLE_DESCRIPTIVE_ONLY,17,-0.01410277441033842,17,0.0054119024776823205,17,-0.03418356221055137
LIMIT_UP_CLOSE_BOARD_INTENT,CONDITIONAL_ON_FILL,TEMPORAL_DESCRIPTIVE,turnover_20d_percentile,MISSING,"[0.43333333333333324,0.8166666666666664]",0,0,0,,,,0,,0,,0,,0,,,N_LT_10_NO_SHORTLIST,0,,0,,0,
LIMIT_UP_CLOSE_BOARD_INTENT,CONDITIONAL_ON_FILL,TEMPORAL_DESCRIPTIVE,market_breadth_score,LOW,"[0.027474668745128605,0.06276801752558069]",16,16,16,0.0239073602057406,0.04908994895547717,0.875,16,-0.048767011359043,16,0.375,16,0.125,16,0.875,0.125,SMALL_SAMPLE_DESCRIPTIVE_ONLY,16,-0.011356382104162677,16,-0.02609394160380669,16,-0.049847510079842165
LIMIT_UP_CLOSE_BOARD_INTENT,CONDITIONAL_ON_FILL,TEMPORAL_DESCRIPTIVE,market_breadth_score,MID,"[0.027474668745128605,0.06276801752558069]",5,5,5,0.05982033890219298,0.049736,1.0,5,0.015025154571417398,5,0.2,5,0.2,5,1.0,0.0,N_LT_10_NO_SHORTLIST,5,0.08595038368158628,5,0.03894765378146032,5,0.013892984196214578
LIMIT_UP_CLOSE_BOARD_INTENT,CONDITIONAL_ON_FILL,TEMPORAL_DESCRIPTIVE,market_breadth_score,HIGH,"[0.027474668745128605,0.06276801752558069]",27,27,27,-0.00867064749536266,0.04921233208955224,0.7037037037037037,27,-0.03897575732353887,27,0.3333333333333333,27,0.14814814814814814,27,0.7037037037037037,0.2962962962962963,,27,-0.0075817083665850405,27,-0.010936644321116417,27,-0.040064186960106815
LIMIT_UP_CLOSE_BOARD_INTENT,CONDITIONAL_ON_FILL,TEMPORAL_DESCRIPTIVE,market_breadth_score,MISSING,"[0.027474668745128605,0.06276801752558069]",0,0,0,,,,0,,0,,0,,0,,,N_LT_10_NO_SHORTLIST,0,,0,,0,
LIMIT_UP_CLOSE_BOARD_INTENT,CONDITIONAL_ON_FILL,TEMPORAL_DESCRIPTIVE,prior_limit_up_next_day_median_return,LOW,"[0.007290431249761327,0.02567987567987558]",17,17,17,0.01720617103711086,0.04896683942225998,0.8235294117647058,17,-0.08342407454090928,17,0.4117647058823529,17,0.17647058823529413,17,0.8235294117647058,0.17647058823529413,SMALL_SAMPLE_DESCRIPTIVE_ONLY,17,0.01373779750188985,17,-0.026785655801983114,17,-0.08447650104053112
LIMIT_UP_CLOSE_BOARD_INTENT,CONDITIONAL_ON_FILL,TEMPORAL_DESCRIPTIVE,prior_limit_up_next_day_median_return,MID,"[0.007290431249761327,0.02567987567987558]",12,12,12,0.04706466331036318,0.049624910955539184,0.9166666666666666,12,0.0719644877833834,12,0.08333333333333333,12,0.08333333333333333,12,0.9166666666666666,0.08333333333333333,SMALL_SAMPLE_DESCRIPTIVE_ONLY,12,0.009327887243016171,12,0.04319819695593315,12,0.07078619654827885
LIMIT_UP_CLOSE_BOARD_INTENT,CONDITIONAL_ON_FILL,TEMPORAL_DESCRIPTIVE,prior_limit_up_next_day_median_return,HIGH,"[0.007290431249761327,0.02567987567987558]",19,19,19,-0.021566783785643157,0.048907719617660446,0.6842105263157895,19,-0.06330823383306806,19,0.42105263157894735,19,0.15789473684210525,19,0.6842105263157895,0.3157894736842105,SMALL_SAMPLE_DESCRIPTIVE_ONLY,19,-0.015901764505515212,19,-0.030582968855854403,19,-0.0643769541636633
LIMIT_UP_CLOSE_BOARD_INTENT,CONDITIONAL_ON_FILL,TEMPORAL_DESCRIPTIVE,prior_limit_up_next_day_median_return,MISSING,"[0.007290431249761327,0.02567987567987558]",0,0,0,,,,0,,0,,0,,0,,,N_LT_10_NO_SHORTLIST,0,,0,,0,
LIMIT_UP_CLOSE_BOARD_INTENT,CONDITIONAL_ON_FILL,TEMPORAL_DESCRIPTIVE,high_position_negative_feedback_rate,LOW,"[0.1,0.24712643678160912]",15,15,15,0.0006830816555237721,0.048957794001578535,0.8,15,-0.03850686801894777,15,0.2,15,0.13333333333333333,15,0.8,0.2,SMALL_SAMPLE_DESCRIPTIVE_ONLY,15,-0.019268548555559966,15,-0.02081542680218375,15,-0.03959567745585243
LIMIT_UP_CLOSE_BOARD_INTENT,CONDITIONAL_ON_FILL,TEMPORAL_DESCRIPTIVE,high_position_negative_feedback_rate,MID,"[0.1,0.24712643678160912]",8,8,8,0.034025650785095535,0.049178307483192046,0.875,8,-0.03750502858158519,8,0.5,8,0.125,8,0.875,0.125,N_LT_10_NO_SHORTLIST,8,0.0016459588111637656,8,-0.0007741106243446366,8,-0.03859464950843411
LIMIT_UP_CLOSE_BOARD_INTENT,CONDITIONAL_ON_FILL,TEMPORAL_DESCRIPTIVE,high_position_negative_feedback_rate,HIGH,"[0.1,0.24712643678160912]",6,6,6,-0.014700611465322708,0.04901350944079041,0.8333333333333334,6,-0.07205391243704679,6,0.3333333333333333,6,0.16666666666666666,6,0.8333333333333334,0.16666666666666666,N_LT_10_NO_SHORTLIST,6,0.028461787692378577,6,-0.005124479685925204,6,-0.07311554876797277
LIMIT_UP_CLOSE_BOARD_INTENT,CONDITIONAL_ON_FILL,TEMPORAL_DESCRIPTIVE,high_position_negative_feedback_rate,MISSING,"[0.1,0.24712643678160912]",19,19,19,0.013329695426649375,0.04928050441361917,0.7368421052631579,19,-0.023553954371787984,19,0.3684210526315789,19,0.15789473684210525,19,0.7368421052631579,0.2631578947368421,SMALL_SAMPLE_DESCRIPTIVE_ONLY,19,0.007812290028071071,19,-0.00888858043582548,19,-0.02465487566874683
LIMIT_UP_CLOSE_BOARD_INTENT,CONDITIONAL_ON_FILL,TEMPORAL_DESCRIPTIVE,high_board_advancement_rate,LOW,"[0.3962962962962963,0.5263157894736842]",25,25,25,0.0027168769930418146,0.04908506826870562,0.72,25,-0.030823680437790046,25,0.28,25,0.12,25,0.72,0.28,,25,-0.009239552107874327,25,-0.00918971399648647,25,-0.03191871325663542
LIMIT_UP_CLOSE_BOARD_INTENT,CONDITIONAL_ON_FILL,TEMPORAL_DESCRIPTIVE,high_board_advancement_rate,MID,"[0.3962962962962963,0.5263157894736842]",6,6,6,0.04922741835041392,0.04909058477007962,1.0,6,-0.017640502665396202,6,0.3333333333333333,6,0.16666666666666666,6,1.0,0.0,N_LT_10_NO_SHORTLIST,6,0.025180844331606236,6,0.012000520372283136,6,-0.01874621385823726
LIMIT_UP_CLOSE_BOARD_INTENT,CONDITIONAL_ON_FILL,TEMPORAL_DESCRIPTIVE,high_board_advancement_rate,HIGH,"[0.3962962962962963,0.5263157894736842]",17,17,17,0.004954443558793754,0.049434255952380955,0.8235294117647058,17,-0.051826872334471884,17,0.4117647058823529,17,0.17647058823529413,17,0.8235294117647058,0.17647058823529413,SMALL_SAMPLE_DESCRIPTIVE_ONLY,17,0.007249847973573722,17,-0.021194968573252107,17,-0.052904892567880966
LIMIT_UP_CLOSE_BOARD_INTENT,CONDITIONAL_ON_FILL,TEMPORAL_DESCRIPTIVE,high_board_advancement_rate,MISSING,"[0.3962962962962963,0.5263157894736842]",0,0,0,,,,0,,0,,0,,0,,,N_LT_10_NO_SHORTLIST,0,,0,,0,
