dataset,population_layer,exit_contract_id,dimension,value,n_total,n_closed,n_unresolved_or_censored,gross_n,gross_mean,gross_median,gross_p10,gross_p25,gross_p50,gross_p75,gross_p90,gross_population_skewness,net_n,net_mean,net_median,net_p10,net_p25,net_p50,net_p75,net_p90,net_population_skewness,net_positive_fraction,net_loss_le_5_fraction,net_loss_le_10_fraction,net_loss_le_20_fraction,net_gain_ge_5_fraction,net_gain_ge_10_fraction,holding_mean,exit_reason_counts,small_n_warning
BOARD_CONDITIONAL_ROBUSTNESS_V1,CONDITIONAL_ON_FILL_ONLY,TIME_H1,ALL,ALL,263,263,0,263,0.003988524834783865,0.0006898930665746809,-0.09986330621436831,-0.0664133123776041,0.0006898930665746809,0.09961927401158605,0.10020208600567197,-0.041972143779968746,263,0.002865294129667689,-0.00043066574680924454,-0.10090241693633469,-0.06747951759457824,-0.00043066574680924454,0.09841858239963666,0.09900092231600738,-0.04197214377996869,0.49429657794676807,0.3269961977186312,0.17490494296577946,0.0,0.34980988593155893,0.0038022813688212928,1.0076045627376427,"{""DEFERRED_TIMEOUT_OPEN"":2,""TIMEOUT_CLOSE"":261}",
BOARD_CONDITIONAL_ROBUSTNESS_V1,CONDITIONAL_ON_FILL_ONLY,TIME_H1,YEAR,2024,92,92,0,92,0.018066618288969015,0.030336873893574923,-0.09981158699870116,-0.0675186924895251,0.030336873893574923,0.1,0.10022728388784076,-0.4131052666064214,92,0.01693198432815495,0.02919230102572113,-0.10085073961323221,-0.06858400234860859,0.02919230102572113,0.098799,0.0990260997878916,-0.4131052666064211,0.5978260869565217,0.29347826086956524,0.17391304347826086,0.0,0.45652173913043476,0.0,1.0108695652173914,"{""DEFERRED_TIMEOUT_OPEN"":1,""TIMEOUT_CLOSE"":91}",
BOARD_CONDITIONAL_ROBUSTNESS_V1,CONDITIONAL_ON_FILL_ONLY,TIME_H1,YEAR,2025,123,123,0,123,-0.005775034533510236,-0.013531209079004802,-0.09987376287456011,-0.07285513185733086,-0.013531209079004802,0.056190265961889536,0.10015441098389564,0.16719162402827076,123,-0.006890356755538093,-0.014640248799650807,-0.10091286512663172,-0.07391611920052643,-0.014640248799650807,0.0550247518464604,0.0989532859109987,0.16719162402827067,0.43089430894308944,0.36585365853658536,0.1951219512195122,0.0,0.2764227642276423,0.008130081300813009,1.008130081300813,"{""DEFERRED_TIMEOUT_OPEN"":1,""TIMEOUT_CLOSE"":122}",
BOARD_CONDITIONAL_ROBUSTNESS_V1,CONDITIONAL_ON_FILL_ONLY,TIME_H1,YEAR,2026,48,48,0,48,0.002024633262182629,-0.014722476146946238,-0.09926373799954367,-0.05237421723169942,-0.014722476146946238,0.061531704042956416,0.10010624623136717,0.15152227585477096,48,0.0009029933092402604,-0.015830550941267212,-0.10030333437176404,-0.05345179411574174,-0.015830550941267212,0.060361863362681616,0.09890516017191976,0.15152227585477104,0.4583333333333333,0.2916666666666667,0.125,0.0,0.3333333333333333,0.0,1.0,"{""TIMEOUT_CLOSE"":48}",
BOARD_CONDITIONAL_ROBUSTNESS_V1,CONDITIONAL_ON_FILL_ONLY,TIME_H1,SPLIT,DEVELOPMENT,215,215,0,215,0.00442697504634135,0.001539645881447267,-0.09986413043478261,-0.07118624247450506,0.001539645881447267,0.09967482023512998,0.10020535950512138,-0.0756045317298753,215,0.0033033891965538126,0.00041839876828329484,-0.10090324048913044,-0.0722485816181007,0.00041839876828329484,0.09847408363073953,0.09900419316392224,-0.0756045317298756,0.5023255813953489,0.33488372093023255,0.18604651162790697,0.0,0.35348837209302325,0.004651162790697674,1.0093023255813953,"{""DEFERRED_TIMEOUT_OPEN"":2,""TIMEOUT_CLOSE"":213}",
BOARD_CONDITIONAL_ROBUSTNESS_V1,CONDITIONAL_ON_FILL_ONLY,TIME_H1,SPLIT,TEMPORAL_VALIDATION,48,48,0,48,0.002024633262182629,-0.014722476146946238,-0.09926373799954367,-0.05237421723169942,-0.014722476146946238,0.061531704042956416,0.10010624623136717,0.15152227585477096,48,0.0009029933092402604,-0.015830550941267212,-0.10030333437176404,-0.05345179411574174,-0.015830550941267212,0.060361863362681616,0.09890516017191976,0.15152227585477104,0.4583333333333333,0.2916666666666667,0.125,0.0,0.3333333333333333,0.0,1.0,"{""TIMEOUT_CLOSE"":48}",
BOARD_CONDITIONAL_ROBUSTNESS_V1,CONDITIONAL_ON_FILL_ONLY,TIME_H1,ENTRY_TYPE,ENTRY_A_PULLBACK_TO_MA5_V1,224,224,0,224,0.004076057556128898,0.00034494653328734045,-0.0998696104492568,-0.07033627556168907,0.00034494653328734045,0.09967129716075436,0.10020577946320956,-0.04689782520591478,224,0.0029527559495084337,-0.0007753328734046222,-0.10090871606479292,-0.0713993031784841,-0.0007753328734046222,0.09847056341005415,0.09900461278184437,-0.04689782520591463,0.49107142857142855,0.33482142857142855,0.18303571428571427,0.0,0.36160714285714285,0.004464285714285714,1.0089285714285714,"{""DEFERRED_TIMEOUT_OPEN"":2,""TIMEOUT_CLOSE"":222}",
BOARD_CONDITIONAL_ROBUSTNESS_V1,CONDITIONAL_ON_FILL_ONLY,TIME_H1,ENTRY_TYPE,ENTRY_B_RSI_RECROSS_70_V1,39,39,0,39,0.0034857727942380298,0.003205128205128205,-0.09933455106187253,-0.0565432472133414,0.003205128205128205,0.0551057807070355,0.10006529282185292,-0.00482471762459014,39,0.0023629493182746953,0.0020825320512820513,-0.1003740900755124,-0.057617447183098594,0.0020825320512820513,0.053941145024662795,0.09886423993466721,-0.004824717624590239,0.5128205128205128,0.28205128205128205,0.1282051282051282,0.0,0.28205128205128205,0.0,1.0,"{""TIMEOUT_CLOSE"":39}",
BOARD_CONDITIONAL_ROBUSTNESS_V1,CONDITIONAL_ON_FILL_ONLY,TIME_H1,OBSERVATION_STRENGTH,4/5,256,256,0,256,0.002404629028009377,-0.00034458993797381116,-0.09986413043478261,-0.0679979092886182,-0.00034458993797381116,0.0995538100611748,0.1002049395470332,-0.018403052187278782,256,0.001282681278496689,-0.0014643108201240524,-0.10090324048913044,-0.06906283098209441,-0.0014643108201240524,0.09835317147502524,0.09900377354600011,-0.018403052187278838,0.48828125,0.3359375,0.1796875,0.0,0.33984375,0.00390625,1.0078125,"{""DEFERRED_TIMEOUT_OPEN"":2,""TIMEOUT_CLOSE"":254}",
BOARD_CONDITIONAL_ROBUSTNESS_V1,CONDITIONAL_ON_FILL_ONLY,TIME_H1,OBSERVATION_STRENGTH,5/5,7,7,0,7,0.061913857196822256,0.1,-0.03201471169091574,0.03595427492125759,0.1,0.10004844867020435,0.10010365235299672,-0.9569382460099061,7,0.060743706972492824,0.098799,-0.0331087797744461,0.03480515195857137,0.098799,0.0988474094267815,0.09890256839459079,-0.9569382460099058,0.7142857142857143,0.0,0.0,0.0,0.7142857142857143,0.0,1.0,"{""TIMEOUT_CLOSE"":7}",DESCRIPTIVE_N_LT_20
BOARD_CONDITIONAL_ROBUSTNESS_V1,CONDITIONAL_ON_FILL_ONLY,TIME_H1,ENTRY_ORDINAL,FIRST_ENTRY,224,224,0,224,0.00261349721588319,-0.00034458993797381116,-0.09986289410416117,-0.06640167693569002,-0.00034458993797381116,0.0995425210569181,0.1001894331738476,-0.02392975155336791,224,0.001491380283138324,-0.0014643108201240524,-0.1009020051599368,-0.0674678915773721,-0.0014643108201240524,0.09834189161486201,0.09898827973297677,-0.02392975155336763,0.48660714285714285,0.33035714285714285,0.17410714285714285,0.0,0.33482142857142855,0.004464285714285714,1.0089285714285714,"{""DEFERRED_TIMEOUT_OPEN"":2,""TIMEOUT_CLOSE"":222}",
BOARD_CONDITIONAL_ROBUSTNESS_V1,CONDITIONAL_ON_FILL_ONLY,TIME_H1,ENTRY_ORDINAL,SUBSEQUENT_ENTRY,39,39,0,39,0.011886119363854404,0.025387493319080707,-0.0997183191940615,-0.065664126761242,0.025387493319080707,0.09994776104898848,0.10021344814741177,-0.15810773430955152,39,0.010756491607169683,0.02424692944949225,-0.10075754735551432,-0.0667309388185654,0.02424692944949225,0.0987468033625388,0.09901227525441236,-0.1581077343095515,0.5384615384615384,0.3076923076923077,0.1794871794871795,0.0,0.4358974358974359,0.0,1.0,"{""TIMEOUT_CLOSE"":39}",
BOARD_CONDITIONAL_ROBUSTNESS_V1,CONDITIONAL_ON_FILL_ONLY,TIME_H1,REPEATED_SECURITY,SINGLE_ENTRY_SECURITY,187,187,0,187,-0.0009688314590119236,-0.002583979328165375,-0.09988598027747304,-0.07300387320031113,-0.002583979328165375,0.09427126658202356,0.10016465724549072,0.07954106138163188,187,-0.0020880467055301244,-0.003701886304909561,-0.1009250726334483,-0.07406474006301889,-0.003701886304909561,0.09307490685609213,0.09896352387312186,0.0795410613816319,0.46524064171123,0.3422459893048128,0.1925133689839572,0.0,0.31016042780748665,0.0053475935828877,1.0053475935828877,"{""DEFERRED_TIMEOUT_OPEN"":1,""TIMEOUT_CLOSE"":186}",
BOARD_CONDITIONAL_ROBUSTNESS_V1,CONDITIONAL_ON_FILL_ONLY,TIME_H1,REPEATED_SECURITY,REPEATED_SECURITY,76,76,0,76,0.016186230452412975,0.02806414662084765,-0.09957108777752695,-0.05682893304057552,0.02806414662084765,0.09998624105668685,0.10021611359799368,-0.3478276468434986,76,0.015053119605746517,0.026921414662084767,-0.10061043519642715,-0.05790290160481265,0.026921414662084767,0.09878525220143092,0.09901493854597931,-0.34782764684349826,0.5657894736842105,0.2894736842105263,0.13157894736842105,0.0,0.4473684210526316,0.0,1.013157894736842,"{""DEFERRED_TIMEOUT_OPEN"":1,""TIMEOUT_CLOSE"":75}",
BOARD_CONDITIONAL_ROBUSTNESS_V1,CONDITIONAL_ON_FILL_ONLY,TIME_H1,REENTRY_STRUCTURE,SINGLE_ENTRY_SECURITY,187,187,0,187,-0.0009688314590119236,-0.002583979328165375,-0.09988598027747304,-0.07300387320031113,-0.002583979328165375,0.09427126658202356,0.10016465724549072,0.07954106138163188,187,-0.0020880467055301244,-0.003701886304909561,-0.1009250726334483,-0.07406474006301889,-0.003701886304909561,0.09307490685609213,0.09896352387312186,0.0795410613816319,0.46524064171123,0.3422459893048128,0.1925133689839572,0.0,0.31016042780748665,0.0053475935828877,1.0053475935828877,"{""DEFERRED_TIMEOUT_OPEN"":1,""TIMEOUT_CLOSE"":186}",
BOARD_CONDITIONAL_ROBUSTNESS_V1,CONDITIONAL_ON_FILL_ONLY,TIME_H1,REENTRY_STRUCTURE,REPEATED_SECURITY_FIRST_ENTRY,37,37,0,37,0.020718779978190927,0.029105282069708947,-0.07361499735170908,-0.04927782497875956,0.029105282069708947,0.1000408329930584,0.100275821735385,-0.5532179283019518,37,0.019581997766408593,0.02796170679123248,-0.0746753692038542,-0.05035790994052676,0.02796170679123248,0.09883979991833401,0.09907459831977934,-0.5532179283019519,0.5945945945945946,0.2702702702702703,0.08108108108108109,0.0,0.4594594594594595,0.0,1.027027027027027,"{""DEFERRED_TIMEOUT_OPEN"":1,""TIMEOUT_CLOSE"":36}",
BOARD_CONDITIONAL_ROBUSTNESS_V1,CONDITIONAL_ON_FILL_ONLY,TIME_H1,REENTRY_STRUCTURE,REPEATED_SECURITY_SUBSEQUENT_ENTRY,39,39,0,39,0.011886119363854404,0.025387493319080707,-0.0997183191940615,-0.065664126761242,0.025387493319080707,0.09994776104898848,0.10021344814741177,-0.15810773430955152,39,0.010756491607169683,0.02424692944949225,-0.10075754735551432,-0.0667309388185654,0.02424692944949225,0.0987468033625388,0.09901227525441236,-0.1581077343095515,0.5384615384615384,0.3076923076923077,0.1794871794871795,0.0,0.4358974358974359,0.0,1.0,"{""TIMEOUT_CLOSE"":39}",
BOARD_CONDITIONAL_ROBUSTNESS_V1,CONDITIONAL_ON_FILL_ONLY,TIME_H1,TRIGGER_PROVENANCE,QUALIFIED_BY_V3_PRICE_PATH,262,262,0,262,0.0036210482895763815,0.00034494653328734045,-0.09986371832457547,-0.06642494781951819,0.00034494653328734045,0.09960202420913436,0.10019599891862666,-0.03537090001510627,262,0.002498115240461824,-0.0007753328734046222,-0.10090282871273255,-0.06749114361178438,-0.0007753328734046222,0.09840134656952497,0.09899484015950256,-0.03537090001510645,0.49236641221374045,0.3282442748091603,0.17557251908396945,0.0,0.3473282442748092,0.003816793893129771,1.0076335877862594,"{""DEFERRED_TIMEOUT_OPEN"":2,""TIMEOUT_CLOSE"":260}",
BOARD_CONDITIONAL_ROBUSTNESS_V1,CONDITIONAL_ON_FILL_ONLY,TIME_H1,TRIGGER_PROVENANCE,QUALIFIED_BY_OPERATIONAL_STATUS,1,1,0,1,0.10026737967914438,0.10026737967914438,0.10026737967914438,0.10026737967914438,0.10026737967914438,0.10026737967914438,0.10026737967914438,,1,0.09906616310160428,0.09906616310160428,0.09906616310160428,0.09906616310160428,0.09906616310160428,0.09906616310160428,0.09906616310160428,,1.0,0.0,0.0,0.0,1.0,0.0,1.0,"{""TIMEOUT_CLOSE"":1}",DESCRIPTIVE_N_LT_20
BOARD_CONDITIONAL_ROBUSTNESS_V1,CONDITIONAL_ON_FILL_ONLY,TIME_H3,ALL,ALL,263,263,0,263,-0.02429685808891961,-0.047979797979797977,-0.22054652316617052,-0.14505486137322288,-0.047979797979797977,0.05452055414704817,0.22856277160915203,0.6502773178764188,263,-0.02539717763386758,-0.049060934343434344,-0.22148788048240592,-0.14605736693551058,-0.049060934343434344,0.05335639249818906,0.22725763576414865,0.6502773178764188,0.38783269961977185,0.49809885931558934,0.3726235741444867,0.12927756653992395,0.2623574144486692,0.18250950570342206,3.026615969581749,"{""DEFERRED_TIMEOUT_OPEN"":7,""TIMEOUT_CLOSE"":256}",
BOARD_CONDITIONAL_ROBUSTNESS_V1,CONDITIONAL_ON_FILL_ONLY,TIME_H3,YEAR,2024,92,92,0,92,-0.015661819381238003,-0.07630099043142521,-0.2402552484418537,-0.17324136724218386,-0.07630099043142521,0.11891450827955981,0.3307977541529684,0.6583365873162305,92,-0.0167691333075392,-0.07735918662917576,-0.2411806416906158,-0.1742210417347177,-0.07735918662917576,0.11769818752785337,0.32940980797210456,0.6583365873162305,0.34782608695652173,0.5543478260869565,0.44565217391304346,0.16304347826086957,0.2826086956521739,0.2608695652173913,3.0543478260869565,"{""DEFERRED_TIMEOUT_OPEN"":5,""TIMEOUT_CLOSE"":87}",
BOARD_CONDITIONAL_ROBUSTNESS_V1,CONDITIONAL_ON_FILL_ONLY,TIME_H3,YEAR,2025,123,123,0,123,-0.036459477379846936,-0.049581443566637046,-0.20530082461445986,-0.13728846115633508,-0.049581443566637046,0.05186931728208559,0.13060337682635156,0.4417506161390349,123,-0.03754994520316927,-0.05066128259734807,-0.20625453094652213,-0.13829725750279845,-0.05066128259734807,0.050707303135087096,0.1293775880911222,0.44175061613903494,0.3983739837398374,0.5040650406504065,0.3983739837398374,0.11382113821138211,0.25203252032520324,0.13821138211382114,3.016260162601626,"{""DEFERRED_TIMEOUT_OPEN"":2,""TIMEOUT_CLOSE"":121}",
BOARD_CONDITIONAL_ROBUSTNESS_V1,CONDITIONAL_ON_FILL_ONLY,TIME_H3,YEAR,2026,48,48,0,48,-0.009680637012308068,-0.014556488643571949,-0.17843770307690568,-0.07770847573479152,-0.014556488643571949,0.05088568583481607,0.12465909090909115,0.452765649083215,48,-0.010792795696328098,-0.015664697887770654,-0.17941316853741338,-0.07876553186944635,-0.015664697887770654,0.04972446842928987,0.12343811704545478,0.4527656490832144,0.4375,0.375,0.16666666666666666,0.10416666666666667,0.25,0.14583333333333334,3.0,"{""TIMEOUT_CLOSE"":48}",
BOARD_CONDITIONAL_ROBUSTNESS_V1,CONDITIONAL_ON_FILL_ONLY,TIME_H3,SPLIT,DEVELOPMENT,215,215,0,215,-0.02756001442230265,-0.06800506420690902,-0.2242626190454056,-0.15291028634764176,-0.06800506420690902,0.0581485780615206,0.24413288937269215,0.6896476319897789,215,-0.028657690810620584,-0.06906998010490142,-0.2252009663239788,-0.15390642901570017,-0.06906998010490142,0.056981477713290776,0.24281514173230026,0.6896476319897787,0.3767441860465116,0.5255813953488372,0.4186046511627907,0.13488372093023257,0.2651162790697674,0.19069767441860466,3.0325581395348835,"{""DEFERRED_TIMEOUT_OPEN"":7,""TIMEOUT_CLOSE"":208}",
BOARD_CONDITIONAL_ROBUSTNESS_V1,CONDITIONAL_ON_FILL_ONLY,TIME_H3,SPLIT,TEMPORAL_VALIDATION,48,48,0,48,-0.009680637012308068,-0.014556488643571949,-0.17843770307690568,-0.07770847573479152,-0.014556488643571949,0.05088568583481607,0.12465909090909115,0.452765649083215,48,-0.010792795696328098,-0.015664697887770654,-0.17941316853741338,-0.07876553186944635,-0.015664697887770654,0.04972446842928987,0.12343811704545478,0.4527656490832144,0.4375,0.375,0.16666666666666666,0.10416666666666667,0.25,0.14583333333333334,3.0,"{""TIMEOUT_CLOSE"":48}",
BOARD_CONDITIONAL_ROBUSTNESS_V1,CONDITIONAL_ON_FILL_ONLY,TIME_H3,ENTRY_TYPE,ENTRY_A_PULLBACK_TO_MA5_V1,224,224,0,224,-0.022198082497508393,-0.04517474126293686,-0.22218831917793855,-0.14890597821111415,-0.04517474126293686,0.057627416473219575,0.24017374598003607,0.5868070945223247,224,-0.02330010205068541,-0.046258149722513874,-0.22312834663940442,-0.14990536436876317,-0.046258149722513874,0.05646073826587627,0.23885920524579224,0.5868070945223246,0.40625,0.48660714285714285,0.36607142857142855,0.13839285714285715,0.27232142857142855,0.1875,3.0267857142857144,"{""DEFERRED_TIMEOUT_OPEN"":6,""TIMEOUT_CLOSE"":218}",
BOARD_CONDITIONAL_ROBUSTNESS_V1,CONDITIONAL_ON_FILL_ONLY,TIME_H3,ENTRY_TYPE,ENTRY_B_RSI_RECROSS_70_V1,39,39,0,39,-0.03635136404984557,-0.07109557109557109,-0.17768359065975806,-0.12359305812239842,-0.07109557109557109,0.007325701389043557,0.15144916517137566,1.0949469598049009,39,-0.03744191944496519,-0.07215798368298368,-0.17865966695132365,-0.12461294774531927,-0.07215798368298368,0.006199767570918432,0.15020649134758685,1.0949469598049006,0.28205128205128205,0.5641025641025641,0.41025641025641024,0.07692307692307693,0.20512820512820512,0.15384615384615385,3.0256410256410255,"{""DEFERRED_TIMEOUT_OPEN"":1,""TIMEOUT_CLOSE"":38}",
BOARD_CONDITIONAL_ROBUSTNESS_V1,CONDITIONAL_ON_FILL_ONLY,TIME_H3,OBSERVATION_STRENGTH,4/5,256,256,0,256,-0.026357709370861876,-0.047341547341547344,-0.2219094054734193,-0.14558290626355969,-0.047341547341547344,0.05365001025521154,0.20099258384196364,0.6424612433809458,256,-0.02745635962627148,-0.04842320068820069,-0.22284965885498587,-0.14658498410948623,-0.04842320068820069,0.052486553746904814,0.19970977984905164,0.6424612433809458,0.38671875,0.49609375,0.37109375,0.1328125,0.2578125,0.17578125,3.02734375,"{""DEFERRED_TIMEOUT_OPEN"":7,""TIMEOUT_CLOSE"":249}",
BOARD_CONDITIONAL_ROBUSTNESS_V1,CONDITIONAL_ON_FILL_ONLY,TIME_H3,OBSERVATION_STRENGTH,5/5,7,7,0,7,0.05107141736496907,-0.07377049180327869,-0.13040574332499796,-0.1090138830304253,-0.07377049180327869,0.2411207381196468,0.32268297005139107,0.4094036792118544,7,0.04991004951690344,-0.07483073770491804,-0.13142011467290474,-0.11004558178517065,-0.07483073770491804,0.23980543032176987,0.32130159684564946,0.4094036792118545,0.42857142857142855,0.5714285714285714,0.42857142857142855,0.0,0.42857142857142855,0.42857142857142855,3.0,"{""TIMEOUT_CLOSE"":7}",DESCRIPTIVE_N_LT_20
BOARD_CONDITIONAL_ROBUSTNESS_V1,CONDITIONAL_ON_FILL_ONLY,TIME_H3,ENTRY_ORDINAL,FIRST_ENTRY,224,224,0,224,-0.02738522876477751,-0.05789320588768852,-0.22443168311046005,-0.15173534242662287,-0.05789320588768852,0.055267470848942124,0.24017374598003607,0.6639699373522926,224,-0.028483046729478042,-0.0589663123909195,-0.2253698934471406,-0.1527324367992573,-0.0589663123909195,0.05410270419755448,0.23885920524579224,0.6639699373522929,0.38392857142857145,0.5178571428571429,0.38839285714285715,0.13839285714285715,0.26339285714285715,0.18303571428571427,3.03125,"{""DEFERRED_TIMEOUT_OPEN"":7,""TIMEOUT_CLOSE"":217}",
BOARD_CONDITIONAL_ROBUSTNESS_V1,CONDITIONAL_ON_FILL_ONLY,TIME_H3,ENTRY_ORDINAL,SUBSEQUENT_ENTRY,39,39,0,39,-0.006558523950658821,-0.00967741935483871,-0.19304418315125393,-0.109024064171123,-0.00967741935483871,0.05020203667958942,0.19613036687011884,0.644337518040698,39,-0.007673211546258789,-0.01078958064516129,-0.1940078173629014,-0.11005575467914439,-0.01078958064516129,0.049041373029878946,0.19485150127295403,0.644337518040698,0.41025641025641024,0.38461538461538464,0.28205128205128205,0.07692307692307693,0.2564102564102564,0.1794871794871795,3.0,"{""TIMEOUT_CLOSE"":39}",
BOARD_CONDITIONAL_ROBUSTNESS_V1,CONDITIONAL_ON_FILL_ONLY,TIME_H3,REPEATED_SECURITY,SINGLE_ENTRY_SECURITY,187,187,0,187,-0.041482014588807244,-0.06800506420690902,-0.2263534821265081,-0.16408909448237885,-0.06800506420690902,0.05052347544522397,0.15996960696041496,0.5941016991797701,187,-0.0425684141569903,-0.06906998010490142,-0.22729013580598564,-0.1650761823158481,-0.06906998010490142,0.04936255143011333,0.15872003157877704,0.5941016991797702,0.36363636363636365,0.5347593582887701,0.4117647058823529,0.1497326203208556,0.24598930481283424,0.16042780748663102,3.0320855614973263,"{""DEFERRED_TIMEOUT_OPEN"":6,""TIMEOUT_CLOSE"":181}",
BOARD_CONDITIONAL_ROBUSTNESS_V1,CONDITIONAL_ON_FILL_ONLY,TIME_H3,REPEATED_SECURITY,REPEATED_SECURITY,76,76,0,76,0.017987671720014434,-0.010237525421062686,-0.17817139448568398,-0.10899064171122995,-0.010237525421062686,0.08965042288472265,0.3307948544150322,0.6433025225476189,76,0.016853101705921223,-0.011349233025471625,-0.17914707565615057,-0.11002235929144386,-0.011349233025471625,0.08845780604218602,0.32940691058295607,0.6433025225476185,0.4473684210526316,0.40789473684210525,0.27631578947368424,0.07894736842105263,0.3026315789473684,0.23684210526315788,3.013157894736842,"{""DEFERRED_TIMEOUT_OPEN"":1,""TIMEOUT_CLOSE"":75}",
BOARD_CONDITIONAL_ROBUSTNESS_V1,CONDITIONAL_ON_FILL_ONLY,TIME_H3,REENTRY_STRUCTURE,SINGLE_ENTRY_SECURITY,187,187,0,187,-0.041482014588807244,-0.06800506420690902,-0.2263534821265081,-0.16408909448237885,-0.06800506420690902,0.05052347544522397,0.15996960696041496,0.5941016991797701,187,-0.0425684141569903,-0.06906998010490142,-0.22729013580598564,-0.1650761823158481,-0.06906998010490142,0.04936255143011333,0.15872003157877704,0.5941016991797702,0.36363636363636365,0.5347593582887701,0.4117647058823529,0.1497326203208556,0.24598930481283424,0.16042780748663102,3.0320855614973263,"{""DEFERRED_TIMEOUT_OPEN"":6,""TIMEOUT_CLOSE"":181}",
BOARD_CONDITIONAL_ROBUSTNESS_V1,CONDITIONAL_ON_FILL_ONLY,TIME_H3,REENTRY_STRUCTURE,REPEATED_SECURITY_FIRST_ENTRY,37,37,0,37,0.04386068877829165,-0.012804097311139564,-0.15496407372696033,-0.09917355371900827,-0.012804097311139564,0.27393785668991755,0.33119250451273624,0.462210317440153,37,0.04270516162038124,-0.013913725992317542,-0.1559585528272415,-0.10021322314049587,-0.013913725992317542,0.27259596702599875,0.32980423858408087,0.4622103174401529,0.4864864864864865,0.43243243243243246,0.2702702702702703,0.08108108108108109,0.35135135135135137,0.2972972972972973,3.027027027027027,"{""DEFERRED_TIMEOUT_OPEN"":1,""TIMEOUT_CLOSE"":36}",
BOARD_CONDITIONAL_ROBUSTNESS_V1,CONDITIONAL_ON_FILL_ONLY,TIME_H3,REENTRY_STRUCTURE,REPEATED_SECURITY_SUBSEQUENT_ENTRY,39,39,0,39,-0.006558523950658821,-0.00967741935483871,-0.19304418315125393,-0.109024064171123,-0.00967741935483871,0.05020203667958942,0.19613036687011884,0.644337518040698,39,-0.007673211546258789,-0.01078958064516129,-0.1940078173629014,-0.11005575467914439,-0.01078958064516129,0.049041373029878946,0.19485150127295403,0.644337518040698,0.41025641025641024,0.38461538461538464,0.28205128205128205,0.07692307692307693,0.2564102564102564,0.1794871794871795,3.0,"{""TIMEOUT_CLOSE"":39}",
BOARD_CONDITIONAL_ROBUSTNESS_V1,CONDITIONAL_ON_FILL_ONLY,TIME_H3,TRIGGER_PROVENANCE,QUALIFIED_BY_V3_PRICE_PATH,262,262,0,262,-0.02397372693944473,-0.047341547341547344,-0.22087932218914588,-0.14529738373825463,-0.047341547341547344,0.0547223982856453,0.23099608321091608,0.6445910494457118,262,-0.025074308220623783,-0.04842320068820069,-0.22182040993817267,-0.14629969285742667,-0.04842320068820069,0.05355807314303393,0.22968897638351524,0.644591049445712,0.3893129770992366,0.4961832061068702,0.3702290076335878,0.1297709923664122,0.2633587786259542,0.183206106870229,3.0267175572519083,"{""DEFERRED_TIMEOUT_OPEN"":7,""TIMEOUT_CLOSE"":255}",
BOARD_CONDITIONAL_ROBUSTNESS_V1,CONDITIONAL_ON_FILL_ONLY,TIME_H3,TRIGGER_PROVENANCE,QUALIFIED_BY_OPERATIONAL_STATUS,1,1,0,1,-0.1089572192513369,-0.1089572192513369,-0.1089572192513369,-0.1089572192513369,-0.1089572192513369,-0.1089572192513369,-0.1089572192513369,,1,-0.10998896390374331,-0.10998896390374331,-0.10998896390374331,-0.10998896390374331,-0.10998896390374331,-0.10998896390374331,-0.10998896390374331,,0.0,1.0,1.0,0.0,0.0,0.0,3.0,"{""TIMEOUT_CLOSE"":1}",DESCRIPTIVE_N_LT_20
BOARD_CONDITIONAL_ROBUSTNESS_V1,CONDITIONAL_ON_FILL_ONLY,TIME_H5,ALL,ALL,263,263,0,263,-0.03691165971812838,-0.06858407079646017,-0.24747786287185947,-0.1785134812693868,-0.06858407079646017,0.05088857354183299,0.22947312580101514,1.2016195851414206,263,-0.0380017612737567,-0.06964851769911505,-0.24839740580293326,-0.1794888853495586,-0.06964851769911505,0.049727353797264104,0.22816725256911632,1.2016195851414209,0.33460076045627374,0.5551330798479087,0.44106463878326996,0.21673003802281368,0.2509505703422053,0.18631178707224336,5.019011406844107,"{""DEFERRED_TIMEOUT_OPEN"":3,""TIMEOUT_CLOSE"":260}",
BOARD_CONDITIONAL_ROBUSTNESS_V1,CONDITIONAL_ON_FILL_ONLY,TIME_H5,YEAR,2024,92,92,0,92,-0.030462170835685264,-0.1186378051264147,-0.24938365317165254,-0.20957036731106274,-0.1186378051264147,0.01974298813182384,0.42291131642114815,1.272937855648346,92,-0.031557496477308364,-0.11966170850426232,-0.2503016524125835,-0.2105206153135408,-0.11966170850426232,0.018606996311437064,0.42144875825484707,1.272937855648346,0.2608695652173913,0.6630434782608695,0.5760869565217391,0.31521739130434784,0.22826086956521738,0.21739130434782608,5.043478260869565,"{""DEFERRED_TIMEOUT_OPEN"":2,""TIMEOUT_CLOSE"":90}",
BOARD_CONDITIONAL_ROBUSTNESS_V1,CONDITIONAL_ON_FILL_ONLY,TIME_H5,YEAR,2025,123,123,0,123,-0.041851666116760736,-0.042988741044012284,-0.24725725510879398,-0.16770617674777888,-0.042988741044012284,0.07032697233720075,0.13629368575624082,0.425783382287735,123,-0.042937766267206155,-0.044073920163766635,-0.24817697673215589,-0.1686903347446132,-0.044073920163766635,0.06915000748960762,0.13506328787077826,0.42578338228773494,0.3902439024390244,0.4878048780487805,0.37398373983739835,0.17073170731707318,0.2764227642276423,0.17886178861788618,5.008130081300813,"{""DEFERRED_TIMEOUT_OPEN"":1,""TIMEOUT_CLOSE"":122}",
BOARD_CONDITIONAL_ROBUSTNESS_V1,CONDITIONAL_ON_FILL_ONLY,TIME_H5,YEAR,2026,48,48,0,48,-0.03661441367964897,-0.05511013518895318,-0.2191887361381402,-0.146118829365122,-0.05511013518895318,0.04203940419628523,0.13474967061923585,1.231398539615188,48,-0.03770475600456845,-0.05618549597945012,-0.22013119326186828,-0.14712047311333623,-0.05618549597945012,0.04088535227888623,0.13352052338603426,1.2313985396151885,0.3333333333333333,0.5208333333333334,0.3541666666666667,0.14583333333333334,0.22916666666666666,0.14583333333333334,5.0,"{""TIMEOUT_CLOSE"":48}",
BOARD_CONDITIONAL_ROBUSTNESS_V1,CONDITIONAL_ON_FILL_ONLY,TIME_H5,SPLIT,DEVELOPMENT,215,215,0,215,-0.03697802162439355,-0.07662835249042145,-0.24861501173392836,-0.1880031420317786,-0.07662835249042145,0.05815870365597024,0.24704364360738856,1.187968287678644,215,-0.03806806942687779,-0.07768628352490421,-0.24953363357442387,-0.18897085948673287,-0.07768628352490421,0.0569915951060089,0.24572353825606658,1.1879682876786437,0.33488372093023255,0.5627906976744186,0.4604651162790698,0.23255813953488372,0.2558139534883721,0.19534883720930232,5.023255813953488,"{""DEFERRED_TIMEOUT_OPEN"":3,""TIMEOUT_CLOSE"":212}",
BOARD_CONDITIONAL_ROBUSTNESS_V1,CONDITIONAL_ON_FILL_ONLY,TIME_H5,SPLIT,TEMPORAL_VALIDATION,48,48,0,48,-0.03661441367964897,-0.05511013518895318,-0.2191887361381402,-0.146118829365122,-0.05511013518895318,0.04203940419628523,0.13474967061923585,1.231398539615188,48,-0.03770475600456845,-0.05618549597945012,-0.22013119326186828,-0.14712047311333623,-0.05618549597945012,0.04088535227888623,0.13352052338603426,1.2313985396151885,0.3333333333333333,0.5208333333333334,0.3541666666666667,0.14583333333333334,0.22916666666666666,0.14583333333333334,5.0,"{""TIMEOUT_CLOSE"":48}",
BOARD_CONDITIONAL_ROBUSTNESS_V1,CONDITIONAL_ON_FILL_ONLY,TIME_H5,ENTRY_TYPE,ENTRY_A_PULLBACK_TO_MA5_V1,224,224,0,224,-0.03791917348806922,-0.07557723047776924,-0.24990542244640604,-0.18668617341562546,-0.07557723047776924,0.06322208702705835,0.23732471592390655,1.140162717545947,224,-0.03900845895754388,-0.07663601292108223,-0.25082299905422445,-0.18765495761515882,-0.07663601292108223,0.06205087713656643,0.23601248290400817,1.1401627175459472,0.3392857142857143,0.5491071428571429,0.45535714285714285,0.22321428571428573,0.26339285714285715,0.19642857142857142,5.022321428571429,"{""DEFERRED_TIMEOUT_OPEN"":3,""TIMEOUT_CLOSE"":221}",
BOARD_CONDITIONAL_ROBUSTNESS_V1,CONDITIONAL_ON_FILL_ONLY,TIME_H5,ENTRY_TYPE,ENTRY_B_RSI_RECROSS_70_V1,39,39,0,39,-0.031124913962570784,-0.05982905982905983,-0.22897849696954586,-0.14902869404433083,-0.05982905982905983,0.024981590758394116,0.14154809843400454,1.6744182473559226,39,-0.0322197027822611,-0.06090059829059829,-0.2299130243870005,-0.1500279808021549,-0.06090059829059829,0.023841355669879816,0.140313444474273,1.674418247355923,0.3076923076923077,0.5897435897435898,0.358974358974359,0.1794871794871795,0.1794871794871795,0.1282051282051282,5.0,"{""TIMEOUT_CLOSE"":39}",
BOARD_CONDITIONAL_ROBUSTNESS_V1,CONDITIONAL_ON_FILL_ONLY,TIME_H5,OBSERVATION_STRENGTH,4/5,256,256,0,256,-0.03666478893375986,-0.06644917751648416,-0.24717636116654107,-0.1783762825101408,-0.06644917751648416,0.051263229838954885,0.22492001586772514,1.1713106063614966,256,-0.037755090454723514,-0.06751535368269582,-0.24809614831399618,-0.17935179772130758,-0.06751535368269582,0.05010170662278533,0.22361783065487228,1.1713106063614964,0.33984375,0.55078125,0.43359375,0.21484375,0.25390625,0.1875,5.01171875,"{""DEFERRED_TIMEOUT_OPEN"":2,""TIMEOUT_CLOSE"":254}",
BOARD_CONDITIONAL_ROBUSTNESS_V1,CONDITIONAL_ON_FILL_ONLY,TIME_H5,OBSERVATION_STRENGTH,5/5,7,7,0,7,-0.045940076975034404,-0.12085769980506822,-0.24027793699924846,-0.18222075830771484,-0.12085769980506822,-0.06560468776475874,0.20387640194842835,1.7027665297679915,7,-0.04702286551268464,-0.12187980506822613,-0.24120331187027907,-0.18319315949348558,-0.12187980506822613,-0.06667154796766928,0.20259126206285008,1.7027665297679917,0.14285714285714285,0.7142857142857143,0.7142857142857143,0.2857142857142857,0.14285714285714285,0.14285714285714285,5.285714285714286,"{""DEFERRED_TIMEOUT_OPEN"":1,""TIMEOUT_CLOSE"":6}",DESCRIPTIVE_N_LT_20
BOARD_CONDITIONAL_ROBUSTNESS_V1,CONDITIONAL_ON_FILL_ONLY,TIME_H5,ENTRY_ORDINAL,FIRST_ENTRY,224,224,0,224,-0.03440894333654721,-0.07336668788483558,-0.24951193936246974,-0.1813187955487012,-0.07336668788483558,0.05836119199108523,0.24825621755402652,1.1673762589582641,224,-0.03550107209244461,-0.07442726086764885,-0.25042983469158614,-0.18229192732430677,-0.07442726086764885,0.05719391942557245,0.24693513001780776,1.1673762589582641,0.3482142857142857,0.5580357142857143,0.44642857142857145,0.22767857142857142,0.25892857142857145,0.19642857142857142,5.004464285714286,"{""DEFERRED_TIMEOUT_OPEN"":1,""TIMEOUT_CLOSE"":223}",
BOARD_CONDITIONAL_ROBUSTNESS_V1,CONDITIONAL_ON_FILL_ONLY,TIME_H5,ENTRY_ORDINAL,SUBSEQUENT_ENTRY,39,39,0,39,-0.05128623585849205,-0.0625,-0.22646420705148274,-0.1497153209109731,-0.0625,0.013741558258643002,0.10900034508480448,1.2871423062076437,39,-0.05236469400744667,-0.063569375,-0.22740077104377104,-0.15071405150103517,-0.063569375,0.012610427596453502,0.1077920548052858,1.2871423062076444,0.2564102564102564,0.5384615384615384,0.41025641025641024,0.15384615384615385,0.20512820512820512,0.1282051282051282,5.102564102564102,"{""DEFERRED_TIMEOUT_OPEN"":2,""TIMEOUT_CLOSE"":37}",
BOARD_CONDITIONAL_ROBUSTNESS_V1,CONDITIONAL_ON_FILL_ONLY,TIME_H5,REPEATED_SECURITY,SINGLE_ENTRY_SECURITY,187,187,0,187,-0.059308049332697656,-0.08010335917312661,-0.25655528967189034,-0.18685228629048856,-0.08010335917312661,0.03562192306974686,0.15950707571718856,1.170239141204962,187,-0.060380009812738174,-0.08115847545219639,-0.2574674798872561,-0.18782093593859323,-0.08115847545219639,0.034473069312060366,0.15825787498585764,1.170239141204962,0.3048128342245989,0.5935828877005348,0.46524064171123,0.23529411764705882,0.20855614973262032,0.1497326203208556,5.005347593582887,"{""DEFERRED_TIMEOUT_OPEN"":1,""TIMEOUT_CLOSE"":186}",
BOARD_CONDITIONAL_ROBUSTNESS_V1,CONDITIONAL_ON_FILL_ONLY,TIME_H5,REPEATED_SECURITY,REPEATED_SECURITY,76,76,0,76,0.018195246307193387,-0.023157193269420083,-0.22786106381205273,-0.144936882233433,-0.023157193269420083,0.10344422178573622,0.39322934377532354,1.009237800965576,76,0.01706050815768456,-0.024258435942871855,-0.22879649635036498,-0.14593948335882392,-0.024258435942871855,0.10224043196608977,0.3917908280068655,1.0092378009655756,0.40789473684210525,0.4605263157894737,0.3815789473684211,0.17105263157894737,0.35526315789473684,0.27631578947368424,5.052631578947368,"{""DEFERRED_TIMEOUT_OPEN"":2,""TIMEOUT_CLOSE"":74}",
BOARD_CONDITIONAL_ROBUSTNESS_V1,CONDITIONAL_ON_FILL_ONLY,TIME_H5,REENTRY_STRUCTURE,SINGLE_ENTRY_SECURITY,187,187,0,187,-0.059308049332697656,-0.08010335917312661,-0.25655528967189034,-0.18685228629048856,-0.08010335917312661,0.03562192306974686,0.15950707571718856,1.170239141204962,187,-0.060380009812738174,-0.08115847545219639,-0.2574674798872561,-0.18782093593859323,-0.08115847545219639,0.034473069312060366,0.15825787498585764,1.170239141204962,0.3048128342245989,0.5935828877005348,0.46524064171123,0.23529411764705882,0.20855614973262032,0.1497326203208556,5.005347593582887,"{""DEFERRED_TIMEOUT_OPEN"":1,""TIMEOUT_CLOSE"":186}",
BOARD_CONDITIONAL_ROBUSTNESS_V1,CONDITIONAL_ON_FILL_ONLY,TIME_H5,REENTRY_STRUCTURE,REPEATED_SECURITY_FIRST_ENTRY,37,37,0,37,0.09143248426561858,0.05693950177935943,-0.22303593332126842,-0.14084507042253522,0.05693950177935943,0.31908237747653806,0.505224261124803,0.4727372390052428,37,0.09023842395336341,0.05577338078291815,-0.2239752742152782,-0.14185098591549294,0.05577338078291815,0.3177039207507821,0.5036950294732919,0.47273723900524267,0.5675675675675675,0.3783783783783784,0.35135135135135137,0.1891891891891892,0.5135135135135135,0.43243243243243246,5.0,"{""TIMEOUT_CLOSE"":37}",
BOARD_CONDITIONAL_ROBUSTNESS_V1,CONDITIONAL_ON_FILL_ONLY,TIME_H5,REENTRY_STRUCTURE,REPEATED_SECURITY_SUBSEQUENT_ENTRY,39,39,0,39,-0.05128623585849205,-0.0625,-0.22646420705148274,-0.1497153209109731,-0.0625,0.013741558258643002,0.10900034508480448,1.2871423062076437,39,-0.05236469400744667,-0.063569375,-0.22740077104377104,-0.15071405150103517,-0.063569375,0.012610427596453502,0.1077920548052858,1.2871423062076444,0.2564102564102564,0.5384615384615384,0.41025641025641024,0.15384615384615385,0.20512820512820512,0.1282051282051282,5.102564102564102,"{""DEFERRED_TIMEOUT_OPEN"":2,""TIMEOUT_CLOSE"":37}",
BOARD_CONDITIONAL_ROBUSTNESS_V1,CONDITIONAL_ON_FILL_ONLY,TIME_H5,TRIGGER_PROVENANCE,QUALIFIED_BY_V3_PRICE_PATH,262,262,0,262,-0.036274387406565536,-0.06754619216782629,-0.24757836344029893,-0.17708482462419473,-0.06754619216782629,0.05106846548313725,0.23099082911211166,1.1968402942384824,262,-0.03736500515276622,-0.06861147975217036,-0.24849782496591227,-0.17806138591624912,-0.06861147975217036,0.04990710002609591,0.22968372654053087,1.1968402942384828,0.33587786259541985,0.5534351145038168,0.4389312977099237,0.21374045801526717,0.25190839694656486,0.18702290076335878,5.019083969465649,"{""DEFERRED_TIMEOUT_OPEN"":3,""TIMEOUT_CLOSE"":259}",
BOARD_CONDITIONAL_ROBUSTNESS_V1,CONDITIONAL_ON_FILL_ONLY,TIME_H5,TRIGGER_PROVENANCE,QUALIFIED_BY_OPERATIONAL_STATUS,1,1,0,1,-0.2038770053475936,-0.2038770053475936,-0.2038770053475936,-0.2038770053475936,-0.2038770053475936,-0.2038770053475936,-0.2038770053475936,,1,-0.20483186497326203,-0.20483186497326203,-0.20483186497326203,-0.20483186497326203,-0.20483186497326203,-0.20483186497326203,-0.20483186497326203,,0.0,1.0,1.0,1.0,0.0,0.0,5.0,"{""TIMEOUT_CLOSE"":1}",DESCRIPTIVE_N_LT_20
BOARD_CONDITIONAL_ROBUSTNESS_V1,CONDITIONAL_ON_FILL_ONLY,TP5_H5,ALL,ALL,263,263,0,263,0.0069534595004329776,0.050352467270896276,-0.2038298887214896,0.05,0.050352467270896276,0.05135736173183755,0.07878552248073489,-1.8209624534911033,263,0.005827827198237627,0.04919168177240685,-0.2047847865116252,0.0488395,0.04919168177240685,0.050195762268834765,0.0776017062075255,-1.8209624534911029,0.7832699619771863,0.18631178707224336,0.1596958174904943,0.11026615969581749,0.26996197718631176,0.0038022813688212928,2.0190114068441063,"{""TIMEOUT_CLOSE"":57,""TP_GAP_OPEN"":56,""TP_INTRADAY"":150}",
BOARD_CONDITIONAL_ROBUSTNESS_V1,CONDITIONAL_ON_FILL_ONLY,TP5_H5,YEAR,2024,92,92,0,92,0.002677691076832164,0.050546315528048016,-0.22836532503298526,0.05,0.050546315528048016,0.05317509442542602,0.09934439891555605,-1.5433843535646394,92,0.0015555221470599295,0.0493853730124703,-0.22930034911970856,0.0488395,0.0493853730124703,0.05201202259894142,0.09814392995243444,-1.5433843535646394,0.7934782608695652,0.1956521739130435,0.1956521739130435,0.17391304347826086,0.34782608695652173,0.0,1.8369565217391304,"{""TIMEOUT_CLOSE"":19,""TP_GAP_OPEN"":22,""TP_INTRADAY"":51}",
BOARD_CONDITIONAL_ROBUSTNESS_V1,CONDITIONAL_ON_FILL_ONLY,TP5_H5,YEAR,2025,123,123,0,123,0.008786454753382432,0.05027932960893855,-0.18496288524332963,0.05,0.05027932960893855,0.0510576493371071,0.0695034891420482,-1.92023702576223,123,0.007659337725032193,0.04911860335195531,-0.18593306530628254,0.0488395,0.04911860335195531,0.04989629264114405,0.06832719131584314,-1.9202370257622303,0.7723577235772358,0.17886178861788618,0.14634146341463414,0.07317073170731707,0.23577235772357724,0.008130081300813009,2.048780487804878,"{""TIMEOUT_CLOSE"":28,""TP_GAP_OPEN"":24,""TP_INTRADAY"":71}",
BOARD_CONDITIONAL_ROBUSTNESS_V1,CONDITIONAL_ON_FILL_ONLY,TP5_H5,YEAR,2026,48,48,0,48,0.010451631976651561,0.050338082315694255,-0.12695315749529987,0.05004654853727108,0.050338082315694255,0.05092499598458856,0.06894956274150908,-2.223519092675136,48,0.009323166154750472,0.04917730846901854,-0.12797032543772868,0.048886010832955885,0.04917730846901854,0.04976374673784105,0.06777371359568846,-2.2235190926751365,0.7916666666666666,0.1875,0.125,0.08333333333333333,0.20833333333333334,0.0,2.2916666666666665,"{""TIMEOUT_CLOSE"":10,""TP_GAP_OPEN"":10,""TP_INTRADAY"":28}",
BOARD_CONDITIONAL_ROBUSTNESS_V1,CONDITIONAL_ON_FILL_ONLY,TP5_H5,SPLIT,DEVELOPMENT,215,215,0,215,0.006172472156905108,0.050352467270896276,-0.20636036248328712,0.05,0.050352467270896276,0.05163421574699953,0.08014379915010013,-1.7421943835426124,215,0.0050474724544580145,0.04919168177240685,-0.20731321058967567,0.0488395,0.04919168177240685,0.050472392032244455,0.07895888267278854,-1.7421943835426121,0.7813953488372093,0.18604651162790697,0.16744186046511628,0.11627906976744186,0.2837209302325581,0.004651162790697674,1.958139534883721,"{""TIMEOUT_CLOSE"":47,""TP_GAP_OPEN"":46,""TP_INTRADAY"":122}",
BOARD_CONDITIONAL_ROBUSTNESS_V1,CONDITIONAL_ON_FILL_ONLY,TP5_H5,SPLIT,TEMPORAL_VALIDATION,48,48,0,48,0.010451631976651561,0.050338082315694255,-0.12695315749529987,0.05004654853727108,0.050338082315694255,0.05092499598458856,0.06894956274150908,-2.223519092675136,48,0.009323166154750472,0.04917730846901854,-0.12797032543772868,0.048886010832955885,0.04917730846901854,0.04976374673784105,0.06777371359568846,-2.2235190926751365,0.7916666666666666,0.1875,0.125,0.08333333333333333,0.20833333333333334,0.0,2.2916666666666665,"{""TIMEOUT_CLOSE"":10,""TP_GAP_OPEN"":10,""TP_INTRADAY"":28}",
BOARD_CONDITIONAL_ROBUSTNESS_V1,CONDITIONAL_ON_FILL_ONLY,TP5_H5,ENTRY_TYPE,ENTRY_A_PULLBACK_TO_MA5_V1,224,224,0,224,0.004498596568832021,0.05032735416398783,-0.2088627510336092,0.05,0.05032735416398783,0.0512638491501704,0.08028076002539933,-1.749836876418003,224,0.0033749527056112665,0.049166589007115,-0.209813572205272,0.0488395,0.049166589007115,0.05010232543235876,0.07909573260977876,-1.7498368764180032,0.78125,0.1875,0.16964285714285715,0.12053571428571429,0.25892857142857145,0.004464285714285714,2.0401785714285716,"{""TIMEOUT_CLOSE"":49,""TP_GAP_OPEN"":46,""TP_INTRADAY"":129}",
BOARD_CONDITIONAL_ROBUSTNESS_V1,CONDITIONAL_ON_FILL_ONLY,TP5_H5,ENTRY_TYPE,ENTRY_B_RSI_RECROSS_70_V1,39,39,0,39,0.021053185056294884,0.05037513397642015,-0.07503153265395769,0.05,0.05037513397642015,0.05172833199542679,0.06712638967160203,-2.146150965485751,39,0.019916131976399284,0.049214330117899246,-0.07609075711250798,0.0488395,0.049214330117899246,0.0505664320465105,0.06595201729596803,-2.1461509654857513,0.7948717948717948,0.1794871794871795,0.10256410256410256,0.05128205128205128,0.3333333333333333,0.0,1.8974358974358974,"{""TIMEOUT_CLOSE"":8,""TP_GAP_OPEN"":10,""TP_INTRADAY"":21}",
BOARD_CONDITIONAL_ROBUSTNESS_V1,CONDITIONAL_ON_FILL_ONLY,TP5_H5,OBSERVATION_STRENGTH,4/5,256,256,0,256,0.005479705666807371,0.05034688209961196,-0.20596130301369303,0.05,0.05034688209961196,0.051300340173378686,0.07862260593211369,-1.7808430963222148,256,0.004355267105217257,0.04918610112511128,-0.20691447435825194,0.0488395,0.04918610112511128,0.05013878689783825,0.07743892162130867,-1.7808430963222148,0.77734375,0.19140625,0.1640625,0.11328125,0.265625,0.00390625,2.046875,"{""TIMEOUT_CLOSE"":57,""TP_GAP_OPEN"":52,""TP_INTRADAY"":147}",
BOARD_CONDITIONAL_ROBUSTNESS_V1,CONDITIONAL_ON_FILL_ONLY,TP5_H5,OBSERVATION_STRENGTH,5/5,7,7,0,7,0.060850742558740865,0.05056384139687159,0.05008776613809404,0.05012960006086979,0.05056384139687159,0.06246677299308878,0.07866383129541026,1.6432198575600345,7,0.05968145345726829,0.049402884685340126,0.04892719504752219,0.048968995084820485,0.049402884685340126,0.06129617490696438,0.07748011359206097,1.6432198575600347,1.0,0.0,0.0,0.0,0.42857142857142855,0.0,1.0,"{""TP_GAP_OPEN"":4,""TP_INTRADAY"":3}",DESCRIPTIVE_N_LT_20
BOARD_CONDITIONAL_ROBUSTNESS_V1,CONDITIONAL_ON_FILL_ONLY,TP5_H5,ENTRY_ORDINAL,FIRST_ENTRY,224,224,0,224,0.007241713521200436,0.050359712230215826,-0.20675942195288127,0.05,0.050359712230215826,0.05156610356586702,0.08028076002539933,-1.8081851841874477,224,0.006115847733248263,0.049198920863309355,-0.20771194682109945,0.0488395,0.049198920863309355,0.05040433502197868,0.07909573260977876,-1.808185184187448,0.7901785714285714,0.17857142857142858,0.16071428571428573,0.11607142857142858,0.27232142857142855,0.004464285714285714,1.9776785714285714,"{""TIMEOUT_CLOSE"":47,""TP_GAP_OPEN"":48,""TP_INTRADAY"":129}",
BOARD_CONDITIONAL_ROBUSTNESS_V1,CONDITIONAL_ON_FILL_ONLY,TP5_H5,ENTRY_ORDINAL,SUBSEQUENT_ENTRY,39,39,0,39,0.005297846663204497,0.050220264317180616,-0.14844759610119374,0.021171516079632465,0.050220264317180616,0.051039623482504244,0.07025930839720147,-1.9059194809599633,39,0.004173555407407302,0.0490595859030837,-0.14944735354835176,0.020034367151607967,0.0490595859030837,0.04987828138748342,0.06908239835739975,-1.9059194809599627,0.7435897435897436,0.23076923076923078,0.15384615384615385,0.07692307692307693,0.2564102564102564,0.0,2.2564102564102564,"{""TIMEOUT_CLOSE"":10,""TP_GAP_OPEN"":8,""TP_INTRADAY"":21}",
BOARD_CONDITIONAL_ROBUSTNESS_V1,CONDITIONAL_ON_FILL_ONLY,TP5_H5,REPEATED_SECURITY,SINGLE_ENTRY_SECURITY,187,187,0,187,0.003466313386309067,0.05035650623885918,-0.21181510238473586,0.05,0.05035650623885918,0.05151955158981085,0.07986987739950178,-1.7136273930292254,187,0.002343505672466156,0.0491957174688057,-0.21276353215180424,0.0488395,0.0491957174688057,0.0503578207530231,0.07868518279880819,-1.7136273930292256,0.7754010695187166,0.1925133689839572,0.1711229946524064,0.12834224598930483,0.26737967914438504,0.0053475935828877,2.037433155080214,"{""TIMEOUT_CLOSE"":42,""TP_GAP_OPEN"":42,""TP_INTRADAY"":103}",
BOARD_CONDITIONAL_ROBUSTNESS_V1,CONDITIONAL_ON_FILL_ONLY,TP5_H5,REPEATED_SECURITY,REPEATED_SECURITY,76,76,0,76,0.015533674281237864,0.050330237742224324,-0.1472202892678458,0.050049888392154254,0.050330237742224324,0.051256780888843965,0.07284047370254267,-2.1116247424551657,76,0.01440109200507006,0.04916947024965312,-0.14822104083353888,0.048889347982556605,0.04916947024965312,0.050095262896324,0.07166147291884362,-2.1116247424551657,0.8026315789473685,0.17105263157894737,0.13157894736842105,0.06578947368421052,0.27631578947368424,0.0,1.9736842105263157,"{""TIMEOUT_CLOSE"":15,""TP_GAP_OPEN"":14,""TP_INTRADAY"":47}",
BOARD_CONDITIONAL_ROBUSTNESS_V1,CONDITIONAL_ON_FILL_ONLY,TP5_H5,REENTRY_STRUCTURE,SINGLE_ENTRY_SECURITY,187,187,0,187,0.003466313386309067,0.05035650623885918,-0.21181510238473586,0.05,0.05035650623885918,0.05151955158981085,0.07986987739950178,-1.7136273930292254,187,0.002343505672466156,0.0491957174688057,-0.21276353215180424,0.0488395,0.0491957174688057,0.0503578207530231,0.07868518279880819,-1.7136273930292256,0.7754010695187166,0.1925133689839572,0.1711229946524064,0.12834224598930483,0.26737967914438504,0.0053475935828877,2.037433155080214,"{""TIMEOUT_CLOSE"":42,""TP_GAP_OPEN"":42,""TP_INTRADAY"":103}",
BOARD_CONDITIONAL_ROBUSTNESS_V1,CONDITIONAL_ON_FILL_ONLY,TP5_H5,REENTRY_STRUCTURE,REPEATED_SECURITY_FIRST_ENTRY,37,37,0,37,0.026322789878624384,0.050697084917617236,-0.08900528558117526,0.05009511731135067,0.050697084917617236,0.05154639175257732,0.07831005892356752,-2.317009711890124,37,0.025181468418822697,0.04953602027883397,-0.09005319129985452,0.04893454026632847,0.04953602027883397,0.050384639175257734,0.07712662777583941,-2.317009711890124,0.8648648648648649,0.10810810810810811,0.10810810810810811,0.05405405405405406,0.2972972972972973,0.0,1.6756756756756757,"{""TIMEOUT_CLOSE"":5,""TP_GAP_OPEN"":6,""TP_INTRADAY"":26}",
BOARD_CONDITIONAL_ROBUSTNESS_V1,CONDITIONAL_ON_FILL_ONLY,TP5_H5,REENTRY_STRUCTURE,REPEATED_SECURITY_SUBSEQUENT_ENTRY,39,39,0,39,0.005297846663204497,0.050220264317180616,-0.14844759610119374,0.021171516079632465,0.050220264317180616,0.051039623482504244,0.07025930839720147,-1.9059194809599633,39,0.004173555407407302,0.0490595859030837,-0.14944735354835176,0.020034367151607967,0.0490595859030837,0.04987828138748342,0.06908239835739975,-1.9059194809599627,0.7435897435897436,0.23076923076923078,0.15384615384615385,0.07692307692307693,0.2564102564102564,0.0,2.2564102564102564,"{""TIMEOUT_CLOSE"":10,""TP_GAP_OPEN"":8,""TP_INTRADAY"":21}",
BOARD_CONDITIONAL_ROBUSTNESS_V1,CONDITIONAL_ON_FILL_ONLY,TP5_H5,TRIGGER_PROVENANCE,QUALIFIED_BY_V3_PRICE_PATH,262,262,0,262,0.006788649460970614,0.05035448675487773,-0.203897947193606,0.05,0.05035448675487773,0.05135843917407588,0.07883982799694196,-1.8148315535492752,262,0.005663150654907228,0.049193699620606275,-0.20485278985637917,0.0488395,0.049193699620606275,0.05019683883834487,0.07765596773626443,-1.8148315535492747,0.7824427480916031,0.18702290076335878,0.16030534351145037,0.11068702290076336,0.27099236641221375,0.003816793893129771,2.0229007633587788,"{""TIMEOUT_CLOSE"":57,""TP_GAP_OPEN"":56,""TP_INTRADAY"":149}",
BOARD_CONDITIONAL_ROBUSTNESS_V1,CONDITIONAL_ON_FILL_ONLY,TP5_H5,TRIGGER_PROVENANCE,QUALIFIED_BY_OPERATIONAL_STATUS,1,1,0,1,0.05013368983957219,0.05013368983957219,0.05013368983957219,0.05013368983957219,0.05013368983957219,0.05013368983957219,0.05013368983957219,,1,0.04897308155080214,0.04897308155080214,0.04897308155080214,0.04897308155080214,0.04897308155080214,0.04897308155080214,0.04897308155080214,,1.0,0.0,0.0,0.0,0.0,0.0,1.0,"{""TP_INTRADAY"":1}",DESCRIPTIVE_N_LT_20
BOARD_CONDITIONAL_ROBUSTNESS_V1,CONDITIONAL_ON_FILL_ONLY,TP10_H5,ALL,ALL,263,263,0,263,-0.011063766285782647,0.10003449465332874,-0.2447734498847501,-0.13901124234814,0.10003449465332874,0.10040805210127209,0.10115518275513148,-0.7209893969214615,263,-0.012174804635091163,0.09883346671265954,-0.2456951833903435,-0.140018643241838,0.09883346671265954,0.09920672157907005,0.09995324705709982,-0.7209893969214616,0.5741444866920152,0.3688212927756654,0.30038022813688214,0.18250950570342206,0.5551330798479087,0.09505703422053231,3.285171102661597,"{""TIMEOUT_CLOSE"":118,""TP_GAP_OPEN"":30,""TP_INTRADAY"":115}",
BOARD_CONDITIONAL_ROBUSTNESS_V1,CONDITIONAL_ON_FILL_ONLY,TP10_H5,YEAR,2024,92,92,0,92,-0.023190167834657698,0.1,-0.24604493403037092,-0.19342376262566086,0.1,0.10028435114787151,0.10139543257578905,-0.46123792698513594,92,-0.024291383798711624,0.098799,-0.24696563763380633,-0.19438708937793409,0.098799,0.09908312082344173,0.10019330227540267,-0.4612379269851358,0.5434782608695652,0.41304347826086957,0.3695652173913043,0.25,0.532608695652174,0.11956521739130435,3.0434782608695654,"{""TIMEOUT_CLOSE"":43,""TP_GAP_OPEN"":15,""TP_INTRADAY"":34}",
BOARD_CONDITIONAL_ROBUSTNESS_V1,CONDITIONAL_ON_FILL_ONLY,TP10_H5,YEAR,2025,123,123,0,123,-0.005546300589008267,0.10010427528675704,-0.2447734498847501,-0.11661590841449522,0.10010427528675704,0.100452636968766,0.10097091565035538,-0.8514891514106071,123,-0.0066618080855311715,0.09890319082377476,-0.2456951833903435,-0.11764144952867948,0.09890319082377476,0.0992512703328213,0.09976912920867859,-0.8514891514106068,0.5934959349593496,0.34146341463414637,0.2682926829268293,0.15447154471544716,0.5772357723577236,0.08130081300813008,3.4552845528455283,"{""TIMEOUT_CLOSE"":53,""TP_GAP_OPEN"":10,""TP_INTRADAY"":60}",
BOARD_CONDITIONAL_ROBUSTNESS_V1,CONDITIONAL_ON_FILL_ONLY,TP10_H5,YEAR,2026,48,48,0,48,-0.0019600024984231467,0.10005720825517526,-0.2098754646463965,-0.08153183007319095,0.10005720825517526,0.10037904478863513,0.10118500093861461,-0.9659810788522011,48,-0.003078414896399423,0.09885616191648856,-0.21082546552003292,-0.08258578929083166,0.09885616191648856,0.09917773776235633,0.09998304108785433,-0.9659810788522009,0.5833333333333334,0.3541666666666667,0.25,0.125,0.5416666666666666,0.08333333333333333,3.3125,"{""TIMEOUT_CLOSE"":22,""TP_GAP_OPEN"":5,""TP_INTRADAY"":21}",
BOARD_CONDITIONAL_ROBUSTNESS_V1,CONDITIONAL_ON_FILL_ONLY,TP10_H5,SPLIT,DEVELOPMENT,215,215,0,215,-0.013096234480169883,0.1,-0.24591974084332574,-0.16182195573010127,0.1,0.10041124540555167,0.10104168547236916,-0.6728080883636631,215,-0.014205626530240947,0.098799,-0.24684054585324264,-0.1628108799459599,0.098799,0.09920991229677317,0.09983984170713654,-0.6728080883636632,0.5720930232558139,0.37209302325581395,0.3116279069767442,0.19534883720930232,0.5581395348837209,0.09767441860465116,3.2790697674418605,"{""TIMEOUT_CLOSE"":96,""TP_GAP_OPEN"":25,""TP_INTRADAY"":94}",
BOARD_CONDITIONAL_ROBUSTNESS_V1,CONDITIONAL_ON_FILL_ONLY,TP10_H5,SPLIT,TEMPORAL_VALIDATION,48,48,0,48,-0.0019600024984231467,0.10005720825517526,-0.2098754646463965,-0.08153183007319095,0.10005720825517526,0.10037904478863513,0.10118500093861461,-0.9659810788522011,48,-0.003078414896399423,0.09885616191648856,-0.21082546552003292,-0.08258578929083166,0.09885616191648856,0.09917773776235633,0.09998304108785433,-0.9659810788522009,0.5833333333333334,0.3541666666666667,0.25,0.125,0.5416666666666666,0.08333333333333333,3.3125,"{""TIMEOUT_CLOSE"":22,""TP_GAP_OPEN"":5,""TP_INTRADAY"":21}",
BOARD_CONDITIONAL_ROBUSTNESS_V1,CONDITIONAL_ON_FILL_ONLY,TP10_H5,ENTRY_TYPE,ENTRY_A_PULLBACK_TO_MA5_V1,224,224,0,224,-0.01098808630578001,0.10006705199669327,-0.24781575861400149,-0.14179669001654377,0.10006705199669327,0.10041054073556271,0.10124321880650995,-0.7312605794334377,224,-0.012099185955872328,0.09886599768457595,-0.24873502784952417,-0.14280183469763036,0.09886599768457595,0.09920920819756691,0.10004121179927668,-0.7312605794334376,0.5848214285714286,0.35714285714285715,0.3080357142857143,0.1875,0.5669642857142857,0.10267857142857142,3.2455357142857144,"{""TIMEOUT_CLOSE"":98,""TP_GAP_OPEN"":26,""TP_INTRADAY"":100}",
BOARD_CONDITIONAL_ROBUSTNESS_V1,CONDITIONAL_ON_FILL_ONLY,TP10_H5,ENTRY_TYPE,ENTRY_B_RSI_RECROSS_70_V1,39,39,0,39,-0.011498441042720868,0.01977401129943503,-0.214753296550245,-0.08937731986218145,0.01977401129943503,0.10038632853604174,0.10103807477749092,-0.5917727346074495,39,-0.012609127305476265,0.018637994350282485,-0.2156993463800393,-0.09042492423309309,0.018637994350282485,0.09918501560992754,0.09983623393692116,-0.5917727346074495,0.5128205128205128,0.4358974358974359,0.2564102564102564,0.15384615384615385,0.48717948717948717,0.05128205128205128,3.5128205128205128,"{""TIMEOUT_CLOSE"":20,""TP_GAP_OPEN"":4,""TP_INTRADAY"":15}",
BOARD_CONDITIONAL_ROBUSTNESS_V1,CONDITIONAL_ON_FILL_ONLY,TP10_H5,OBSERVATION_STRENGTH,4/5,256,256,0,256,-0.012259739275873286,0.10001724732666437,-0.24475077777917728,-0.14080693547566991,0.10001724732666437,0.10041054073556271,0.10111397528467495,-0.7210099673609726,256,-0.01336980888705983,0.09881623335632977,-0.24567252964917616,-0.14181288185793461,0.09881623335632977,0.09920920819756691,0.09991207296469436,-0.7210099673609723,0.5703125,0.37109375,0.30078125,0.18359375,0.55078125,0.09375,3.3125,"{""TIMEOUT_CLOSE"":116,""TP_GAP_OPEN"":28,""TP_INTRADAY"":112}",
BOARD_CONDITIONAL_ROBUSTNESS_V1,CONDITIONAL_ON_FILL_ONLY,TP10_H5,OBSERVATION_STRENGTH,5/5,7,7,0,7,0.032674674494675045,0.1000363768643143,-0.17813476616042545,-0.015217391304347822,0.1000363768643143,0.10011443532222229,0.14353180932128304,-0.8713967038863778,7,0.03152820800833436,0.0988353473990542,-0.1791104769998355,-0.0163250652173913,0.0988353473990542,0.0989133426296113,0.14229554855573281,-0.8713967038863777,0.7142857142857143,0.2857142857142857,0.2857142857142857,0.14285714285714285,0.7142857142857143,0.14285714285714285,2.2857142857142856,"{""TIMEOUT_CLOSE"":2,""TP_GAP_OPEN"":2,""TP_INTRADAY"":3}",DESCRIPTIVE_N_LT_20
BOARD_CONDITIONAL_ROBUSTNESS_V1,CONDITIONAL_ON_FILL_ONLY,TP10_H5,ENTRY_ORDINAL,FIRST_ENTRY,224,224,0,224,-0.015782952191321465,0.10003543575882151,-0.24737736230342,-0.15860691266819948,0.10003543575882151,0.10041054073556271,0.10102841890406657,-0.6712562820323004,224,-0.016890168000046495,0.09883440705585686,-0.24829698663995423,-0.15959844106893822,0.09883440705585686,0.09920920819756691,0.09982658588475428,-0.6712562820323003,0.5669642857142857,0.38392857142857145,0.3169642857142857,0.19642857142857142,0.5491071428571429,0.09375,3.299107142857143,"{""TIMEOUT_CLOSE"":102,""TP_GAP_OPEN"":24,""TP_INTRADAY"":98}",
BOARD_CONDITIONAL_ROBUSTNESS_V1,CONDITIONAL_ON_FILL_ONLY,TP10_H5,ENTRY_ORDINAL,SUBSEQUENT_ENTRY,39,39,0,39,0.01604130147936339,0.1,-0.19957566468470023,-0.056093062887933545,0.1,0.10038581471634724,0.1016458316953639,-1.027468404324321,39,0.014908308025165105,0.098799,-0.20053400839630564,-0.057167627506994306,0.098799,0.099184502206427,0.10044349857169066,-1.0274684043243207,0.6153846153846154,0.28205128205128205,0.20512820512820512,0.10256410256410256,0.5897435897435898,0.10256410256410256,3.2051282051282053,"{""TIMEOUT_CLOSE"":16,""TP_GAP_OPEN"":6,""TP_INTRADAY"":17}",
BOARD_CONDITIONAL_ROBUSTNESS_V1,CONDITIONAL_ON_FILL_ONLY,TP10_H5,REPEATED_SECURITY,SINGLE_ENTRY_SECURITY,187,187,0,187,-0.022176323499201806,0.1,-0.2506163328197226,-0.16770617674777888,0.1,0.10037930169848239,0.10103988012493004,-0.6152710008456334,187,-0.023278360677167455,0.098799,-0.2515333335901387,-0.1686903347446132,0.098799,0.0991779944641066,0.09983803782202885,-0.6152710008456332,0.5401069518716578,0.40641711229946526,0.3315508021390374,0.20320855614973263,0.5294117647058824,0.0962566844919786,3.379679144385027,"{""TIMEOUT_CLOSE"":89,""TP_GAP_OPEN"":21,""TP_INTRADAY"":77}",
BOARD_CONDITIONAL_ROBUSTNESS_V1,CONDITIONAL_ON_FILL_ONLY,TP10_H5,REPEATED_SECURITY,REPEATED_SECURITY,76,76,0,76,0.016278973173551346,0.10011524239726999,-0.21362642356081907,-0.05849871231631571,0.10011524239726999,0.10045295055821371,0.10118656529628935,-0.9948256428185064,76,0.015145787205280767,0.09891414905092819,-0.2145733861577348,-0.059571328359339495,0.09891414905092819,0.09925158366826156,0.09998460417839936,-0.9948256428185062,0.6578947368421053,0.27631578947368424,0.2236842105263158,0.13157894736842105,0.618421052631579,0.09210526315789473,3.0526315789473686,"{""TIMEOUT_CLOSE"":29,""TP_GAP_OPEN"":9,""TP_INTRADAY"":38}",
BOARD_CONDITIONAL_ROBUSTNESS_V1,CONDITIONAL_ON_FILL_ONLY,TP10_H5,REENTRY_STRUCTURE,SINGLE_ENTRY_SECURITY,187,187,0,187,-0.022176323499201806,0.1,-0.2506163328197226,-0.16770617674777888,0.1,0.10037930169848239,0.10103988012493004,-0.6152710008456334,187,-0.023278360677167455,0.098799,-0.2515333335901387,-0.1686903347446132,0.098799,0.0991779944641066,0.09983803782202885,-0.6152710008456332,0.5401069518716578,0.40641711229946526,0.3315508021390374,0.20320855614973263,0.5294117647058824,0.0962566844919786,3.379679144385027,"{""TIMEOUT_CLOSE"":89,""TP_GAP_OPEN"":21,""TP_INTRADAY"":77}",
BOARD_CONDITIONAL_ROBUSTNESS_V1,CONDITIONAL_ON_FILL_ONLY,TP10_H5,REENTRY_STRUCTURE,REPEATED_SECURITY_FIRST_ENTRY,37,37,0,37,0.016529491986344055,0.10012674271229405,-0.2128255374740848,-0.05714285714285714,0.10012674271229405,0.10056925996204934,0.10075388364300944,-0.9595955924865037,37,0.015396103097835115,0.09892564005069708,-0.2137731487887308,-0.05821657142857143,0.09892564005069708,0.09936779886148008,0.0995522729972586,-0.9595955924865034,0.7027027027027027,0.2702702702702703,0.24324324324324326,0.16216216216216217,0.6486486486486487,0.08108108108108109,2.891891891891892,"{""TIMEOUT_CLOSE"":13,""TP_GAP_OPEN"":3,""TP_INTRADAY"":21}",
BOARD_CONDITIONAL_ROBUSTNESS_V1,CONDITIONAL_ON_FILL_ONLY,TP10_H5,REENTRY_STRUCTURE,REPEATED_SECURITY_SUBSEQUENT_ENTRY,39,39,0,39,0.01604130147936339,0.1,-0.19957566468470023,-0.056093062887933545,0.1,0.10038581471634724,0.1016458316953639,-1.027468404324321,39,0.014908308025165105,0.098799,-0.20053400839630564,-0.057167627506994306,0.098799,0.099184502206427,0.10044349857169066,-1.0274684043243207,0.6153846153846154,0.28205128205128205,0.20512820512820512,0.10256410256410256,0.5897435897435898,0.10256410256410256,3.2051282051282053,"{""TIMEOUT_CLOSE"":16,""TP_GAP_OPEN"":6,""TP_INTRADAY"":17}",
BOARD_CONDITIONAL_ROBUSTNESS_V1,CONDITIONAL_ON_FILL_ONLY,TP10_H5,TRIGGER_PROVENANCE,QUALIFIED_BY_V3_PRICE_PATH,262,262,0,262,-0.011488694323816719,0.10001724732666437,-0.2447810072532744,-0.1399027330874274,0.10001724732666437,0.10040894408342294,0.10116891857861698,-0.7149795020909658,262,-0.012599388481414429,0.09881623335632977,-0.24570273463739925,-0.14090941187362657,0.09881623335632977,0.09920761283871535,0.0999669717545683,-0.7149795020909657,0.5725190839694656,0.3702290076335878,0.3015267175572519,0.183206106870229,0.5534351145038168,0.09541984732824428,3.2938931297709924,"{""TIMEOUT_CLOSE"":118,""TP_GAP_OPEN"":30,""TP_INTRADAY"":114}",
BOARD_CONDITIONAL_ROBUSTNESS_V1,CONDITIONAL_ON_FILL_ONLY,TP10_H5,TRIGGER_PROVENANCE,QUALIFIED_BY_OPERATIONAL_STATUS,1,1,0,1,0.10026737967914438,0.10026737967914438,0.10026737967914438,0.10026737967914438,0.10026737967914438,0.10026737967914438,0.10026737967914438,,1,0.09906616310160428,0.09906616310160428,0.09906616310160428,0.09906616310160428,0.09906616310160428,0.09906616310160428,0.09906616310160428,,1.0,0.0,0.0,0.0,1.0,0.0,1.0,"{""TP_INTRADAY"":1}",DESCRIPTIVE_N_LT_20
BOARD_CONDITIONAL_ROBUSTNESS_V1,CONDITIONAL_ON_FILL_ONLY,TP5_SL5_H5,ALL,ALL,263,263,0,263,-1.9807753159329515e-05,0.05,-0.07336801673676487,-0.05088145174554248,0.05,0.05083285887385218,0.07654551859141492,-0.07605453254205903,263,-0.0011397917088792702,0.0488395,-0.07442858864320807,-0.051960237769628596,0.0488395,0.04967168425816436,0.07536351672135588,-0.07605453254205878,0.5019011406844106,0.49809885931558934,0.053231939163498096,0.0,0.22433460076045628,0.0038022813688212928,1.015209125475285,"{""DEFERRED_LIMIT_DOWN_OPEN"":2,""SAME_BAR_AMBIGUOUS_STOP_FIRST"":40,""SL_GAP_OPEN"":50,""SL_INTRADAY"":39,""TP_GAP_OPEN"":51,""TP_INTRADAY"":81}",
BOARD_CONDITIONAL_ROBUSTNESS_V1,CONDITIONAL_ON_FILL_ONLY,TP5_SL5_H5,YEAR,2024,92,92,0,92,0.0035412211841172325,0.05,-0.0898864505276036,-0.051259902397247634,0.05,0.05317509442542602,0.09934439891555605,-0.23724585698376197,92,0.002418352794958098,0.0488395,-0.09093364250267626,-0.052338381876305864,0.0488395,0.05201202259894142,0.09814392995243444,-0.23724585698376194,0.532608695652174,0.4673913043478261,0.07608695652173914,0.0,0.2826086956521739,0.0,1.0108695652173914,"{""DEFERRED_LIMIT_DOWN_OPEN"":1,""SAME_BAR_AMBIGUOUS_STOP_FIRST"":15,""SL_GAP_OPEN"":20,""SL_INTRADAY"":7,""TP_GAP_OPEN"":22,""TP_INTRADAY"":27}",
BOARD_CONDITIONAL_ROBUSTNESS_V1,CONDITIONAL_ON_FILL_ONLY,TP5_SL5_H5,YEAR,2025,123,123,0,123,-0.0007859957101616055,0.05,-0.0689325370994066,-0.05068753684226136,0.05,0.05060971082816734,0.06661772159675611,-0.06321112441894434,123,-0.0019053590536363746,0.0488395,-0.06999670174435607,-0.05176647993741913,0.0488395,0.04944871696239653,0.06544376124226273,-0.06321112441894458,0.5040650406504065,0.4959349593495935,0.056910569105691054,0.0,0.2032520325203252,0.008130081300813009,1.008130081300813,"{""DEFERRED_LIMIT_DOWN_OPEN"":1,""SAME_BAR_AMBIGUOUS_STOP_FIRST"":17,""SL_GAP_OPEN"":24,""SL_INTRADAY"":19,""TP_GAP_OPEN"":21,""TP_INTRADAY"":41}",
BOARD_CONDITIONAL_ROBUSTNESS_V1,CONDITIONAL_ON_FILL_ONLY,TP5_SL5_H5,YEAR,2026,48,48,0,48,-0.004881756576454409,-0.0500564527753521,-0.05501093593132132,-0.05063291139240506,-0.0500564527753521,0.05047274450259524,0.06515719909144169,0.29614543785093195,48,-0.005997802353627481,-0.05113590704860407,-0.05608637707321695,-0.05171189873417722,-0.05113590704860407,0.049311861579548144,0.06398442176017761,0.29614543785093195,0.4375,0.5625,0.0,0.0,0.16666666666666666,0.0,1.0416666666666667,"{""SAME_BAR_AMBIGUOUS_STOP_FIRST"":8,""SL_GAP_OPEN"":6,""SL_INTRADAY"":13,""TP_GAP_OPEN"":8,""TP_INTRADAY"":13}",
BOARD_CONDITIONAL_ROBUSTNESS_V1,CONDITIONAL_ON_FILL_ONLY,TP5_SL5_H5,SPLIT,DEVELOPMENT,215,215,0,215,0.0010656505887856184,0.05,-0.08136232971151963,-0.05101215411040241,0.05,0.05100567409727913,0.07823966886252653,-0.14317756719295757,215,-5.521258819129792e-05,0.0488395,-0.0824164262244533,-0.052090834265573,0.0488395,0.04984435950126033,0.07705629473074788,-0.1431775671929575,0.5162790697674419,0.48372093023255813,0.06511627906976744,0.0,0.2372093023255814,0.004651162790697674,1.0093023255813953,"{""DEFERRED_LIMIT_DOWN_OPEN"":2,""SAME_BAR_AMBIGUOUS_STOP_FIRST"":32,""SL_GAP_OPEN"":44,""SL_INTRADAY"":26,""TP_GAP_OPEN"":43,""TP_INTRADAY"":68}",
BOARD_CONDITIONAL_ROBUSTNESS_V1,CONDITIONAL_ON_FILL_ONLY,TP5_SL5_H5,SPLIT,TEMPORAL_VALIDATION,48,48,0,48,-0.004881756576454409,-0.0500564527753521,-0.05501093593132132,-0.05063291139240506,-0.0500564527753521,0.05047274450259524,0.06515719909144169,0.29614543785093195,48,-0.005997802353627481,-0.05113590704860407,-0.05608637707321695,-0.05171189873417722,-0.05113590704860407,0.049311861579548144,0.06398442176017761,0.29614543785093195,0.4375,0.5625,0.0,0.0,0.16666666666666666,0.0,1.0416666666666667,"{""SAME_BAR_AMBIGUOUS_STOP_FIRST"":8,""SL_GAP_OPEN"":6,""SL_INTRADAY"":13,""TP_GAP_OPEN"":8,""TP_INTRADAY"":13}",
BOARD_CONDITIONAL_ROBUSTNESS_V1,CONDITIONAL_ON_FILL_ONLY,TP5_SL5_H5,ENTRY_TYPE,ENTRY_A_PULLBACK_TO_MA5_V1,224,224,0,224,-0.001368320200741114,-0.05,-0.07591641370860608,-0.050898997339361575,-0.05,0.05073273404423093,0.07903074723413708,-0.04906322491497854,224,-0.0024872118613785132,-0.0510795,-0.07697492141350211,-0.05197776915151669,-0.0510795,0.049571640529655105,0.07784673232887743,-0.04906322491497848,0.49107142857142855,0.5089285714285714,0.0625,0.0,0.21875,0.004464285714285714,1.0178571428571428,"{""DEFERRED_LIMIT_DOWN_OPEN"":2,""SAME_BAR_AMBIGUOUS_STOP_FIRST"":35,""SL_GAP_OPEN"":44,""SL_INTRADAY"":33,""TP_GAP_OPEN"":42,""TP_INTRADAY"":68}",
BOARD_CONDITIONAL_ROBUSTNESS_V1,CONDITIONAL_ON_FILL_ONLY,TP5_SL5_H5,ENTRY_TYPE,ENTRY_B_RSI_RECROSS_70_V1,39,39,0,39,0.007725494509874509,0.05,-0.06184319147535338,-0.05067672732460862,0.05,0.051072792089056,0.06712638967160203,-0.20282443024486915,39,0.006599236859321511,0.0488395,-0.06291309849025835,-0.05175567917547569,0.0488395,0.04991142312746387,0.06595201729596803,-0.2028244302448693,0.5641025641025641,0.4358974358974359,0.0,0.0,0.2564102564102564,0.0,1.0,"{""SAME_BAR_AMBIGUOUS_STOP_FIRST"":5,""SL_GAP_OPEN"":6,""SL_INTRADAY"":6,""TP_GAP_OPEN"":9,""TP_INTRADAY"":13}",
BOARD_CONDITIONAL_ROBUSTNESS_V1,CONDITIONAL_ON_FILL_ONLY,TP5_SL5_H5,OBSERVATION_STRENGTH,4/5,256,256,0,256,-0.0008158703257504238,-0.05,-0.07456356010556928,-0.050898997339361575,-0.05,0.05080217459189942,0.0764396145152492,-0.059527258887642064,256,-0.0019352094707865658,-0.0510795,-0.07562316362188377,-0.05197776915151669,-0.0510795,0.049641024830479975,0.07525769842749185,-0.059527258887642,0.49609375,0.50390625,0.0546875,0.0,0.21875,0.00390625,1.015625,"{""DEFERRED_LIMIT_DOWN_OPEN"":2,""SAME_BAR_AMBIGUOUS_STOP_FIRST"":39,""SL_GAP_OPEN"":49,""SL_INTRADAY"":39,""TP_GAP_OPEN"":47,""TP_INTRADAY"":80}",
BOARD_CONDITIONAL_ROBUSTNESS_V1,CONDITIONAL_ON_FILL_ONLY,TP5_SL5_H5,OBSERVATION_STRENGTH,5/5,7,7,0,7,0.029093337758743548,0.05056384139687159,-0.05888340866381524,3.496656077864313e-06,0.05056384139687159,0.06246677299308878,0.07866383129541026,-0.7349390947309793,7,0.027949772155158963,0.049402884685340126,-0.05995571310279755,-0.0011165061762135678,0.049402884685340126,0.06129617490696438,0.07748011359206097,-0.7349390947309792,0.7142857142857143,0.2857142857142857,0.0,0.0,0.42857142857142855,0.0,1.0,"{""SAME_BAR_AMBIGUOUS_STOP_FIRST"":1,""SL_GAP_OPEN"":1,""TP_GAP_OPEN"":4,""TP_INTRADAY"":1}",DESCRIPTIVE_N_LT_20
BOARD_CONDITIONAL_ROBUSTNESS_V1,CONDITIONAL_ON_FILL_ONLY,TP5_SL5_H5,ENTRY_ORDINAL,FIRST_ENTRY,224,224,0,224,0.00017181041674756996,0.05,-0.07440116861549409,-0.05087307582190655,0.05,0.05092407926154342,0.07903074723413708,-0.09815569552033139,224,-0.0009483287496899956,0.0488395,-0.07546090366891554,-0.0519518686304908,0.0488395,0.04976283075734158,0.07784673232887743,-0.09815569552033143,0.5044642857142857,0.4955357142857143,0.05803571428571429,0.0,0.22767857142857142,0.004464285714285714,1.0178571428571428,"{""DEFERRED_LIMIT_DOWN_OPEN"":2,""SAME_BAR_AMBIGUOUS_STOP_FIRST"":34,""SL_GAP_OPEN"":41,""SL_INTRADAY"":34,""TP_GAP_OPEN"":44,""TP_INTRADAY"":69}",
BOARD_CONDITIONAL_ROBUSTNESS_V1,CONDITIONAL_ON_FILL_ONLY,TP5_SL5_H5,ENTRY_ORDINAL,SUBSEQUENT_ENTRY,39,39,0,39,-0.0011203839085220343,-0.05,-0.07116420966010016,-0.05086613405978507,-0.05,0.050550144300144303,0.06540438419475585,0.07016945675029228,39,-0.0022394763975561306,-0.0510795,-0.07222656665027548,-0.051944932491196645,-0.0510795,0.049389198683261186,0.06423140664355809,0.07016945675029228,0.48717948717948717,0.5128205128205128,0.02564102564102564,0.0,0.20512820512820512,0.0,1.0,"{""SAME_BAR_AMBIGUOUS_STOP_FIRST"":6,""SL_GAP_OPEN"":9,""SL_INTRADAY"":5,""TP_GAP_OPEN"":7,""TP_INTRADAY"":12}",
BOARD_CONDITIONAL_ROBUSTNESS_V1,CONDITIONAL_ON_FILL_ONLY,TP5_SL5_H5,REPEATED_SECURITY,SINGLE_ENTRY_SECURITY,187,187,0,187,0.0006853898687961227,0.05,-0.06959486647782738,-0.050744834683033764,0.05,0.05073842614184,0.07873946056996906,-0.009397587950525001,187,-0.00043516529699760224,0.0488395,-0.07065849463598034,-0.051823731366940504,0.0488395,0.04957732801666511,0.07755568160690737,-0.009397587950524816,0.5026737967914439,0.49732620320855614,0.053475935828877004,0.0,0.2192513368983957,0.0053475935828877,1.0160427807486632,"{""DEFERRED_LIMIT_DOWN_OPEN"":1,""SAME_BAR_AMBIGUOUS_STOP_FIRST"":28,""SL_GAP_OPEN"":34,""SL_INTRADAY"":30,""TP_GAP_OPEN"":38,""TP_INTRADAY"":56}",
BOARD_CONDITIONAL_ROBUSTNESS_V1,CONDITIONAL_ON_FILL_ONLY,TP5_SL5_H5,REPEATED_SECURITY,REPEATED_SECURITY,76,76,0,76,-0.0017549650598128767,0.0,-0.07491675494866645,-0.050928109853588095,0.0,0.05102392681210415,0.0710803018130367,-0.22135353673300565,76,-0.0028735435381144277,-0.0011199999999999995,-0.07597607237715803,-0.052006858084606686,-0.001119999999999996,0.04986259743138635,0.06990272676856815,-0.2213535367330054,0.5,0.5,0.05263157894736842,0.0,0.23684210526315788,0.0,1.013157894736842,"{""DEFERRED_LIMIT_DOWN_OPEN"":1,""SAME_BAR_AMBIGUOUS_STOP_FIRST"":12,""SL_GAP_OPEN"":16,""SL_INTRADAY"":9,""TP_GAP_OPEN"":13,""TP_INTRADAY"":25}",
BOARD_CONDITIONAL_ROBUSTNESS_V1,CONDITIONAL_ON_FILL_ONLY,TP5_SL5_H5,REENTRY_STRUCTURE,SINGLE_ENTRY_SECURITY,187,187,0,187,0.0006853898687961227,0.05,-0.06959486647782738,-0.050744834683033764,0.05,0.05073842614184,0.07873946056996906,-0.009397587950525001,187,-0.00043516529699760224,0.0488395,-0.07065849463598034,-0.051823731366940504,0.0488395,0.04957732801666511,0.07755568160690737,-0.009397587950524816,0.5026737967914439,0.49732620320855614,0.053475935828877004,0.0,0.2192513368983957,0.0053475935828877,1.0160427807486632,"{""DEFERRED_LIMIT_DOWN_OPEN"":1,""SAME_BAR_AMBIGUOUS_STOP_FIRST"":28,""SL_GAP_OPEN"":34,""SL_INTRADAY"":30,""TP_GAP_OPEN"":38,""TP_INTRADAY"":56}",
BOARD_CONDITIONAL_ROBUSTNESS_V1,CONDITIONAL_ON_FILL_ONLY,TP5_SL5_H5,REENTRY_STRUCTURE,REPEATED_SECURITY_FIRST_ENTRY,37,37,0,37,-0.002423847894957278,0.05,-0.0866668627794026,-0.051008303677342826,0.05,0.051233396584440226,0.07831005892356752,-0.4118471018635456,37,-0.003541884578162362,0.0488395,-0.08771666262055128,-0.05208698695136418,0.0488395,0.05007189753320683,0.07712662777583941,-0.4118471018635457,0.5135135135135135,0.4864864864864865,0.08108108108108109,0.0,0.2702702702702703,0.0,1.027027027027027,"{""DEFERRED_LIMIT_DOWN_OPEN"":1,""SAME_BAR_AMBIGUOUS_STOP_FIRST"":6,""SL_GAP_OPEN"":7,""SL_INTRADAY"":4,""TP_GAP_OPEN"":6,""TP_INTRADAY"":13}",
BOARD_CONDITIONAL_ROBUSTNESS_V1,CONDITIONAL_ON_FILL_ONLY,TP5_SL5_H5,REENTRY_STRUCTURE,REPEATED_SECURITY_SUBSEQUENT_ENTRY,39,39,0,39,-0.0011203839085220343,-0.05,-0.07116420966010016,-0.05086613405978507,-0.05,0.050550144300144303,0.06540438419475585,0.07016945675029228,39,-0.0022394763975561306,-0.0510795,-0.07222656665027548,-0.051944932491196645,-0.0510795,0.049389198683261186,0.06423140664355809,0.07016945675029228,0.48717948717948717,0.5128205128205128,0.02564102564102564,0.0,0.20512820512820512,0.0,1.0,"{""SAME_BAR_AMBIGUOUS_STOP_FIRST"":6,""SL_GAP_OPEN"":9,""SL_INTRADAY"":5,""TP_GAP_OPEN"":7,""TP_INTRADAY"":12}",
BOARD_CONDITIONAL_ROBUSTNESS_V1,CONDITIONAL_ON_FILL_ONLY,TP5_SL5_H5,TRIGGER_PROVENANCE,QUALIFIED_BY_V3_PRICE_PATH,262,262,0,262,-0.00021123331649036586,0.0,-0.0735365980098167,-0.05088982766917843,0.0,0.050840158250485414,0.07658081995013684,-0.06906611195880069,262,-0.0013310622175040086,-0.0011199999999999995,-0.07459703336542874,-0.051968606908766396,-0.001119999999999996,0.049678977722302516,0.07539878948597722,-0.06906611195880072,0.5,0.5,0.05343511450381679,0.0,0.22519083969465647,0.003816793893129771,1.015267175572519,"{""DEFERRED_LIMIT_DOWN_OPEN"":2,""SAME_BAR_AMBIGUOUS_STOP_FIRST"":40,""SL_GAP_OPEN"":50,""SL_INTRADAY"":39,""TP_GAP_OPEN"":51,""TP_INTRADAY"":80}",
BOARD_CONDITIONAL_ROBUSTNESS_V1,CONDITIONAL_ON_FILL_ONLY,TP5_SL5_H5,TRIGGER_PROVENANCE,QUALIFIED_BY_OPERATIONAL_STATUS,1,1,0,1,0.05013368983957219,0.05013368983957219,0.05013368983957219,0.05013368983957219,0.05013368983957219,0.05013368983957219,0.05013368983957219,,1,0.04897308155080214,0.04897308155080214,0.04897308155080214,0.04897308155080214,0.04897308155080214,0.04897308155080214,0.04897308155080214,,1.0,0.0,0.0,0.0,0.0,0.0,1.0,"{""TP_INTRADAY"":1}",DESCRIPTIVE_N_LT_20
BOARD_CONDITIONAL_ROBUSTNESS_V1,CONDITIONAL_ON_FILL_ONLY,TP10_SL10_H5,ALL,ALL,263,263,0,263,-0.0073971564361660835,0.1,-0.1512445297447463,-0.10138189780229391,0.1,0.10037878787878787,0.10115518275513148,-0.17724081179141654,263,-0.008511164739452789,0.098799,-0.15224202167565307,-0.10241977846507405,0.098799,0.09917748106060606,0.09995324705709982,-0.1772408117914164,0.5095057034220533,0.4790874524714829,0.4714828897338403,0.015209125475285171,0.5019011406844106,0.09505703422053231,2.1102661596958177,"{""DEFERRED_LIMIT_DOWN_OPEN"":6,""SAME_BAR_AMBIGUOUS_STOP_FIRST"":2,""SL_GAP_OPEN"":58,""SL_INTRADAY"":57,""TIMEOUT_CLOSE"":8,""TP_GAP_OPEN"":30,""TP_INTRADAY"":102}",
BOARD_CONDITIONAL_ROBUSTNESS_V1,CONDITIONAL_ON_FILL_ONLY,TP10_SL10_H5,YEAR,2024,92,92,0,92,-0.008322249328974171,0.1,-0.1884155644316396,-0.10873889196946496,0.1,0.10026767889543707,0.10139543257578905,-0.17084009138754946,92,-0.009435508307017703,0.098799,-0.18938294782444998,-0.10977081346696968,0.098799,0.09906646207553177,0.10019330227540267,-0.17084009138754955,0.5108695652173914,0.4673913043478261,0.45652173913043476,0.021739130434782608,0.5108695652173914,0.11956521739130435,1.9130434782608696,"{""DEFERRED_LIMIT_DOWN_OPEN"":2,""SAME_BAR_AMBIGUOUS_STOP_FIRST"":1,""SL_GAP_OPEN"":28,""SL_INTRADAY"":11,""TIMEOUT_CLOSE"":3,""TP_GAP_OPEN"":15,""TP_INTRADAY"":32}",
BOARD_CONDITIONAL_ROBUSTNESS_V1,CONDITIONAL_ON_FILL_ONLY,TP10_SL10_H5,YEAR,2025,123,123,0,123,-0.008885862802516149,0.03748558246828143,-0.14480228367330888,-0.10056090643918794,0.03748558246828143,0.10040805210127209,0.10097091565035538,-0.17389041961038898,123,-0.009998665253646113,0.03633521914648212,-0.14580499382353349,-0.1015994521049722,0.03633521914648212,0.09920672157907005,0.09976912920867859,-0.17389041961038898,0.5040650406504065,0.4959349593495935,0.4878048780487805,0.016260162601626018,0.4959349593495935,0.08130081300813008,2.16260162601626,"{""DEFERRED_LIMIT_DOWN_OPEN"":4,""SAME_BAR_AMBIGUOUS_STOP_FIRST"":1,""SL_GAP_OPEN"":23,""SL_INTRADAY"":32,""TIMEOUT_CLOSE"":2,""TP_GAP_OPEN"":10,""TP_INTRADAY"":51}",
BOARD_CONDITIONAL_ROBUSTNESS_V1,CONDITIONAL_ON_FILL_ONLY,TP10_SL10_H5,YEAR,2026,48,48,0,48,-0.0018092516611785392,0.06295666949872558,-0.12963813448521258,-0.10039056988387579,0.06295666949872558,0.10021686744090406,0.10118500093861461,-0.16707418527749737,48,-0.0029277861673329846,0.061785674596431604,-0.13065312759627956,-0.10142925352226985,0.061785674596431604,0.09901569177827695,0.09998304108785433,-0.1670741852774974,0.5208333333333334,0.4583333333333333,0.4583333333333333,0.0,0.5,0.08333333333333333,2.3541666666666665,"{""SL_GAP_OPEN"":7,""SL_INTRADAY"":14,""TIMEOUT_CLOSE"":3,""TP_GAP_OPEN"":5,""TP_INTRADAY"":19}",
BOARD_CONDITIONAL_ROBUSTNESS_V1,CONDITIONAL_ON_FILL_ONLY,TP10_SL10_H5,SPLIT,DEVELOPMENT,215,215,0,215,-0.008644688665000512,0.1,-0.16715156685120852,-0.10225000602250006,0.1,0.10038096482061999,0.10104168547236916,-0.17230323287328486,215,-0.009757686467181864,0.098799,-0.16813617408205905,-0.10328718351762184,0.098799,0.09917965623911529,0.09983984170713654,-0.1723032328732848,0.5069767441860465,0.48372093023255813,0.4744186046511628,0.018604651162790697,0.5023255813953489,0.09767441860465116,2.055813953488372,"{""DEFERRED_LIMIT_DOWN_OPEN"":6,""SAME_BAR_AMBIGUOUS_STOP_FIRST"":2,""SL_GAP_OPEN"":51,""SL_INTRADAY"":43,""TIMEOUT_CLOSE"":5,""TP_GAP_OPEN"":25,""TP_INTRADAY"":83}",
BOARD_CONDITIONAL_ROBUSTNESS_V1,CONDITIONAL_ON_FILL_ONLY,TP10_SL10_H5,SPLIT,TEMPORAL_VALIDATION,48,48,0,48,-0.0018092516611785392,0.06295666949872558,-0.12963813448521258,-0.10039056988387579,0.06295666949872558,0.10021686744090406,0.10118500093861461,-0.16707418527749737,48,-0.0029277861673329846,0.061785674596431604,-0.13065312759627956,-0.10142925352226985,0.061785674596431604,0.09901569177827695,0.09998304108785433,-0.1670741852774974,0.5208333333333334,0.4583333333333333,0.4583333333333333,0.0,0.5,0.08333333333333333,2.3541666666666665,"{""SL_GAP_OPEN"":7,""SL_INTRADAY"":14,""TIMEOUT_CLOSE"":3,""TP_GAP_OPEN"":5,""TP_INTRADAY"":19}",
BOARD_CONDITIONAL_ROBUSTNESS_V1,CONDITIONAL_ON_FILL_ONLY,TP10_SL10_H5,ENTRY_TYPE,ENTRY_A_PULLBACK_TO_MA5_V1,224,224,0,224,-0.005961267724358314,0.1,-0.16357905104499956,-0.10107854580037176,0.1,0.10037878787878787,0.10124321880650995,-0.19459385605363944,224,-0.007076439097501584,0.098799,-0.16456655201365314,-0.10211667217827346,0.098799,0.09917748106060606,0.10004121179927668,-0.19459385605363957,0.5178571428571429,0.4732142857142857,0.46875,0.013392857142857142,0.5089285714285714,0.10267857142857142,2.0580357142857144,"{""DEFERRED_LIMIT_DOWN_OPEN"":5,""SAME_BAR_AMBIGUOUS_STOP_FIRST"":2,""SL_GAP_OPEN"":50,""SL_INTRADAY"":47,""TIMEOUT_CLOSE"":6,""TP_GAP_OPEN"":26,""TP_INTRADAY"":88}",
BOARD_CONDITIONAL_ROBUSTNESS_V1,CONDITIONAL_ON_FILL_ONLY,TP10_SL10_H5,ENTRY_TYPE,ENTRY_B_RSI_RECROSS_70_V1,39,39,0,39,-0.01564431211424148,-0.05982905982905983,-0.14093212697820479,-0.1018348482276508,-0.05982905982905983,0.10035316058886552,0.10103807477749092,-0.08623856403340378,39,-0.01675164022142895,-0.06090059829059829,-0.1419379719553524,-0.10287236200058641,-0.06090059829059829,0.09915187452878854,0.09983623393692116,-0.08623856403340374,0.46153846153846156,0.5128205128205128,0.48717948717948717,0.02564102564102564,0.46153846153846156,0.05128205128205128,2.41025641025641,"{""DEFERRED_LIMIT_DOWN_OPEN"":1,""SL_GAP_OPEN"":8,""SL_INTRADAY"":10,""TIMEOUT_CLOSE"":2,""TP_GAP_OPEN"":4,""TP_INTRADAY"":14}",
BOARD_CONDITIONAL_ROBUSTNESS_V1,CONDITIONAL_ON_FILL_ONLY,TP10_SL10_H5,OBSERVATION_STRENGTH,4/5,256,256,0,256,-0.00896712421243142,0.03169946073286629,-0.1573196425318017,-0.10133288898673896,0.03169946073286629,0.10037878787878787,0.10111397528467495,-0.17086635922113616,256,-0.010079860841819352,0.030553784169672665,-0.15831221362135092,-0.10237080934665971,0.030553784169672665,0.09917748106060606,0.09991207296469436,-0.1708663592211362,0.50390625,0.484375,0.4765625,0.015625,0.49609375,0.09375,2.12890625,"{""DEFERRED_LIMIT_DOWN_OPEN"":6,""SAME_BAR_AMBIGUOUS_STOP_FIRST"":2,""SL_GAP_OPEN"":56,""SL_INTRADAY"":57,""TIMEOUT_CLOSE"":8,""TP_GAP_OPEN"":28,""TP_INTRADAY"":99}",
BOARD_CONDITIONAL_ROBUSTNESS_V1,CONDITIONAL_ON_FILL_ONLY,TP10_SL10_H5,OBSERVATION_STRENGTH,5/5,7,7,0,7,0.05001880795296621,0.1000363768643143,-0.1282402253077337,-0.011889973380656602,0.1000363768643143,0.10011443532222229,0.14353180932128304,-0.5968949732418133,7,0.048858292718524314,0.0988353473990542,-0.12925635072523445,-0.013000342502218279,0.0988353473990542,0.0989133426296113,0.14229554855573281,-0.5968949732418136,0.7142857142857143,0.2857142857142857,0.2857142857142857,0.0,0.7142857142857143,0.14285714285714285,1.4285714285714286,"{""SL_GAP_OPEN"":2,""TP_GAP_OPEN"":2,""TP_INTRADAY"":3}",DESCRIPTIVE_N_LT_20
BOARD_CONDITIONAL_ROBUSTNESS_V1,CONDITIONAL_ON_FILL_ONLY,TP10_SL10_H5,ENTRY_ORDINAL,FIRST_ENTRY,224,224,0,224,-0.012625767976230615,-0.06310955066141788,-0.16357905104499956,-0.10215077067115141,-0.06310955066141788,0.10034893425783256,0.10102841890406657,-0.12579003107661194,224,-0.01373554110416987,-0.06417843192538213,-0.16456655201365314,-0.10318802854690778,-0.06417843192538213,0.09914765162108372,0.09982658588475428,-0.12579003107661205,0.49107142857142855,0.5044642857142857,0.4955357142857143,0.017857142857142856,0.48660714285714285,0.09375,2.09375,"{""DEFERRED_LIMIT_DOWN_OPEN"":6,""SAME_BAR_AMBIGUOUS_STOP_FIRST"":2,""SL_GAP_OPEN"":52,""SL_INTRADAY"":50,""TIMEOUT_CLOSE"":5,""TP_GAP_OPEN"":24,""TP_INTRADAY"":85}",
BOARD_CONDITIONAL_ROBUSTNESS_V1,CONDITIONAL_ON_FILL_ONLY,TP10_SL10_H5,ENTRY_ORDINAL,SUBSEQUENT_ENTRY,39,39,0,39,0.02263384317856353,0.1,-0.14353123493773756,-0.10005988980134298,0.1,0.10038581471634724,0.1016458316953639,-0.4816506503844243,39,0.02149550976558889,0.098799,-0.144534974637438,-0.10109884129060387,0.098799,0.099184502206427,0.10044349857169066,-0.4816506503844244,0.6153846153846154,0.3333333333333333,0.3333333333333333,0.0,0.5897435897435898,0.10256410256410256,2.2051282051282053,"{""SL_GAP_OPEN"":6,""SL_INTRADAY"":7,""TIMEOUT_CLOSE"":3,""TP_GAP_OPEN"":6,""TP_INTRADAY"":17}",
BOARD_CONDITIONAL_ROBUSTNESS_V1,CONDITIONAL_ON_FILL_ONLY,TP10_SL10_H5,REPEATED_SECURITY,SINGLE_ENTRY_SECURITY,187,187,0,187,-0.012776441191868096,-0.0994355909694555,-0.15498697027982872,-0.10158741534382054,-0.0994355909694555,0.10032830701623213,0.10103988012493004,-0.06461470270345157,187,-0.013886092274502684,-0.10047504814077025,-0.1559814308339021,-0.10262512953739206,-0.10047504814077025,0.099127041087549,0.09983803782202885,-0.0646147027034515,0.48128342245989303,0.5133689839572193,0.5026737967914439,0.0053475935828877,0.48128342245989303,0.0962566844919786,2.1016042780748663,"{""DEFERRED_LIMIT_DOWN_OPEN"":3,""SAME_BAR_AMBIGUOUS_STOP_FIRST"":1,""SL_GAP_OPEN"":43,""SL_INTRADAY"":46,""TIMEOUT_CLOSE"":4,""TP_GAP_OPEN"":21,""TP_INTRADAY"":69}",
BOARD_CONDITIONAL_ROBUSTNESS_V1,CONDITIONAL_ON_FILL_ONLY,TP10_SL10_H5,REPEATED_SECURITY,REPEATED_SECURITY,76,76,0,76,0.00583871526536387,0.10002041649652921,-0.14901860147032134,-0.10065647498322544,0.10002041649652921,0.10042393968997106,0.10118656529628935,-0.44957965386459053,76,0.004713985905998924,0.098819399959167,-0.15001789640313037,-0.10169494323848902,0.098819399959167,0.09922259629882219,0.09998460417839936,-0.4495796538645904,0.5789473684210527,0.39473684210526316,0.39473684210526316,0.039473684210526314,0.5526315789473685,0.09210526315789473,2.1315789473684212,"{""DEFERRED_LIMIT_DOWN_OPEN"":3,""SAME_BAR_AMBIGUOUS_STOP_FIRST"":1,""SL_GAP_OPEN"":15,""SL_INTRADAY"":11,""TIMEOUT_CLOSE"":4,""TP_GAP_OPEN"":9,""TP_INTRADAY"":33}",
BOARD_CONDITIONAL_ROBUSTNESS_V1,CONDITIONAL_ON_FILL_ONLY,TP10_SL10_H5,REENTRY_STRUCTURE,SINGLE_ENTRY_SECURITY,187,187,0,187,-0.012776441191868096,-0.0994355909694555,-0.15498697027982872,-0.10158741534382054,-0.0994355909694555,0.10032830701623213,0.10103988012493004,-0.06461470270345157,187,-0.013886092274502684,-0.10047504814077025,-0.1559814308339021,-0.10262512953739206,-0.10047504814077025,0.099127041087549,0.09983803782202885,-0.0646147027034515,0.48128342245989303,0.5133689839572193,0.5026737967914439,0.0053475935828877,0.48128342245989303,0.0962566844919786,2.1016042780748663,"{""DEFERRED_LIMIT_DOWN_OPEN"":3,""SAME_BAR_AMBIGUOUS_STOP_FIRST"":1,""SL_GAP_OPEN"":43,""SL_INTRADAY"":46,""TIMEOUT_CLOSE"":4,""TP_GAP_OPEN"":21,""TP_INTRADAY"":69}",
BOARD_CONDITIONAL_ROBUSTNESS_V1,CONDITIONAL_ON_FILL_ONLY,TP10_SL10_H5,REENTRY_STRUCTURE,REPEATED_SECURITY_FIRST_ENTRY,37,37,0,37,-0.011864257399900635,0.1000408329930584,-0.1791258413563943,-0.10855745721271394,0.1000408329930584,0.10051546391752578,0.10075388364300944,-0.3458472392219668,37,-0.012974647351406715,0.09883979991833401,-0.18010074942489562,-0.10958952567237164,0.09883979991833401,0.09931404639175258,0.0995522729972586,-0.34584723922196664,0.5405405405405406,0.4594594594594595,0.4594594594594595,0.08108108108108109,0.5135135135135135,0.08108108108108109,2.054054054054054,"{""DEFERRED_LIMIT_DOWN_OPEN"":3,""SAME_BAR_AMBIGUOUS_STOP_FIRST"":1,""SL_GAP_OPEN"":9,""SL_INTRADAY"":4,""TIMEOUT_CLOSE"":1,""TP_GAP_OPEN"":3,""TP_INTRADAY"":16}",
BOARD_CONDITIONAL_ROBUSTNESS_V1,CONDITIONAL_ON_FILL_ONLY,TP10_SL10_H5,REENTRY_STRUCTURE,REPEATED_SECURITY_SUBSEQUENT_ENTRY,39,39,0,39,0.02263384317856353,0.1,-0.14353123493773756,-0.10005988980134298,0.1,0.10038581471634724,0.1016458316953639,-0.4816506503844243,39,0.02149550976558889,0.098799,-0.144534974637438,-0.10109884129060387,0.098799,0.099184502206427,0.10044349857169066,-0.4816506503844244,0.6153846153846154,0.3333333333333333,0.3333333333333333,0.0,0.5897435897435898,0.10256410256410256,2.2051282051282053,"{""SL_GAP_OPEN"":6,""SL_INTRADAY"":7,""TIMEOUT_CLOSE"":3,""TP_GAP_OPEN"":6,""TP_INTRADAY"":17}",
BOARD_CONDITIONAL_ROBUSTNESS_V1,CONDITIONAL_ON_FILL_ONLY,TP10_SL10_H5,TRIGGER_PROVENANCE,QUALIFIED_BY_V3_PRICE_PATH,262,262,0,262,-0.007808089780117651,0.06874279123414072,-0.15144411004734665,-0.10143090661784886,0.06874279123414072,0.10037878787878787,0.10116891857861698,-0.17020345173122917,262,-0.008921765227395755,0.06756710957324105,-0.15244144031820828,-0.10246874758348841,0.06756710957324105,0.09917748106060606,0.0999669717545683,-0.17020345173122928,0.5076335877862596,0.48091603053435117,0.4732824427480916,0.015267175572519083,0.5,0.09541984732824428,2.114503816793893,"{""DEFERRED_LIMIT_DOWN_OPEN"":6,""SAME_BAR_AMBIGUOUS_STOP_FIRST"":2,""SL_GAP_OPEN"":58,""SL_INTRADAY"":57,""TIMEOUT_CLOSE"":8,""TP_GAP_OPEN"":30,""TP_INTRADAY"":101}",
BOARD_CONDITIONAL_ROBUSTNESS_V1,CONDITIONAL_ON_FILL_ONLY,TP10_SL10_H5,TRIGGER_PROVENANCE,QUALIFIED_BY_OPERATIONAL_STATUS,1,1,0,1,0.10026737967914438,0.10026737967914438,0.10026737967914438,0.10026737967914438,0.10026737967914438,0.10026737967914438,0.10026737967914438,,1,0.09906616310160428,0.09906616310160428,0.09906616310160428,0.09906616310160428,0.09906616310160428,0.09906616310160428,0.09906616310160428,,1.0,0.0,0.0,0.0,1.0,0.0,1.0,"{""TP_INTRADAY"":1}",DESCRIPTIVE_N_LT_20
BOARD_CONDITIONAL_ROBUSTNESS_V1,CONDITIONAL_ON_FILL_ONLY,TP10_SL5_H5,ALL,ALL,263,263,0,263,-0.0022730994066472877,-0.05024051309460182,-0.08449291782962874,-0.05132364884263112,-0.05024051309460182,0.10019229987947402,0.10074861805738353,0.48261731189143714,263,-0.0033912581961279033,-0.05131981827899519,-0.08554447856618673,-0.05240207668706859,-0.05131981827899519,0.09899114411657164,0.09954701167675703,0.48261731189143725,0.3574144486692015,0.6425855513307985,0.06844106463878327,0.0,0.35361216730038025,0.06844106463878327,1.3422053231939164,"{""DEFERRED_LIMIT_DOWN_OPEN"":3,""SAME_BAR_AMBIGUOUS_STOP_FIRST"":11,""SL_GAP_OPEN"":58,""SL_INTRADAY"":97,""TIMEOUT_CLOSE"":1,""TP_GAP_OPEN"":24,""TP_INTRADAY"":69}",
BOARD_CONDITIONAL_ROBUSTNESS_V1,CONDITIONAL_ON_FILL_ONLY,TP10_SL5_H5,YEAR,2024,92,92,0,92,0.006298167886977929,-0.05013019583847475,-0.09794355382731705,-0.05172649490173373,-0.05013019583847475,0.10021266282368707,0.10125145257888621,0.3075577655151258,92,0.005173066370989477,-0.051209590379845585,-0.09898421954871692,-0.05280459644086333,-0.051209590379845585,0.09901149056679989,0.10004943890229731,0.30755776551512587,0.41304347826086957,0.5869565217391305,0.09782608695652174,0.0,0.41304347826086957,0.10869565217391304,1.2608695652173914,"{""DEFERRED_LIMIT_DOWN_OPEN"":1,""SAME_BAR_AMBIGUOUS_STOP_FIRST"":2,""SL_GAP_OPEN"":22,""SL_INTRADAY"":29,""TP_GAP_OPEN"":14,""TP_INTRADAY"":24}",
BOARD_CONDITIONAL_ROBUSTNESS_V1,CONDITIONAL_ON_FILL_ONLY,TP10_SL5_H5,YEAR,2025,123,123,0,123,-0.006929509285448864,-0.05027590435315757,-0.07598705267722551,-0.05183333876062392,-0.05027590435315757,0.10021259521239195,0.10065076474408771,0.518600281224679,123,-0.00804389638292765,-0.05135518087063151,-0.07704550316455697,-0.05291135375622781,-0.05135518087063151,0.09901142301026991,0.09944923762464501,0.518600281224679,0.3333333333333333,0.6666666666666666,0.06504065040650407,0.0,0.3252032520325203,0.056910569105691054,1.3983739837398375,"{""DEFERRED_LIMIT_DOWN_OPEN"":2,""SAME_BAR_AMBIGUOUS_STOP_FIRST"":5,""SL_GAP_OPEN"":28,""SL_INTRADAY"":47,""TIMEOUT_CLOSE"":1,""TP_GAP_OPEN"":7,""TP_INTRADAY"":33}",
BOARD_CONDITIONAL_ROBUSTNESS_V1,CONDITIONAL_ON_FILL_ONLY,TP10_SL5_H5,YEAR,2026,48,48,0,48,-0.006769311404999915,-0.05022859191536874,-0.06311281672224706,-0.05072846769004504,-0.05022859191536874,0.10007565427734691,0.10033724824300741,0.7074423619789214,48,-0.007883828262761865,-0.0513079067559173,-0.06418169534070203,-0.0518073776312161,-0.0513079067559173,0.09887459299738226,0.09913597507193057,0.7074423619789212,0.3125,0.6875,0.020833333333333332,0.0,0.3125,0.020833333333333332,1.3541666666666667,"{""SAME_BAR_AMBIGUOUS_STOP_FIRST"":4,""SL_GAP_OPEN"":8,""SL_INTRADAY"":21,""TP_GAP_OPEN"":3,""TP_INTRADAY"":12}",
BOARD_CONDITIONAL_ROBUSTNESS_V1,CONDITIONAL_ON_FILL_ONLY,TP10_SL5_H5,SPLIT,DEVELOPMENT,215,215,0,215,-0.0012692939372476314,-0.05024051309460182,-0.08639345394282558,-0.05177340324015997,-0.05024051309460182,0.10021259521239195,0.10077856339386149,0.4390047052491256,215,-0.0023882658091584612,-0.05131981827899519,-0.0874434752451319,-0.052851466783535445,-0.05131981827899519,0.09901142301026991,0.09957693275751246,0.4390047052491257,0.3674418604651163,0.6325581395348837,0.07906976744186046,0.0,0.3627906976744186,0.07906976744186046,1.3395348837209302,"{""DEFERRED_LIMIT_DOWN_OPEN"":3,""SAME_BAR_AMBIGUOUS_STOP_FIRST"":7,""SL_GAP_OPEN"":50,""SL_INTRADAY"":76,""TIMEOUT_CLOSE"":1,""TP_GAP_OPEN"":21,""TP_INTRADAY"":57}",
BOARD_CONDITIONAL_ROBUSTNESS_V1,CONDITIONAL_ON_FILL_ONLY,TP10_SL5_H5,SPLIT,TEMPORAL_VALIDATION,48,48,0,48,-0.006769311404999915,-0.05022859191536874,-0.06311281672224706,-0.05072846769004504,-0.05022859191536874,0.10007565427734691,0.10033724824300741,0.7074423619789214,48,-0.007883828262761865,-0.0513079067559173,-0.06418169534070203,-0.0518073776312161,-0.0513079067559173,0.09887459299738226,0.09913597507193057,0.7074423619789212,0.3125,0.6875,0.020833333333333332,0.0,0.3125,0.020833333333333332,1.3541666666666667,"{""SAME_BAR_AMBIGUOUS_STOP_FIRST"":4,""SL_GAP_OPEN"":8,""SL_INTRADAY"":21,""TP_GAP_OPEN"":3,""TP_INTRADAY"":12}",
BOARD_CONDITIONAL_ROBUSTNESS_V1,CONDITIONAL_ON_FILL_ONLY,TP10_SL5_H5,ENTRY_TYPE,ENTRY_A_PULLBACK_TO_MA5_V1,224,224,0,224,-0.0014172847164771866,-0.050203027707310645,-0.08642970584173457,-0.05136687242524031,-0.050203027707310645,0.1002037827100062,0.10074261083743842,0.43889275057462773,224,-0.0025361367158568404,-0.05128236325486772,-0.08747969778000277,-0.05244526525857587,-0.05128236325486772,0.09900261764601109,0.0995410093226601,0.4388927505746277,0.36607142857142855,0.6339285714285714,0.08035714285714286,0.0,0.36160714285714285,0.07142857142857142,1.3214285714285714,"{""DEFERRED_LIMIT_DOWN_OPEN"":3,""SAME_BAR_AMBIGUOUS_STOP_FIRST"":8,""SL_GAP_OPEN"":50,""SL_INTRADAY"":81,""TIMEOUT_CLOSE"":1,""TP_GAP_OPEN"":20,""TP_INTRADAY"":61}",
BOARD_CONDITIONAL_ROBUSTNESS_V1,CONDITIONAL_ON_FILL_ONLY,TP10_SL5_H5,ENTRY_TYPE,ENTRY_B_RSI_RECROSS_70_V1,39,39,0,39,-0.007188547883521712,-0.05037513397642015,-0.06540093491549802,-0.0512652043532464,-0.05037513397642015,0.10002041649652921,0.10068958450740303,0.7886226891733048,39,-0.008302725159736062,-0.05145433011789925,-0.06646796015821646,-0.052343679537720275,-0.05145433011789925,0.098819399959167,0.09948802594395205,0.7886226891733046,0.3076923076923077,0.6923076923076923,0.0,0.0,0.3076923076923077,0.05128205128205128,1.4615384615384615,"{""SAME_BAR_AMBIGUOUS_STOP_FIRST"":3,""SL_GAP_OPEN"":8,""SL_INTRADAY"":16,""TP_GAP_OPEN"":4,""TP_INTRADAY"":8}",
BOARD_CONDITIONAL_ROBUSTNESS_V1,CONDITIONAL_ON_FILL_ONLY,TP10_SL5_H5,OBSERVATION_STRENGTH,4/5,256,256,0,256,-0.002349305441616675,-0.050241812463022145,-0.08369795840664217,-0.051307869840266224,-0.050241812463022145,0.1002037827100062,0.10076433245053747,0.49586963860368793,256,-0.0034674025042089654,-0.051321116594927094,-0.08475016306033278,-0.05238631046569561,-0.051321116594927094,0.09900261764601109,0.09956271334125252,0.4958696386036878,0.35546875,0.64453125,0.06640625,0.0,0.3515625,0.0703125,1.34765625,"{""DEFERRED_LIMIT_DOWN_OPEN"":3,""SAME_BAR_AMBIGUOUS_STOP_FIRST"":11,""SL_GAP_OPEN"":56,""SL_INTRADAY"":95,""TIMEOUT_CLOSE"":1,""TP_GAP_OPEN"":23,""TP_INTRADAY"":67}",
BOARD_CONDITIONAL_ROBUSTNESS_V1,CONDITIONAL_ON_FILL_ONLY,TP10_SL5_H5,OBSERVATION_STRENGTH,5/5,7,7,0,7,0.0005138641579474455,-0.05012610340479193,-0.0927235986359354,-0.0613508138804636,-0.05012610340479193,0.10001818843215715,0.10008916618592864,0.07949429299803398,7,-0.0006065520720204941,-0.05120550126103405,-0.0937684925210403,-0.06242111972122043,-0.05120550126103405,0.0988171736995271,0.09888809396131804,0.07949429299803425,0.42857142857142855,0.5714285714285714,0.14285714285714285,0.0,0.42857142857142855,0.0,1.1428571428571428,"{""SL_GAP_OPEN"":2,""SL_INTRADAY"":2,""TP_GAP_OPEN"":1,""TP_INTRADAY"":2}",DESCRIPTIVE_N_LT_20
BOARD_CONDITIONAL_ROBUSTNESS_V1,CONDITIONAL_ON_FILL_ONLY,TP10_SL5_H5,ENTRY_ORDINAL,FIRST_ENTRY,224,224,0,224,-0.0035471325019076558,-0.05024367733930811,-0.08642970584173457,-0.05147129850998575,-0.05024367733930811,0.1002000131906411,0.1007412476967623,0.46858585935405705,224,-0.004664259324581111,-0.051322979960663276,-0.08747969778000277,-0.05254960675819266,-0.051322979960663276,0.09899885117995669,0.09953964728612792,0.4685858593540573,0.35267857142857145,0.6473214285714286,0.07589285714285714,0.0,0.35267857142857145,0.06696428571428571,1.3303571428571428,"{""DEFERRED_LIMIT_DOWN_OPEN"":3,""SAME_BAR_AMBIGUOUS_STOP_FIRST"":8,""SL_GAP_OPEN"":49,""SL_INTRADAY"":85,""TP_GAP_OPEN"":19,""TP_INTRADAY"":60}",
BOARD_CONDITIONAL_ROBUSTNESS_V1,CONDITIONAL_ON_FILL_ONLY,TP10_SL5_H5,ENTRY_ORDINAL,SUBSEQUENT_ENTRY,39,39,0,39,0.005044424012284059,-0.0502092050209205,-0.07116420966010016,-0.051074868001722354,-0.0502092050209205,0.10017693946265374,0.1005936507936508,0.57995489855243,39,0.003920338028834108,-0.051288535564853556,-0.07222656665027548,-0.05215349735864096,-0.051288535564853556,0.098975796141689,0.09939216993650794,0.57995489855243,0.38461538461538464,0.6153846153846154,0.02564102564102564,0.0,0.358974358974359,0.07692307692307693,1.4102564102564104,"{""SAME_BAR_AMBIGUOUS_STOP_FIRST"":3,""SL_GAP_OPEN"":9,""SL_INTRADAY"":12,""TIMEOUT_CLOSE"":1,""TP_GAP_OPEN"":5,""TP_INTRADAY"":9}",
BOARD_CONDITIONAL_ROBUSTNESS_V1,CONDITIONAL_ON_FILL_ONLY,TP10_SL5_H5,REPEATED_SECURITY,SINGLE_ENTRY_SECURITY,187,187,0,187,-0.004115853222506795,-0.05025553662691652,-0.08585196884310277,-0.051540727861093,-0.05025553662691652,0.1002009553792915,0.10077297589709683,0.49685177918083745,187,-0.005232519381396565,-0.051334829642248725,-0.08690242874833985,-0.052618979871525515,-0.051334829642248725,0.09899979260543428,0.09957134978662018,0.49685177918083767,0.34759358288770054,0.6524064171122995,0.0748663101604278,0.0,0.34759358288770054,0.06951871657754011,1.3368983957219251,"{""DEFERRED_LIMIT_DOWN_OPEN"":2,""SAME_BAR_AMBIGUOUS_STOP_FIRST"":6,""SL_GAP_OPEN"":41,""SL_INTRADAY"":73,""TP_GAP_OPEN"":17,""TP_INTRADAY"":48}",
BOARD_CONDITIONAL_ROBUSTNESS_V1,CONDITIONAL_ON_FILL_ONLY,TP10_SL5_H5,REPEATED_SECURITY,REPEATED_SECURITY,76,76,0,76,0.002261044850796501,-0.050164280558877075,-0.07925067832473112,-0.051133257239322064,-0.050164280558877075,0.10017371665443459,0.10068039805600555,0.438436904425966,76,0.0011392134044673555,-0.05124364749162438,-0.0803064852752881,-0.05221183930095821,-0.05124364749162438,0.09897257594394449,0.0994788469335802,0.43843690442596617,0.3815789473684211,0.618421052631579,0.05263157894736842,0.0,0.3684210526315789,0.06578947368421052,1.355263157894737,"{""DEFERRED_LIMIT_DOWN_OPEN"":1,""SAME_BAR_AMBIGUOUS_STOP_FIRST"":5,""SL_GAP_OPEN"":17,""SL_INTRADAY"":24,""TIMEOUT_CLOSE"":1,""TP_GAP_OPEN"":7,""TP_INTRADAY"":21}",
BOARD_CONDITIONAL_ROBUSTNESS_V1,CONDITIONAL_ON_FILL_ONLY,TP10_SL5_H5,REENTRY_STRUCTURE,SINGLE_ENTRY_SECURITY,187,187,0,187,-0.004115853222506795,-0.05025553662691652,-0.08585196884310277,-0.051540727861093,-0.05025553662691652,0.1002009553792915,0.10077297589709683,0.49685177918083745,187,-0.005232519381396565,-0.051334829642248725,-0.08690242874833985,-0.052618979871525515,-0.051334829642248725,0.09899979260543428,0.09957134978662018,0.49685177918083767,0.34759358288770054,0.6524064171122995,0.0748663101604278,0.0,0.34759358288770054,0.06951871657754011,1.3368983957219251,"{""DEFERRED_LIMIT_DOWN_OPEN"":2,""SAME_BAR_AMBIGUOUS_STOP_FIRST"":6,""SL_GAP_OPEN"":41,""SL_INTRADAY"":73,""TP_GAP_OPEN"":17,""TP_INTRADAY"":48}",
BOARD_CONDITIONAL_ROBUSTNESS_V1,CONDITIONAL_ON_FILL_ONLY,TP10_SL5_H5,REENTRY_STRUCTURE,REPEATED_SECURITY_FIRST_ENTRY,37,37,0,37,-0.0006727872383390322,-0.05012744265080714,-0.08894861268802685,-0.051094890510948905,-0.05012744265080714,0.100169779286927,0.10067854663272391,0.34075453199968403,37,-0.0017922422806759782,-0.05120683942225998,-0.08999656431174954,-0.052173503649635036,-0.05120683942225998,0.09896864176570458,0.0994769970099514,0.3407545319996841,0.3783783783783784,0.6216216216216216,0.08108108108108109,0.0,0.3783783783783784,0.05405405405405406,1.2972972972972974,"{""DEFERRED_LIMIT_DOWN_OPEN"":1,""SAME_BAR_AMBIGUOUS_STOP_FIRST"":2,""SL_GAP_OPEN"":8,""SL_INTRADAY"":12,""TP_GAP_OPEN"":2,""TP_INTRADAY"":12}",
BOARD_CONDITIONAL_ROBUSTNESS_V1,CONDITIONAL_ON_FILL_ONLY,TP10_SL5_H5,REENTRY_STRUCTURE,REPEATED_SECURITY_SUBSEQUENT_ENTRY,39,39,0,39,0.005044424012284059,-0.0502092050209205,-0.07116420966010016,-0.051074868001722354,-0.0502092050209205,0.10017693946265374,0.1005936507936508,0.57995489855243,39,0.003920338028834108,-0.051288535564853556,-0.07222656665027548,-0.05215349735864096,-0.051288535564853556,0.098975796141689,0.09939216993650794,0.57995489855243,0.38461538461538464,0.6153846153846154,0.02564102564102564,0.0,0.358974358974359,0.07692307692307693,1.4102564102564104,"{""SAME_BAR_AMBIGUOUS_STOP_FIRST"":3,""SL_GAP_OPEN"":9,""SL_INTRADAY"":12,""TIMEOUT_CLOSE"":1,""TP_GAP_OPEN"":5,""TP_INTRADAY"":9}",
BOARD_CONDITIONAL_ROBUSTNESS_V1,CONDITIONAL_ON_FILL_ONLY,TP10_SL5_H5,TRIGGER_PROVENANCE,QUALIFIED_BY_V3_PRICE_PATH,262,262,0,262,-0.0026644752810205384,-0.050241812463022145,-0.0847579043039576,-0.05133942784499602,-0.050241812463022145,0.10018159138944974,0.10075598841800473,0.49288188614121076,262,-0.003782317056042912,-0.051321116594927094,-0.08580925040147139,-0.05241784290844157,-0.051321116594927094,0.09898044430042428,0.09955437606738615,0.49288188614121065,0.3549618320610687,0.6450381679389313,0.06870229007633588,0.0,0.3511450381679389,0.06870229007633588,1.3435114503816794,"{""DEFERRED_LIMIT_DOWN_OPEN"":3,""SAME_BAR_AMBIGUOUS_STOP_FIRST"":11,""SL_GAP_OPEN"":58,""SL_INTRADAY"":97,""TIMEOUT_CLOSE"":1,""TP_GAP_OPEN"":24,""TP_INTRADAY"":68}",
BOARD_CONDITIONAL_ROBUSTNESS_V1,CONDITIONAL_ON_FILL_ONLY,TP10_SL5_H5,TRIGGER_PROVENANCE,QUALIFIED_BY_OPERATIONAL_STATUS,1,1,0,1,0.10026737967914438,0.10026737967914438,0.10026737967914438,0.10026737967914438,0.10026737967914438,0.10026737967914438,0.10026737967914438,,1,0.09906616310160428,0.09906616310160428,0.09906616310160428,0.09906616310160428,0.09906616310160428,0.09906616310160428,0.09906616310160428,,1.0,0.0,0.0,0.0,1.0,0.0,1.0,"{""TP_INTRADAY"":1}",DESCRIPTIVE_N_LT_20
