population_layer,exit_contract_id,scenario,cost_multiple,n_total,n_closed,mean,median,positive_fraction
EXECUTABLE_PNL_BASELINE_RESEARCH_ASSUMPTION,TIME_H1,BASELINE_RESEARCH_COST,1,242,242,-0.018053825211676103,-0.027140865693858415,0.4049586776859504
EXECUTABLE_PNL_BASELINE_RESEARCH_ASSUMPTION,TIME_H1,ZERO_COST_DIAGNOSTIC_ONLY,0,242,242,-0.016947552729386906,-0.02604195968120019,0.4049586776859504
EXECUTABLE_PNL_BASELINE_RESEARCH_ASSUMPTION,TIME_H1,TWO_X_RESEARCH_COST_CONSERVATIVE,2,242,242,-0.019160097693965303,-0.02823977170651664,0.39669421487603307
EXECUTABLE_PNL_BASELINE_RESEARCH_ASSUMPTION,TIME_H3,BASELINE_RESEARCH_COST,1,242,240,-0.03169052747007931,-0.043332572345072345,0.3625
EXECUTABLE_PNL_BASELINE_RESEARCH_ASSUMPTION,TIME_H3,ZERO_COST_DIAGNOSTIC_ONLY,0,242,240,-0.030595309670912747,-0.042246792246792245,0.3625
EXECUTABLE_PNL_BASELINE_RESEARCH_ASSUMPTION,TIME_H3,TWO_X_RESEARCH_COST_CONSERVATIVE,2,242,240,-0.03278574526924587,-0.044418352443352446,0.3625
EXECUTABLE_PNL_BASELINE_RESEARCH_ASSUMPTION,TIME_H5,BASELINE_RESEARCH_COST,1,242,240,-0.04411145899414283,-0.06372716864529814,0.3333333333333333
EXECUTABLE_PNL_BASELINE_RESEARCH_ASSUMPTION,TIME_H5,ZERO_COST_DIAGNOSTIC_ONLY,0,242,240,-0.043026310305490284,-0.06265792156176317,0.3375
EXECUTABLE_PNL_BASELINE_RESEARCH_ASSUMPTION,TIME_H5,TWO_X_RESEARCH_COST_CONSERVATIVE,2,242,240,-0.04519660768279539,-0.0647964157288331,0.3333333333333333
EXECUTABLE_PNL_BASELINE_RESEARCH_ASSUMPTION,TP5_H5,BASELINE_RESEARCH_COST,1,242,241,-0.03439697615986686,0.04888216396242528,0.5892116182572614
EXECUTABLE_PNL_BASELINE_RESEARCH_ASSUMPTION,TP5_H5,ZERO_COST_DIAGNOSTIC_ONLY,0,242,241,-0.03330395236127949,0.05004269854824936,0.5892116182572614
EXECUTABLE_PNL_BASELINE_RESEARCH_ASSUMPTION,TP5_H5,TWO_X_RESEARCH_COST_CONSERVATIVE,2,242,241,-0.03548999995845423,0.047721629376601196,0.5892116182572614
EXECUTABLE_PNL_BASELINE_RESEARCH_ASSUMPTION,TP10_H5,BASELINE_RESEARCH_COST,1,242,241,-0.035063175642513114,-0.04462609579100145,0.45228215767634855
EXECUTABLE_PNL_BASELINE_RESEARCH_ASSUMPTION,TP10_H5,ZERO_COST_DIAGNOSTIC_ONLY,0,242,241,-0.03397069190295451,-0.04354136429608128,0.45228215767634855
EXECUTABLE_PNL_BASELINE_RESEARCH_ASSUMPTION,TP10_H5,TWO_X_RESEARCH_COST_CONSERVATIVE,2,242,241,-0.036155659382071714,-0.04571082728592162,0.45228215767634855
EXECUTABLE_PNL_BASELINE_RESEARCH_ASSUMPTION,TP5_SL5_H5,BASELINE_RESEARCH_COST,1,242,242,-0.024474774436596673,-0.05126281498971617,0.32231404958677684
EXECUTABLE_PNL_BASELINE_RESEARCH_ASSUMPTION,TP5_SL5_H5,ZERO_COST_DIAGNOSTIC_ONLY,0,242,242,-0.023373707139379567,-0.0501834635952283,0.32231404958677684
EXECUTABLE_PNL_BASELINE_RESEARCH_ASSUMPTION,TP5_SL5_H5,TWO_X_RESEARCH_COST_CONSERVATIVE,2,242,242,-0.025575841733813776,-0.05234216638420403,0.32231404958677684
EXECUTABLE_PNL_BASELINE_RESEARCH_ASSUMPTION,TP10_SL10_H5,BASELINE_RESEARCH_COST,1,242,242,-0.02294848938797948,-0.101039,0.4049586776859504
EXECUTABLE_PNL_BASELINE_RESEARCH_ASSUMPTION,TP10_SL10_H5,ZERO_COST_DIAGNOSTIC_ONLY,0,242,242,-0.021846184797665587,-0.1,0.4049586776859504
EXECUTABLE_PNL_BASELINE_RESEARCH_ASSUMPTION,TP10_SL10_H5,TWO_X_RESEARCH_COST_CONSERVATIVE,2,242,242,-0.02405079397829337,-0.102078,0.4049586776859504
EXECUTABLE_PNL_BASELINE_RESEARCH_ASSUMPTION,TP10_SL5_H5,BASELINE_RESEARCH_COST,1,242,242,-0.02105905395646713,-0.0513387913990872,0.2396694214876033
EXECUTABLE_PNL_BASELINE_RESEARCH_ASSUMPTION,TP10_SL5_H5,ZERO_COST_DIAGNOSTIC_ONLY,0,242,242,-0.01995521768279019,-0.05025950159537945,0.2396694214876033
EXECUTABLE_PNL_BASELINE_RESEARCH_ASSUMPTION,TP10_SL5_H5,TWO_X_RESEARCH_COST_CONSERVATIVE,2,242,242,-0.022162890230144068,-0.05241808120279494,0.2396694214876033
CONDITIONAL_ON_FILL_ONLY,TIME_H1,BASELINE_RESEARCH_COST,1,263,263,0.0028652941296676898,-0.00043066574680924465,0.49429657794676807
CONDITIONAL_ON_FILL_ONLY,TIME_H1,ZERO_COST_DIAGNOSTIC_ONLY,0,263,263,0.003988524834783865,0.0006898930665746809,0.5019011406844106
CONDITIONAL_ON_FILL_ONLY,TIME_H1,TWO_X_RESEARCH_COST_CONSERVATIVE,2,263,263,0.0017420634245515142,-0.0015512245601931702,0.4866920152091255
CONDITIONAL_ON_FILL_ONLY,TIME_H3,BASELINE_RESEARCH_COST,1,263,263,-0.02539717763386758,-0.04906093434343434,0.38783269961977185
CONDITIONAL_ON_FILL_ONLY,TIME_H3,ZERO_COST_DIAGNOSTIC_ONLY,0,263,263,-0.02429685808891961,-0.047979797979797977,0.38783269961977185
CONDITIONAL_ON_FILL_ONLY,TIME_H3,TWO_X_RESEARCH_COST_CONSERVATIVE,2,263,263,-0.026497497178815558,-0.050142070707070704,0.3840304182509506
CONDITIONAL_ON_FILL_ONLY,TIME_H5,BASELINE_RESEARCH_COST,1,263,263,-0.0380017612737567,-0.06964851769911504,0.33460076045627374
CONDITIONAL_ON_FILL_ONLY,TIME_H5,ZERO_COST_DIAGNOSTIC_ONLY,0,263,263,-0.03691165971812838,-0.06858407079646017,0.33840304182509506
CONDITIONAL_ON_FILL_ONLY,TIME_H5,TWO_X_RESEARCH_COST_CONSERVATIVE,2,263,263,-0.03909186282938502,-0.0707129646017699,0.33460076045627374
CONDITIONAL_ON_FILL_ONLY,TP5_H5,BASELINE_RESEARCH_COST,1,263,263,0.0058278271982376275,0.04919168177240685,0.7832699619771863
CONDITIONAL_ON_FILL_ONLY,TP5_H5,ZERO_COST_DIAGNOSTIC_ONLY,0,263,263,0.0069534595004329776,0.050352467270896276,0.7832699619771863
CONDITIONAL_ON_FILL_ONLY,TP5_H5,TWO_X_RESEARCH_COST_CONSERVATIVE,2,263,263,0.004702194896042277,0.04803089627391742,0.7832699619771863
CONDITIONAL_ON_FILL_ONLY,TP10_H5,BASELINE_RESEARCH_COST,1,263,263,-0.012174804635091163,0.09883346671265954,0.5741444866920152
CONDITIONAL_ON_FILL_ONLY,TP10_H5,ZERO_COST_DIAGNOSTIC_ONLY,0,263,263,-0.011063766285782647,0.10003449465332874,0.5741444866920152
CONDITIONAL_ON_FILL_ONLY,TP10_H5,TWO_X_RESEARCH_COST_CONSERVATIVE,2,263,263,-0.013285842984399679,0.09763243877199035,0.5741444866920152
CONDITIONAL_ON_FILL_ONLY,TP5_SL5_H5,BASELINE_RESEARCH_COST,1,263,263,-0.0011397917088792704,0.0488395,0.5019011406844106
CONDITIONAL_ON_FILL_ONLY,TP5_SL5_H5,ZERO_COST_DIAGNOSTIC_ONLY,0,263,263,-1.9807753159329515e-05,0.05,0.5019011406844106
CONDITIONAL_ON_FILL_ONLY,TP5_SL5_H5,TWO_X_RESEARCH_COST_CONSERVATIVE,2,263,263,-0.0022597756645992115,0.047679,0.5019011406844106
CONDITIONAL_ON_FILL_ONLY,TP10_SL10_H5,BASELINE_RESEARCH_COST,1,263,263,-0.008511164739452789,0.09879900000000001,0.5095057034220533
CONDITIONAL_ON_FILL_ONLY,TP10_SL10_H5,ZERO_COST_DIAGNOSTIC_ONLY,0,263,263,-0.0073971564361660835,0.1,0.5095057034220533
CONDITIONAL_ON_FILL_ONLY,TP10_SL10_H5,TWO_X_RESEARCH_COST_CONSERVATIVE,2,263,263,-0.009625173042739497,0.097598,0.5095057034220533
CONDITIONAL_ON_FILL_ONLY,TP10_SL5_H5,BASELINE_RESEARCH_COST,1,263,263,-0.003391258196127903,-0.05131981827899519,0.3574144486692015
CONDITIONAL_ON_FILL_ONLY,TP10_SL5_H5,ZERO_COST_DIAGNOSTIC_ONLY,0,263,263,-0.0022730994066472877,-0.05024051309460182,0.3574144486692015
CONDITIONAL_ON_FILL_ONLY,TP10_SL5_H5,TWO_X_RESEARCH_COST_CONSERVATIVE,2,263,263,-0.004509416985608519,-0.05239912346338856,0.3574144486692015
