dataset,analysis,period,population,feature,subgroup,bin_index,bin_label,bin_lower_inclusive,bin_upper_exclusive,n_total,h1_n,h1_mean,h1_median,h3_n,h3_mean,h3_median,h5_n,h5_mean,h5_median,tp5_closed_n,tp5_net_mean,left_tail_h5_10_n,left_tail_h5_10_fraction,left_tail_h5_20_n,left_tail_h5_20_fraction,failed_rebound_tp5_n,failed_rebound_tp5_fraction,tp5_then_deep_reversal_n,tp5_then_deep_reversal_fraction,small_n_warning
LEFT_TAIL_DIAGNOSTICS_V1,UNIVARIATE,ALL,NORMAL_CLOSE_INTENT,entry_close_vs_ma5,ALL,0,BIN_0,,0.0,12,12,-0.013308097635768243,-0.0011854511403024959,12,-0.03404716411995829,-0.021990721143263503,12,-0.05127004318763042,-0.07690656863722845,12,-0.010126034597875212,12,0.4166666666666667,12,0.08333333333333333,12,0.3333333333333333,12,0.3333333333333333,DESCRIPTIVE_N_LT_20
LEFT_TAIL_DIAGNOSTICS_V1,UNIVARIATE,ALL,NORMAL_CLOSE_INTENT,entry_close_vs_ma5,ALL,1,BIN_1,0.0,0.03,84,84,-0.02711482863356212,-0.03874130297280198,84,-0.030392897571525673,-0.04659759963768112,84,-0.03846752833451233,-0.06621790627528873,84,-0.03534559901075633,84,0.38095238095238093,84,0.10714285714285714,84,0.4642857142857143,84,0.14285714285714285,
LEFT_TAIL_DIAGNOSTICS_V1,UNIVARIATE,ALL,NORMAL_CLOSE_INTENT,entry_close_vs_ma5,ALL,2,BIN_2,0.03,0.08,91,91,-0.01419315009183268,-0.019169329073482455,89,-0.044302218432858774,-0.06125000000000003,89,-0.055620569641014236,-0.06691800188501407,90,-0.03935258832159801,89,0.48314606741573035,89,0.21348314606741572,90,0.43333333333333335,89,0.16853932584269662,
LEFT_TAIL_DIAGNOSTICS_V1,UNIVARIATE,ALL,NORMAL_CLOSE_INTENT,entry_close_vs_ma5,ALL,3,BIN_3,0.08,,55,54,-0.0018991939641644978,-0.0046993253641453014,54,-0.007136834547813555,-0.028133855312584888,55,-0.027810379580305456,-0.050990990990991025,55,-0.030134464972837408,55,0.4,55,0.2,55,0.32727272727272727,55,0.2,
LEFT_TAIL_DIAGNOSTICS_V1,UNIVARIATE,ALL,NORMAL_CLOSE_INTENT,entry_close_vs_ma5,ALL,,MISSING,,,0,0,,,0,,,0,,,0,,0,,0,,0,,0,,DESCRIPTIVE_N_LT_20
LEFT_TAIL_DIAGNOSTICS_V1,UNIVARIATE,ALL,NORMAL_CLOSE_INTENT,entry_low_vs_ma5,ALL,0,BIN_0,,-0.03,120,120,-0.01579393634391605,-0.019855147216690017,120,-0.03582772266409151,-0.060828045685279164,120,-0.042721215454116036,-0.06700674373584281,120,-0.03368203627272806,120,0.43333333333333335,120,0.15833333333333333,120,0.4083333333333333,120,0.19166666666666668,
LEFT_TAIL_DIAGNOSTICS_V1,UNIVARIATE,ALL,NORMAL_CLOSE_INTENT,entry_low_vs_ma5,ALL,1,BIN_1,-0.03,0.0,116,115,-0.015442026481417917,-0.03534303534303529,113,-0.030258226994480036,-0.03903903903903905,114,-0.04697718004766362,-0.0680380387431943,115,-0.03897070482808904,114,0.43859649122807015,114,0.18421052631578946,115,0.43478260869565216,114,0.16666666666666666,
LEFT_TAIL_DIAGNOSTICS_V1,UNIVARIATE,ALL,NORMAL_CLOSE_INTENT,entry_low_vs_ma5,ALL,2,BIN_2,0.0,,6,6,-0.026728417106184548,-0.03555050535173998,6,0.07144174975220115,0.06278773631109802,6,0.02593831776831838,0.005776808101859432,6,0.03896735890494898,6,0.0,6,0.0,6,0.16666666666666666,6,0.0,DESCRIPTIVE_N_LT_20
LEFT_TAIL_DIAGNOSTICS_V1,UNIVARIATE,ALL,NORMAL_CLOSE_INTENT,entry_low_vs_ma5,ALL,,MISSING,,,0,0,,,0,,,0,,,0,,0,,0,,0,,0,,DESCRIPTIVE_N_LT_20
LEFT_TAIL_DIAGNOSTICS_V1,UNIVARIATE,ALL,NORMAL_CLOSE_INTENT,intraday_recovery,ALL,0,BIN_0,,0.02,10,10,-0.04942922093332014,-0.047080237309241046,10,-0.037683662936679276,-0.045456614520314576,10,-0.04800728298180753,-0.022522838429545444,10,-0.03715068619845104,10,0.4,10,0.0,10,0.6,10,0.0,DESCRIPTIVE_N_LT_20
LEFT_TAIL_DIAGNOSTICS_V1,UNIVARIATE,ALL,NORMAL_CLOSE_INTENT,intraday_recovery,ALL,1,BIN_1,0.02,0.05,40,40,-0.026082496612772954,-0.04085298780650731,39,-0.012614851370927119,-0.045454545454545525,39,-0.013731868234888091,-0.05892448512585824,39,-0.039763873431048105,39,0.358974358974359,39,0.10256410256410256,39,0.48717948717948717,39,0.1282051282051282,
LEFT_TAIL_DIAGNOSTICS_V1,UNIVARIATE,ALL,NORMAL_CLOSE_INTENT,intraday_recovery,ALL,2,BIN_2,0.05,,192,191,-0.012009863012701434,-0.018012783265543453,190,-0.03379494757221615,-0.04294897369047729,191,-0.04874711404365946,-0.06526806526806528,192,-0.03316340275381524,191,0.4397905759162304,191,0.18848167539267016,192,0.390625,191,0.193717277486911,
LEFT_TAIL_DIAGNOSTICS_V1,UNIVARIATE,ALL,NORMAL_CLOSE_INTENT,intraday_recovery,ALL,,MISSING,,,0,0,,,0,,,0,,,0,,0,,0,,0,,0,,DESCRIPTIVE_N_LT_20
LEFT_TAIL_DIAGNOSTICS_V1,UNIVARIATE,ALL,NORMAL_CLOSE_INTENT,prior5_raw_return,ALL,0,BIN_0,,0.0,8,8,-0.002859365293146676,-8.668470731409972e-05,8,-0.010715151790084962,-0.01185803443867961,8,-0.018301847688664857,-0.043676231176231206,8,-0.0054954818824618735,8,0.0,8,0.0,8,0.5,8,0.125,DESCRIPTIVE_N_LT_20
LEFT_TAIL_DIAGNOSTICS_V1,UNIVARIATE,ALL,NORMAL_CLOSE_INTENT,prior5_raw_return,ALL,1,BIN_1,0.0,0.1,16,16,-0.03414786675122068,-0.03555050535173998,16,0.03129138830783385,0.030583652268999395,16,0.023839713186285506,0.010114892145350551,16,0.03865734471749788,16,0.125,16,0.0,16,0.125,16,0.1875,DESCRIPTIVE_N_LT_20
LEFT_TAIL_DIAGNOSTICS_V1,UNIVARIATE,ALL,NORMAL_CLOSE_INTENT,prior5_raw_return,ALL,2,BIN_2,0.1,0.2,30,30,-0.014448907734849284,-0.00945511799216514,30,-0.020597367185798646,-0.03100475675304376,30,-0.05768810804373596,-0.06468344774980933,30,-0.03474762232340919,30,0.4666666666666667,30,0.16666666666666666,30,0.43333333333333335,30,0.2,
LEFT_TAIL_DIAGNOSTICS_V1,UNIVARIATE,ALL,NORMAL_CLOSE_INTENT,prior5_raw_return,ALL,3,BIN_3,0.2,,183,182,-0.015168014803471448,-0.035736301724673736,180,-0.037807992157396005,-0.06286955611390282,181,-0.046380564040932194,-0.08108108108108114,182,-0.042998775476289185,181,0.4585635359116022,181,0.19337016574585636,182,0.4340659340659341,181,0.16574585635359115,
LEFT_TAIL_DIAGNOSTICS_V1,UNIVARIATE,ALL,NORMAL_CLOSE_INTENT,prior5_raw_return,ALL,,MISSING,,,5,5,-0.013637838525621416,-0.0017513134851138146,5,-0.05628745325068833,-0.03612821441506697,5,-0.0871619540136223,-0.13286713286713292,5,0.0007961782877447642,5,0.6,5,0.0,5,0.4,5,0.4,DESCRIPTIVE_N_LT_20
LEFT_TAIL_DIAGNOSTICS_V1,UNIVARIATE,ALL,NORMAL_CLOSE_INTENT,trigger_to_entry_raw_return,ALL,0,BIN_0,,0.0,65,65,-0.03133977933127629,-0.04355108877721936,64,-0.02605457417862963,-0.04577414772727273,64,-0.0447693934329675,-0.08086312118570183,64,-0.029645239132129603,64,0.4375,64,0.0625,64,0.46875,64,0.21875,
LEFT_TAIL_DIAGNOSTICS_V1,UNIVARIATE,ALL,NORMAL_CLOSE_INTENT,trigger_to_entry_raw_return,ALL,1,BIN_1,0.0,0.05,56,56,-0.015822342467300195,-0.02344134817651089,56,-0.03992681553946068,-0.02022977022977024,56,-0.021000519742195443,-0.032367911678256533,56,-0.028914979084783476,56,0.375,56,0.14285714285714285,56,0.4107142857142857,56,0.08928571428571429,
LEFT_TAIL_DIAGNOSTICS_V1,UNIVARIATE,ALL,NORMAL_CLOSE_INTENT,trigger_to_entry_raw_return,ALL,2,BIN_2,0.05,,121,120,-0.007569492288069366,-0.0072703258045344055,119,-0.028457659276570794,-0.04685890834191553,120,-0.05237536823370669,-0.06458129429731857,121,-0.03944741422581606,120,0.44166666666666665,120,0.23333333333333334,121,0.3884297520661157,120,0.19166666666666668,
LEFT_TAIL_DIAGNOSTICS_V1,UNIVARIATE,ALL,NORMAL_CLOSE_INTENT,trigger_to_entry_raw_return,ALL,,MISSING,,,0,0,,,0,,,0,,,0,,0,,0,,0,,0,,DESCRIPTIVE_N_LT_20
LEFT_TAIL_DIAGNOSTICS_V1,UNIVARIATE,ALL,NORMAL_CLOSE_INTENT,entry_rsi14,ALL,0,BIN_0,,70.0,0,0,,,0,,,0,,,0,,0,,0,,0,,0,,DESCRIPTIVE_N_LT_20
LEFT_TAIL_DIAGNOSTICS_V1,UNIVARIATE,ALL,NORMAL_CLOSE_INTENT,entry_rsi14,ALL,1,BIN_1,70.0,80.0,146,146,-0.02205825499872868,-0.0370658164573186,145,-0.029216707452026525,-0.045454545454545525,145,-0.03534777266739436,-0.0525641025641026,145,-0.024557004874883784,145,0.38620689655172413,145,0.11724137931034483,145,0.4068965517241379,145,0.1724137931034483,
LEFT_TAIL_DIAGNOSTICS_V1,UNIVARIATE,ALL,NORMAL_CLOSE_INTENT,entry_rsi14,ALL,2,BIN_2,80.0,,96,95,-0.006431270310060066,0.0,94,-0.03248333288308695,-0.04149356137849125,95,-0.05474618354258405,-0.08521303258145374,96,-0.049259432788226705,95,0.4842105263157895,95,0.24210526315789474,96,0.4270833333333333,95,0.17894736842105263,
LEFT_TAIL_DIAGNOSTICS_V1,UNIVARIATE,ALL,NORMAL_CLOSE_INTENT,entry_rsi14,ALL,,MISSING,,,0,0,,,0,,,0,,,0,,0,,0,,0,,0,,DESCRIPTIVE_N_LT_20
LEFT_TAIL_DIAGNOSTICS_V1,UNIVARIATE,ALL,NORMAL_CLOSE_INTENT,rsi_change,ALL,0,BIN_0,,-5.0,117,117,-0.024318777332642122,-0.038296536570053386,116,-0.030145186305707717,-0.04577414772727273,116,-0.04418478338976973,-0.0678317120443172,116,-0.028257273055118208,116,0.4051724137931034,116,0.1206896551724138,116,0.4224137931034483,116,0.1896551724137931,
LEFT_TAIL_DIAGNOSTICS_V1,UNIVARIATE,ALL,NORMAL_CLOSE_INTENT,rsi_change,ALL,1,BIN_1,-5.0,0.0,55,55,-0.010602623554062203,-0.015794871794871823,54,-0.04080877658379879,-0.07177210386512711,54,-0.05286427694952548,-0.06424697465425289,55,-0.05122408838160361,54,0.4444444444444444,54,0.2222222222222222,55,0.4727272727272727,54,0.14814814814814814,
LEFT_TAIL_DIAGNOSTICS_V1,UNIVARIATE,ALL,NORMAL_CLOSE_INTENT,rsi_change,ALL,2,BIN_2,0.0,,70,69,-0.005841082114167308,-0.007927519818799578,69,-0.02303391774734477,-0.024671052631578982,70,-0.033517266354714324,-0.050235539654144346,70,-0.03135003884494288,70,0.44285714285714284,70,0.2,70,0.35714285714285715,70,0.17142857142857143,
LEFT_TAIL_DIAGNOSTICS_V1,UNIVARIATE,ALL,NORMAL_CLOSE_INTENT,rsi_change,ALL,,MISSING,,,0,0,,,0,,,0,,,0,,0,,0,,0,,0,,DESCRIPTIVE_N_LT_20
LEFT_TAIL_DIAGNOSTICS_V1,UNIVARIATE,ALL,NORMAL_CLOSE_INTENT,amount_ratio_prev5,ALL,0,BIN_0,,0.75,4,4,-0.013599812849563464,-0.026999475197265477,4,-0.04657162872236542,-0.07445464636190957,4,-0.04094037342839915,-0.043676231176231206,4,-0.04134032584141248,4,0.25,4,0.0,4,0.75,4,0.0,DESCRIPTIVE_N_LT_20
LEFT_TAIL_DIAGNOSTICS_V1,UNIVARIATE,ALL,NORMAL_CLOSE_INTENT,amount_ratio_prev5,ALL,1,BIN_1,0.75,1.5,112,112,-0.015612496375055854,-0.01726142618591131,111,-0.012795456050578606,-0.0119760479041916,111,-0.026009266381142503,-0.05826271186440668,112,-0.021145982269208646,111,0.36936936936936937,111,0.11711711711711711,112,0.35714285714285715,111,0.1891891891891892,
LEFT_TAIL_DIAGNOSTICS_V1,UNIVARIATE,ALL,NORMAL_CLOSE_INTENT,amount_ratio_prev5,ALL,2,BIN_2,1.5,,121,120,-0.01633573226031231,-0.03824939188053228,119,-0.04539358377140244,-0.07342192691029903,120,-0.056997622010242846,-0.07490161844584853,120,-0.04799950690374681,120,0.475,120,0.225,120,0.4583333333333333,120,0.15833333333333333,
LEFT_TAIL_DIAGNOSTICS_V1,UNIVARIATE,ALL,NORMAL_CLOSE_INTENT,amount_ratio_prev5,ALL,,MISSING,,,5,5,-0.013637838525621416,-0.0017513134851138146,5,-0.05628745325068833,-0.03612821441506697,5,-0.0871619540136223,-0.13286713286713292,5,0.0007961782877447642,5,0.6,5,0.0,5,0.4,5,0.4,DESCRIPTIVE_N_LT_20
LEFT_TAIL_DIAGNOSTICS_V1,UNIVARIATE,ALL,NORMAL_CLOSE_INTENT,prev5_avg_range,ALL,0,BIN_0,,0.05,34,34,-0.01894886743012732,-0.04132624710050725,34,-0.059442638575945686,-0.06251073799297147,34,-0.07123732150208008,-0.08220720720720726,34,-0.07007033117615824,34,0.47058823529411764,34,0.3235294117647059,34,0.5882352941176471,34,0.08823529411764706,
LEFT_TAIL_DIAGNOSTICS_V1,UNIVARIATE,ALL,NORMAL_CLOSE_INTENT,prev5_avg_range,ALL,1,BIN_1,0.05,0.1,165,165,-0.013390076050751973,-0.02169751116783658,163,-0.025346756658007334,-0.024671052631578982,163,-0.043285184052971784,-0.05826271186440668,164,-0.028922410689702256,163,0.4049079754601227,163,0.15950920245398773,164,0.3780487804878049,163,0.1901840490797546,
LEFT_TAIL_DIAGNOSTICS_V1,UNIVARIATE,ALL,NORMAL_CLOSE_INTENT,prev5_avg_range,ALL,2,BIN_2,0.1,,38,37,-0.024585477720096807,-0.037234042553191404,37,-0.023131015093600778,-0.08461538461538465,38,-0.010867125566958758,-0.06540626260579296,38,-0.030736461391212805,38,0.4473684210526316,38,0.07894736842105263,38,0.42105263157894735,38,0.15789473684210525,
LEFT_TAIL_DIAGNOSTICS_V1,UNIVARIATE,ALL,NORMAL_CLOSE_INTENT,prev5_avg_range,ALL,,MISSING,,,5,5,-0.013637838525621416,-0.0017513134851138146,5,-0.05628745325068833,-0.03612821441506697,5,-0.0871619540136223,-0.13286713286713292,5,0.0007961782877447642,5,0.6,5,0.0,5,0.4,5,0.4,DESCRIPTIVE_N_LT_20
LEFT_TAIL_DIAGNOSTICS_V1,ENTRY_TYPE_X_PRIOR5_RAW_RETURN,ALL,NORMAL_CLOSE_INTENT,prior5_raw_return,ENTRY_A_PULLBACK_TO_MA5_V1,0,BIN_0,,0.0,0,0,,,0,,,0,,,0,,0,,0,,0,,0,,DESCRIPTIVE_N_LT_20
LEFT_TAIL_DIAGNOSTICS_V1,ENTRY_TYPE_X_PRIOR5_RAW_RETURN,ALL,NORMAL_CLOSE_INTENT,prior5_raw_return,ENTRY_A_PULLBACK_TO_MA5_V1,1,BIN_1,0.0,0.1,4,4,-0.04601146643128015,-0.09180648264611013,4,0.0328316889168313,0.030583652268999395,4,0.08569592066118817,0.10744960418098659,4,0.05674110797866055,4,0.0,4,0.0,4,0.0,4,0.25,DESCRIPTIVE_N_LT_20
LEFT_TAIL_DIAGNOSTICS_V1,ENTRY_TYPE_X_PRIOR5_RAW_RETURN,ALL,NORMAL_CLOSE_INTENT,prior5_raw_return,ENTRY_A_PULLBACK_TO_MA5_V1,2,BIN_2,0.1,0.2,17,17,-0.01371215193701617,-0.009877977919814152,17,0.00913871170273182,0.0035029878425716365,17,-0.009340238732116972,-0.0022970903522205877,17,-0.02095482671189437,17,0.29411764705882354,17,0.17647058823529413,17,0.4117647058823529,17,0.058823529411764705,DESCRIPTIVE_N_LT_20
LEFT_TAIL_DIAGNOSTICS_V1,ENTRY_TYPE_X_PRIOR5_RAW_RETURN,ALL,NORMAL_CLOSE_INTENT,prior5_raw_return,ENTRY_A_PULLBACK_TO_MA5_V1,3,BIN_3,0.2,,176,175,-0.014282817511422716,-0.03534303534303529,173,-0.03670018972562784,-0.06125000000000003,174,-0.04595850202770565,-0.08220720720720726,175,-0.042935176507779595,174,0.45977011494252873,174,0.1896551724137931,175,0.42857142857142855,174,0.16666666666666666,
LEFT_TAIL_DIAGNOSTICS_V1,ENTRY_TYPE_X_PRIOR5_RAW_RETURN,ALL,NORMAL_CLOSE_INTENT,prior5_raw_return,ENTRY_A_PULLBACK_TO_MA5_V1,,MISSING,,,5,5,-0.013637838525621416,-0.0017513134851138146,5,-0.05628745325068833,-0.03612821441506697,5,-0.0871619540136223,-0.13286713286713292,5,0.0007961782877447642,5,0.6,5,0.0,5,0.4,5,0.4,DESCRIPTIVE_N_LT_20
LEFT_TAIL_DIAGNOSTICS_V1,ENTRY_TYPE_X_PRIOR5_RAW_RETURN,ALL,NORMAL_CLOSE_INTENT,prior5_raw_return,ENTRY_B_RSI_RECROSS_70_V1,0,BIN_0,,0.0,8,8,-0.002859365293146676,-8.668470731409972e-05,8,-0.010715151790084962,-0.01185803443867961,8,-0.018301847688664857,-0.043676231176231206,8,-0.0054954818824618735,8,0.0,8,0.0,8,0.5,8,0.125,DESCRIPTIVE_N_LT_20
LEFT_TAIL_DIAGNOSTICS_V1,ENTRY_TYPE_X_PRIOR5_RAW_RETURN,ALL,NORMAL_CLOSE_INTENT,prior5_raw_return,ENTRY_B_RSI_RECROSS_70_V1,1,BIN_1,0.0,0.1,12,12,-0.030193333524534193,-0.032845984980177434,12,0.03077795477150137,0.029853627516664205,12,0.0032209773613179524,0.005776808101859432,12,0.03262942363044365,12,0.16666666666666666,12,0.0,12,0.16666666666666666,12,0.16666666666666666,DESCRIPTIVE_N_LT_20
LEFT_TAIL_DIAGNOSTICS_V1,ENTRY_TYPE_X_PRIOR5_RAW_RETURN,ALL,NORMAL_CLOSE_INTENT,prior5_raw_return,ENTRY_B_RSI_RECROSS_70_V1,2,BIN_2,0.1,0.2,13,13,-0.015412357624323358,0.007772020725388629,13,-0.059483008809261564,-0.03900709219858156,13,-0.12091224483585312,-0.11864406779661008,13,-0.05278435504615934,13,0.6923076923076923,13,0.15384615384615385,13,0.46153846153846156,13,0.38461538461538464,DESCRIPTIVE_N_LT_20
LEFT_TAIL_DIAGNOSTICS_V1,ENTRY_TYPE_X_PRIOR5_RAW_RETURN,ALL,NORMAL_CLOSE_INTENT,prior5_raw_return,ENTRY_B_RSI_RECROSS_70_V1,3,BIN_3,0.2,,7,7,-0.03729794710468976,-0.04355108877721936,7,-0.06518653797109483,-0.06448911222780562,7,-0.05687181979827759,-0.06142131979695431,7,-0.044588749689029,7,0.42857142857142855,7,0.2857142857142857,7,0.5714285714285714,7,0.14285714285714285,DESCRIPTIVE_N_LT_20
LEFT_TAIL_DIAGNOSTICS_V1,ENTRY_TYPE_X_PRIOR5_RAW_RETURN,ALL,NORMAL_CLOSE_INTENT,prior5_raw_return,ENTRY_B_RSI_RECROSS_70_V1,,MISSING,,,0,0,,,0,,,0,,,0,,0,,0,,0,,0,,DESCRIPTIVE_N_LT_20
LEFT_TAIL_DIAGNOSTICS_V1,INTENT_X_PRIOR5_RAW_RETURN,ALL,FROZEN_ALL_INTENTS_NO_PNL_POOLING,prior5_raw_return,NORMAL_CLOSE_INTENT,0,BIN_0,,0.0,8,8,-0.002859365293146676,-8.668470731409972e-05,8,-0.010715151790084962,-0.01185803443867961,8,-0.018301847688664857,-0.043676231176231206,8,-0.0054954818824618735,8,0.0,8,0.0,8,0.5,8,0.125,DESCRIPTIVE_N_LT_20
LEFT_TAIL_DIAGNOSTICS_V1,INTENT_X_PRIOR5_RAW_RETURN,ALL,FROZEN_ALL_INTENTS_NO_PNL_POOLING,prior5_raw_return,NORMAL_CLOSE_INTENT,1,BIN_1,0.0,0.1,16,16,-0.03414786675122068,-0.03555050535173998,16,0.03129138830783385,0.030583652268999395,16,0.023839713186285506,0.010114892145350551,16,0.03865734471749788,16,0.125,16,0.0,16,0.125,16,0.1875,DESCRIPTIVE_N_LT_20
LEFT_TAIL_DIAGNOSTICS_V1,INTENT_X_PRIOR5_RAW_RETURN,ALL,FROZEN_ALL_INTENTS_NO_PNL_POOLING,prior5_raw_return,NORMAL_CLOSE_INTENT,2,BIN_2,0.1,0.2,30,30,-0.014448907734849284,-0.00945511799216514,30,-0.020597367185798646,-0.03100475675304376,30,-0.05768810804373596,-0.06468344774980933,30,-0.03474762232340919,30,0.4666666666666667,30,0.16666666666666666,30,0.43333333333333335,30,0.2,
LEFT_TAIL_DIAGNOSTICS_V1,INTENT_X_PRIOR5_RAW_RETURN,ALL,FROZEN_ALL_INTENTS_NO_PNL_POOLING,prior5_raw_return,NORMAL_CLOSE_INTENT,3,BIN_3,0.2,,183,182,-0.015168014803471448,-0.035736301724673736,180,-0.037807992157396005,-0.06286955611390282,181,-0.046380564040932194,-0.08108108108108114,182,-0.042998775476289185,181,0.4585635359116022,181,0.19337016574585636,182,0.4340659340659341,181,0.16574585635359115,
LEFT_TAIL_DIAGNOSTICS_V1,INTENT_X_PRIOR5_RAW_RETURN,ALL,FROZEN_ALL_INTENTS_NO_PNL_POOLING,prior5_raw_return,NORMAL_CLOSE_INTENT,,MISSING,,,5,5,-0.013637838525621416,-0.0017513134851138146,5,-0.05628745325068833,-0.03612821441506697,5,-0.0871619540136223,-0.13286713286713292,5,0.0007961782877447642,5,0.6,5,0.0,5,0.4,5,0.4,DESCRIPTIVE_N_LT_20
LEFT_TAIL_DIAGNOSTICS_V1,INTENT_X_PRIOR5_RAW_RETURN,ALL,FROZEN_ALL_INTENTS_NO_PNL_POOLING,prior5_raw_return,LIMIT_UP_CLOSE_BOARD_INTENT,0,BIN_0,,0.0,1,1,-0.09969325153374231,-0.09969325153374231,1,-0.10046012269938642,-0.10046012269938642,1,-0.06134969325153361,-0.06134969325153361,1,-0.06242,1,0.0,1,0.0,1,1.0,1,0.0,DESCRIPTIVE_N_LT_20
LEFT_TAIL_DIAGNOSTICS_V1,INTENT_X_PRIOR5_RAW_RETURN,ALL,FROZEN_ALL_INTENTS_NO_PNL_POOLING,prior5_raw_return,LIMIT_UP_CLOSE_BOARD_INTENT,1,BIN_1,0.0,0.1,7,7,0.010683139521728058,0.0032051282051281937,7,0.007148028193316868,-0.02564102564102566,7,0.03610122715512855,-0.02564102564102566,7,0.00038459858243132826,7,0.14285714285714285,7,0.14285714285714285,7,0.2857142857142857,7,0.14285714285714285,DESCRIPTIVE_N_LT_20
LEFT_TAIL_DIAGNOSTICS_V1,INTENT_X_PRIOR5_RAW_RETURN,ALL,FROZEN_ALL_INTENTS_NO_PNL_POOLING,prior5_raw_return,LIMIT_UP_CLOSE_BOARD_INTENT,2,BIN_2,0.1,0.2,17,17,0.022027677660409754,0.013417521704814472,17,0.0031017749751995304,-0.004287245444801857,17,0.0018341567767099826,-0.05288082083662193,17,0.03472936599192466,17,0.29411764705882354,17,0.058823529411764705,17,0.17647058823529413,17,0.4117647058823529,DESCRIPTIVE_N_LT_20
LEFT_TAIL_DIAGNOSTICS_V1,INTENT_X_PRIOR5_RAW_RETURN,ALL,FROZEN_ALL_INTENTS_NO_PNL_POOLING,prior5_raw_return,LIMIT_UP_CLOSE_BOARD_INTENT,3,BIN_3,0.2,,236,236,0.0034226633590492776,-0.000344589937973816,236,-0.023986928925053937,-0.05018622553019614,236,-0.03848363076469269,-0.07470310632651722,236,0.004927242746178307,236,0.4449152542372881,236,0.2288135593220339,236,0.211864406779661,236,0.3644067796610169,
LEFT_TAIL_DIAGNOSTICS_V1,INTENT_X_PRIOR5_RAW_RETURN,ALL,FROZEN_ALL_INTENTS_NO_PNL_POOLING,prior5_raw_return,LIMIT_UP_CLOSE_BOARD_INTENT,,MISSING,,,2,2,0.0006063661136315179,0.0006063661136315179,2,-0.1166359830801938,-0.1166359830801938,2,-0.16764379278351277,-0.16764379278351277,2,-0.08039107345066153,2,1.0,2,0.5,2,0.5,2,0.5,DESCRIPTIVE_N_LT_20
LEFT_TAIL_DIAGNOSTICS_V1,UNIVARIATE,DEVELOPMENT,NORMAL_CLOSE_INTENT,entry_close_vs_ma5,ALL,0,BIN_0,,0.0,9,9,-0.006501563560806704,0.007772020725388629,9,-0.00613087116690541,-0.012448132780082943,9,-0.01039675590796211,-0.03240740740740755,9,0.025971167794228145,9,0.2222222222222222,9,0.0,9,0.2222222222222222,9,0.3333333333333333,DESCRIPTIVE_N_LT_20
LEFT_TAIL_DIAGNOSTICS_V1,UNIVARIATE,DEVELOPMENT,NORMAL_CLOSE_INTENT,entry_close_vs_ma5,ALL,1,BIN_1,0.0,0.03,59,59,-0.03326716367724272,-0.043243243243243246,59,-0.03278702988934824,-0.047101449275362306,59,-0.04967756665782102,-0.07265625000000009,59,-0.034825871676697574,59,0.3898305084745763,59,0.06779661016949153,59,0.4745762711864407,59,0.1694915254237288,
LEFT_TAIL_DIAGNOSTICS_V1,UNIVARIATE,DEVELOPMENT,NORMAL_CLOSE_INTENT,entry_close_vs_ma5,ALL,2,BIN_2,0.03,0.08,65,65,-0.015328867874755597,-0.026898734177215222,65,-0.051378596912370025,-0.06448911222780562,65,-0.05459173456102798,-0.059335873707131226,65,-0.035603350538173054,65,0.46153846153846156,65,0.16923076923076924,65,0.4461538461538462,65,0.16923076923076924,
LEFT_TAIL_DIAGNOSTICS_V1,UNIVARIATE,DEVELOPMENT,NORMAL_CLOSE_INTENT,entry_close_vs_ma5,ALL,3,BIN_3,0.08,,41,40,0.0013269934542944977,0.0026557228735086813,40,6.394644023881013e-05,-0.028133855312584888,41,-0.03246847121524678,-0.0525641025641026,41,-0.022199476426123577,41,0.3902439024390244,41,0.1951219512195122,41,0.2926829268292683,41,0.24390243902439024,
LEFT_TAIL_DIAGNOSTICS_V1,UNIVARIATE,DEVELOPMENT,NORMAL_CLOSE_INTENT,entry_close_vs_ma5,ALL,,MISSING,,,0,0,,,0,,,0,,,0,,0,,0,,0,,0,,DESCRIPTIVE_N_LT_20
LEFT_TAIL_DIAGNOSTICS_V1,UNIVARIATE,DEVELOPMENT,NORMAL_CLOSE_INTENT,entry_low_vs_ma5,ALL,0,BIN_0,,-0.03,91,91,-0.01447569923472046,-0.018012783265543453,91,-0.027941651151978227,-0.05326674989596347,91,-0.03487705816499135,-0.059335873707131226,91,-0.023307306265655723,91,0.3956043956043956,91,0.10989010989010989,91,0.38461538461538464,91,0.2087912087912088,
LEFT_TAIL_DIAGNOSTICS_V1,UNIVARIATE,DEVELOPMENT,NORMAL_CLOSE_INTENT,entry_low_vs_ma5,ALL,1,BIN_1,-0.03,0.0,77,76,-0.019564661443358496,-0.04719865954550212,76,-0.04227136564936029,-0.049191750278706814,77,-0.06345499890741212,-0.08108108108108114,77,-0.04101586390239535,77,0.45454545454545453,77,0.16883116883116883,77,0.45454545454545453,77,0.19480519480519481,
LEFT_TAIL_DIAGNOSTICS_V1,UNIVARIATE,DEVELOPMENT,NORMAL_CLOSE_INTENT,entry_low_vs_ma5,ALL,2,BIN_2,0.0,,6,6,-0.026728417106184548,-0.03555050535173998,6,0.07144174975220115,0.06278773631109802,6,0.02593831776831838,0.005776808101859432,6,0.03896735890494898,6,0.0,6,0.0,6,0.16666666666666666,6,0.0,DESCRIPTIVE_N_LT_20
LEFT_TAIL_DIAGNOSTICS_V1,UNIVARIATE,DEVELOPMENT,NORMAL_CLOSE_INTENT,entry_low_vs_ma5,ALL,,MISSING,,,0,0,,,0,,,0,,,0,,0,,0,,0,,0,,DESCRIPTIVE_N_LT_20
LEFT_TAIL_DIAGNOSTICS_V1,UNIVARIATE,DEVELOPMENT,NORMAL_CLOSE_INTENT,intraday_recovery,ALL,0,BIN_0,,0.02,8,8,-0.05426350015061156,-0.047080237309241046,8,-0.02384645910659508,-0.008662691808255851,8,-0.04622071607443462,-0.022522838429545444,8,-0.032381138689237796,8,0.375,8,0.0,8,0.5,8,0.0,DESCRIPTIVE_N_LT_20
LEFT_TAIL_DIAGNOSTICS_V1,UNIVARIATE,DEVELOPMENT,NORMAL_CLOSE_INTENT,intraday_recovery,ALL,1,BIN_1,0.02,0.05,26,26,-0.025745722390619293,-0.043312543312543306,26,-0.013784635708583737,-0.04577414772727273,26,-0.009489430466512,-0.05693477003545655,26,-0.02354887785323971,26,0.3076923076923077,26,0.038461538461538464,26,0.46153846153846156,26,0.15384615384615385,
LEFT_TAIL_DIAGNOSTICS_V1,UNIVARIATE,DEVELOPMENT,NORMAL_CLOSE_INTENT,intraday_recovery,ALL,2,BIN_2,0.05,,140,139,-0.013389040426841158,-0.02169751116783658,139,-0.034370441326562994,-0.05326674989596347,140,-0.05205518843964462,-0.06609303357653967,140,-0.02981473073950917,140,0.42857142857142855,140,0.15714285714285714,140,0.39285714285714285,140,0.21428571428571427,
LEFT_TAIL_DIAGNOSTICS_V1,UNIVARIATE,DEVELOPMENT,NORMAL_CLOSE_INTENT,intraday_recovery,ALL,,MISSING,,,0,0,,,0,,,0,,,0,,0,,0,,0,,0,,DESCRIPTIVE_N_LT_20
LEFT_TAIL_DIAGNOSTICS_V1,UNIVARIATE,DEVELOPMENT,NORMAL_CLOSE_INTENT,prior5_raw_return,ALL,0,BIN_0,,0.0,8,8,-0.002859365293146676,-8.668470731409972e-05,8,-0.010715151790084962,-0.01185803443867961,8,-0.018301847688664857,-0.043676231176231206,8,-0.0054954818824618735,8,0.0,8,0.0,8,0.5,8,0.125,DESCRIPTIVE_N_LT_20
LEFT_TAIL_DIAGNOSTICS_V1,UNIVARIATE,DEVELOPMENT,NORMAL_CLOSE_INTENT,prior5_raw_return,ALL,1,BIN_1,0.0,0.1,14,14,-0.025163600516790285,-0.032845984980177434,14,0.040035023387277054,0.030583652268999395,14,0.02966005231960452,0.010114892145350551,14,0.051996523239055174,14,0.07142857142857142,14,0.0,14,0.07142857142857142,14,0.21428571428571427,DESCRIPTIVE_N_LT_20
LEFT_TAIL_DIAGNOSTICS_V1,UNIVARIATE,DEVELOPMENT,NORMAL_CLOSE_INTENT,prior5_raw_return,ALL,2,BIN_2,0.1,0.2,16,16,-0.019774383556649962,-0.00945511799216514,16,-0.01054888497458916,-0.020104895104895215,16,-0.039209249722955614,-0.04882739212007503,16,-0.006145776035529236,16,0.375,16,0.0625,16,0.3125,16,0.25,DESCRIPTIVE_N_LT_20
LEFT_TAIL_DIAGNOSTICS_V1,UNIVARIATE,DEVELOPMENT,NORMAL_CLOSE_INTENT,prior5_raw_return,ALL,3,BIN_3,0.2,,133,132,-0.016277204292696,-0.03778024300844757,132,-0.04085071574950392,-0.07150221594023903,133,-0.05559855248121521,-0.08360128617363338,133,-0.04163326420733897,133,0.47368421052631576,133,0.16541353383458646,133,0.44360902255639095,133,0.19548872180451127,
LEFT_TAIL_DIAGNOSTICS_V1,UNIVARIATE,DEVELOPMENT,NORMAL_CLOSE_INTENT,prior5_raw_return,ALL,,MISSING,,,3,3,-0.041475656523135486,-0.06056129985228942,3,-0.08011867341381633,-0.053415061295971955,3,-0.05036259255708923,-0.010339734121122546,3,-0.03127105045731495,3,0.3333333333333333,3,0.0,3,0.6666666666666666,3,0.0,DESCRIPTIVE_N_LT_20
LEFT_TAIL_DIAGNOSTICS_V1,UNIVARIATE,DEVELOPMENT,NORMAL_CLOSE_INTENT,trigger_to_entry_raw_return,ALL,0,BIN_0,,0.0,49,49,-0.03733210819619683,-0.04975728155339809,49,-0.03766155293265007,-0.05128205128205132,49,-0.0583074409404864,-0.08064516129032251,49,-0.03657677796150286,49,0.4489795918367347,49,0.061224489795918366,49,0.5306122448979592,49,0.20408163265306123,
LEFT_TAIL_DIAGNOSTICS_V1,UNIVARIATE,DEVELOPMENT,NORMAL_CLOSE_INTENT,trigger_to_entry_raw_return,ALL,1,BIN_1,0.0,0.05,42,42,-0.0075487483940614815,-0.011964534804947025,42,-0.029885923463079583,-0.015964326130301187,42,-0.005336364378065455,-0.011936691582357994,42,-0.007776271146456383,42,0.30952380952380953,42,0.09523809523809523,42,0.3333333333333333,42,0.11904761904761904,
LEFT_TAIL_DIAGNOSTICS_V1,UNIVARIATE,DEVELOPMENT,NORMAL_CLOSE_INTENT,trigger_to_entry_raw_return,ALL,2,BIN_2,0.05,,83,82,-0.009978691079605952,-0.010479155164893172,82,-0.027146813006329245,-0.04698017880863892,83,-0.058108739666415096,-0.06915807560137455,83,-0.0352592376983688,83,0.43373493975903615,83,0.1927710843373494,83,0.37349397590361444,83,0.2289156626506024,
LEFT_TAIL_DIAGNOSTICS_V1,UNIVARIATE,DEVELOPMENT,NORMAL_CLOSE_INTENT,trigger_to_entry_raw_return,ALL,,MISSING,,,0,0,,,0,,,0,,,0,,0,,0,,0,,0,,DESCRIPTIVE_N_LT_20
LEFT_TAIL_DIAGNOSTICS_V1,UNIVARIATE,DEVELOPMENT,NORMAL_CLOSE_INTENT,entry_rsi14,ALL,0,BIN_0,,70.0,0,0,,,0,,,0,,,0,,0,,0,,0,,0,,DESCRIPTIVE_N_LT_20
LEFT_TAIL_DIAGNOSTICS_V1,UNIVARIATE,DEVELOPMENT,NORMAL_CLOSE_INTENT,entry_rsi14,ALL,1,BIN_1,70.0,80.0,110,110,-0.023472727620566822,-0.03712791459366488,110,-0.03163935400688348,-0.04577414772727273,110,-0.03786371861509701,-0.05224358974358978,110,-0.021232296997239847,110,0.37272727272727274,110,0.09090909090909091,110,0.4090909090909091,110,0.18181818181818182,
LEFT_TAIL_DIAGNOSTICS_V1,UNIVARIATE,DEVELOPMENT,NORMAL_CLOSE_INTENT,entry_rsi14,ALL,2,BIN_2,80.0,,64,63,-0.006072593086183561,-0.006613131790269233,63,-0.02930689849065097,-0.05326674989596347,64,-0.05842512897834945,-0.08443658165020396,64,-0.042341086992703676,64,0.46875,64,0.203125,64,0.40625,64,0.21875,
LEFT_TAIL_DIAGNOSTICS_V1,UNIVARIATE,DEVELOPMENT,NORMAL_CLOSE_INTENT,entry_rsi14,ALL,,MISSING,,,0,0,,,0,,,0,,,0,,0,,0,,0,,0,,DESCRIPTIVE_N_LT_20
LEFT_TAIL_DIAGNOSTICS_V1,UNIVARIATE,DEVELOPMENT,NORMAL_CLOSE_INTENT,rsi_change,ALL,0,BIN_0,,-5.0,90,90,-0.02214721309471959,-0.035865340899155385,90,-0.02945252688338131,-0.04223081882656354,90,-0.0441165881840488,-0.060172902461406275,90,-0.01788342603932781,90,0.36666666666666664,90,0.07777777777777778,90,0.4111111111111111,90,0.2111111111111111,
LEFT_TAIL_DIAGNOSTICS_V1,UNIVARIATE,DEVELOPMENT,NORMAL_CLOSE_INTENT,rsi_change,ALL,1,BIN_1,-5.0,0.0,38,38,-0.018090577028153837,-0.04255015844821669,38,-0.04898640498546088,-0.11458438720382014,38,-0.0644843694267303,-0.06424697465425289,38,-0.051121589034275945,38,0.4473684210526316,38,0.21052631578947367,38,0.47368421052631576,38,0.15789473684210525,
LEFT_TAIL_DIAGNOSTICS_V1,UNIVARIATE,DEVELOPMENT,NORMAL_CLOSE_INTENT,rsi_change,ALL,2,BIN_2,0.0,,46,45,-0.006308495491051246,-0.009877977919814152,45,-0.018098949704808062,-0.03263403263403253,46,-0.03224605059771505,-0.06458129429731857,46,-0.032462032834509345,46,0.45652173913043476,46,0.17391304347826086,46,0.34782608695652173,46,0.1956521739130435,
LEFT_TAIL_DIAGNOSTICS_V1,UNIVARIATE,DEVELOPMENT,NORMAL_CLOSE_INTENT,rsi_change,ALL,,MISSING,,,0,0,,,0,,,0,,,0,,0,,0,,0,,0,,DESCRIPTIVE_N_LT_20
LEFT_TAIL_DIAGNOSTICS_V1,UNIVARIATE,DEVELOPMENT,NORMAL_CLOSE_INTENT,amount_ratio_prev5,ALL,0,BIN_0,,0.75,3,3,-0.01722745076192474,-0.05128205128205132,3,-0.029553091149231287,-0.05128205128205132,3,-0.013229922525675711,-0.03240740740740755,3,-0.013423358442417028,3,0.0,3,0.0,3,0.6666666666666666,3,0.0,DESCRIPTIVE_N_LT_20
LEFT_TAIL_DIAGNOSTICS_V1,UNIVARIATE,DEVELOPMENT,NORMAL_CLOSE_INTENT,amount_ratio_prev5,ALL,1,BIN_1,0.75,1.5,74,74,-0.01523518198263288,-0.018737982614544457,74,-0.0054056900324937545,-0.005617224326374959,74,-0.021832874081619835,-0.05509289439374182,74,-0.007993289249452308,74,0.33783783783783783,74,0.06756756756756757,74,0.3108108108108108,74,0.22972972972972974,
LEFT_TAIL_DIAGNOSTICS_V1,UNIVARIATE,DEVELOPMENT,NORMAL_CLOSE_INTENT,amount_ratio_prev5,ALL,2,BIN_2,1.5,,94,93,-0.017860866818515064,-0.038296536570053386,93,-0.049436851500801224,-0.08461538461538465,94,-0.06487028803177525,-0.08198924731182794,94,-0.045955272405008,94,0.4787234042553192,94,0.19148936170212766,94,0.46808510638297873,94,0.18085106382978725,
LEFT_TAIL_DIAGNOSTICS_V1,UNIVARIATE,DEVELOPMENT,NORMAL_CLOSE_INTENT,amount_ratio_prev5,ALL,,MISSING,,,3,3,-0.041475656523135486,-0.06056129985228942,3,-0.08011867341381633,-0.053415061295971955,3,-0.05036259255708923,-0.010339734121122546,3,-0.03127105045731495,3,0.3333333333333333,3,0.0,3,0.6666666666666666,3,0.0,DESCRIPTIVE_N_LT_20
LEFT_TAIL_DIAGNOSTICS_V1,UNIVARIATE,DEVELOPMENT,NORMAL_CLOSE_INTENT,prev5_avg_range,ALL,0,BIN_0,,0.05,21,21,-0.012966439383617665,0.011576626240352939,21,-0.06111285780937288,-0.05326674989596347,21,-0.07999237180938842,-0.06142131979695431,21,-0.057017508967733915,21,0.38095238095238093,21,0.2857142857142857,21,0.5238095238095238,21,0.09523809523809523,
LEFT_TAIL_DIAGNOSTICS_V1,UNIVARIATE,DEVELOPMENT,NORMAL_CLOSE_INTENT,prev5_avg_range,ALL,1,BIN_1,0.05,0.1,122,122,-0.01596112139439591,-0.033870854944633655,122,-0.02684686292681026,-0.03583653583653579,122,-0.04715203845121809,-0.06230196948759825,122,-0.02766634678801071,122,0.4098360655737705,122,0.13114754098360656,122,0.38524590163934425,122,0.21311475409836064,
LEFT_TAIL_DIAGNOSTICS_V1,UNIVARIATE,DEVELOPMENT,NORMAL_CLOSE_INTENT,prev5_avg_range,ALL,2,BIN_2,0.1,,28,27,-0.022984977627786535,-0.03534303534303529,27,-0.01954149016144677,-0.08461538461538465,28,-0.011455036627071603,-0.06540626260579296,28,-0.013532396049919819,28,0.42857142857142855,28,0.03571428571428571,28,0.39285714285714285,28,0.21428571428571427,
LEFT_TAIL_DIAGNOSTICS_V1,UNIVARIATE,DEVELOPMENT,NORMAL_CLOSE_INTENT,prev5_avg_range,ALL,,MISSING,,,3,3,-0.041475656523135486,-0.06056129985228942,3,-0.08011867341381633,-0.053415061295971955,3,-0.05036259255708923,-0.010339734121122546,3,-0.03127105045731495,3,0.3333333333333333,3,0.0,3,0.6666666666666666,3,0.0,DESCRIPTIVE_N_LT_20
LEFT_TAIL_DIAGNOSTICS_V1,ENTRY_TYPE_X_PRIOR5_RAW_RETURN,DEVELOPMENT,NORMAL_CLOSE_INTENT,prior5_raw_return,ENTRY_A_PULLBACK_TO_MA5_V1,0,BIN_0,,0.0,0,0,,,0,,,0,,,0,,0,,0,,0,,0,,DESCRIPTIVE_N_LT_20
LEFT_TAIL_DIAGNOSTICS_V1,ENTRY_TYPE_X_PRIOR5_RAW_RETURN,DEVELOPMENT,NORMAL_CLOSE_INTENT,prior5_raw_return,ENTRY_A_PULLBACK_TO_MA5_V1,1,BIN_1,0.0,0.1,3,3,-0.028039780370288796,-0.08368644067796605,3,0.013895595019159787,0.02620967741935476,3,0.07287009357813083,0.09072580645161299,3,0.05914249371438355,3,0.0,3,0.0,3,0.0,3,0.3333333333333333,DESCRIPTIVE_N_LT_20
LEFT_TAIL_DIAGNOSTICS_V1,ENTRY_TYPE_X_PRIOR5_RAW_RETURN,DEVELOPMENT,NORMAL_CLOSE_INTENT,prior5_raw_return,ENTRY_A_PULLBACK_TO_MA5_V1,2,BIN_2,0.1,0.2,9,9,-0.03585388989227303,-0.018012783265543453,9,0.001046496845238745,0.03716129032258064,9,-0.004104327580245469,-0.02914110429447858,9,-0.0255729693990554,9,0.2222222222222222,9,0.1111111111111111,9,0.4444444444444444,9,0.0,DESCRIPTIVE_N_LT_20
LEFT_TAIL_DIAGNOSTICS_V1,ENTRY_TYPE_X_PRIOR5_RAW_RETURN,DEVELOPMENT,NORMAL_CLOSE_INTENT,prior5_raw_return,ENTRY_A_PULLBACK_TO_MA5_V1,3,BIN_3,0.2,,126,125,-0.015100042695224346,-0.03735823882588396,125,-0.03948790970509483,-0.07342192691029903,126,-0.05552781540804508,-0.08363070844629378,126,-0.0414690705694673,126,0.47619047619047616,126,0.15873015873015872,126,0.4365079365079365,126,0.1984126984126984,
LEFT_TAIL_DIAGNOSTICS_V1,ENTRY_TYPE_X_PRIOR5_RAW_RETURN,DEVELOPMENT,NORMAL_CLOSE_INTENT,prior5_raw_return,ENTRY_A_PULLBACK_TO_MA5_V1,,MISSING,,,3,3,-0.041475656523135486,-0.06056129985228942,3,-0.08011867341381633,-0.053415061295971955,3,-0.05036259255708923,-0.010339734121122546,3,-0.03127105045731495,3,0.3333333333333333,3,0.0,3,0.6666666666666666,3,0.0,DESCRIPTIVE_N_LT_20
LEFT_TAIL_DIAGNOSTICS_V1,ENTRY_TYPE_X_PRIOR5_RAW_RETURN,DEVELOPMENT,NORMAL_CLOSE_INTENT,prior5_raw_return,ENTRY_B_RSI_RECROSS_70_V1,0,BIN_0,,0.0,8,8,-0.002859365293146676,-8.668470731409972e-05,8,-0.010715151790084962,-0.01185803443867961,8,-0.018301847688664857,-0.043676231176231206,8,-0.0054954818824618735,8,0.0,8,0.0,8,0.5,8,0.125,DESCRIPTIVE_N_LT_20
LEFT_TAIL_DIAGNOSTICS_V1,ENTRY_TYPE_X_PRIOR5_RAW_RETURN,DEVELOPMENT,NORMAL_CLOSE_INTENT,prior5_raw_return,ENTRY_B_RSI_RECROSS_70_V1,1,BIN_1,0.0,0.1,11,11,-0.02437918782947251,-0.031488549618320705,11,0.04716395839676358,0.03614457831325302,11,0.017875495612733706,0.006675567423231055,11,0.05004762220032925,11,0.09090909090909091,11,0.0,11,0.09090909090909091,11,0.18181818181818182,DESCRIPTIVE_N_LT_20
LEFT_TAIL_DIAGNOSTICS_V1,ENTRY_TYPE_X_PRIOR5_RAW_RETURN,DEVELOPMENT,NORMAL_CLOSE_INTENT,prior5_raw_return,ENTRY_B_RSI_RECROSS_70_V1,2,BIN_2,0.1,0.2,7,7,0.0008992674462939831,0.016083916083915906,7,-0.02545723302865361,-0.020979020979021046,7,-0.0843441496207258,-0.10992907801418439,7,0.018832044003290117,7,0.5714285714285714,7,0.0,7,0.14285714285714285,7,0.5714285714285714,DESCRIPTIVE_N_LT_20
LEFT_TAIL_DIAGNOSTICS_V1,ENTRY_TYPE_X_PRIOR5_RAW_RETURN,DEVELOPMENT,NORMAL_CLOSE_INTENT,prior5_raw_return,ENTRY_B_RSI_RECROSS_70_V1,3,BIN_3,0.2,,7,7,-0.03729794710468976,-0.04355108877721936,7,-0.06518653797109483,-0.06448911222780562,7,-0.05687181979827759,-0.06142131979695431,7,-0.044588749689029,7,0.42857142857142855,7,0.2857142857142857,7,0.5714285714285714,7,0.14285714285714285,DESCRIPTIVE_N_LT_20
LEFT_TAIL_DIAGNOSTICS_V1,ENTRY_TYPE_X_PRIOR5_RAW_RETURN,DEVELOPMENT,NORMAL_CLOSE_INTENT,prior5_raw_return,ENTRY_B_RSI_RECROSS_70_V1,,MISSING,,,0,0,,,0,,,0,,,0,,0,,0,,0,,0,,DESCRIPTIVE_N_LT_20
LEFT_TAIL_DIAGNOSTICS_V1,INTENT_X_PRIOR5_RAW_RETURN,DEVELOPMENT,FROZEN_ALL_INTENTS_NO_PNL_POOLING,prior5_raw_return,NORMAL_CLOSE_INTENT,0,BIN_0,,0.0,8,8,-0.002859365293146676,-8.668470731409972e-05,8,-0.010715151790084962,-0.01185803443867961,8,-0.018301847688664857,-0.043676231176231206,8,-0.0054954818824618735,8,0.0,8,0.0,8,0.5,8,0.125,DESCRIPTIVE_N_LT_20
LEFT_TAIL_DIAGNOSTICS_V1,INTENT_X_PRIOR5_RAW_RETURN,DEVELOPMENT,FROZEN_ALL_INTENTS_NO_PNL_POOLING,prior5_raw_return,NORMAL_CLOSE_INTENT,1,BIN_1,0.0,0.1,14,14,-0.025163600516790285,-0.032845984980177434,14,0.040035023387277054,0.030583652268999395,14,0.02966005231960452,0.010114892145350551,14,0.051996523239055174,14,0.07142857142857142,14,0.0,14,0.07142857142857142,14,0.21428571428571427,DESCRIPTIVE_N_LT_20
LEFT_TAIL_DIAGNOSTICS_V1,INTENT_X_PRIOR5_RAW_RETURN,DEVELOPMENT,FROZEN_ALL_INTENTS_NO_PNL_POOLING,prior5_raw_return,NORMAL_CLOSE_INTENT,2,BIN_2,0.1,0.2,16,16,-0.019774383556649962,-0.00945511799216514,16,-0.01054888497458916,-0.020104895104895215,16,-0.039209249722955614,-0.04882739212007503,16,-0.006145776035529236,16,0.375,16,0.0625,16,0.3125,16,0.25,DESCRIPTIVE_N_LT_20
LEFT_TAIL_DIAGNOSTICS_V1,INTENT_X_PRIOR5_RAW_RETURN,DEVELOPMENT,FROZEN_ALL_INTENTS_NO_PNL_POOLING,prior5_raw_return,NORMAL_CLOSE_INTENT,3,BIN_3,0.2,,133,132,-0.016277204292696,-0.03778024300844757,132,-0.04085071574950392,-0.07150221594023903,133,-0.05559855248121521,-0.08360128617363338,133,-0.04163326420733897,133,0.47368421052631576,133,0.16541353383458646,133,0.44360902255639095,133,0.19548872180451127,
LEFT_TAIL_DIAGNOSTICS_V1,INTENT_X_PRIOR5_RAW_RETURN,DEVELOPMENT,FROZEN_ALL_INTENTS_NO_PNL_POOLING,prior5_raw_return,NORMAL_CLOSE_INTENT,,MISSING,,,3,3,-0.041475656523135486,-0.06056129985228942,3,-0.08011867341381633,-0.053415061295971955,3,-0.05036259255708923,-0.010339734121122546,3,-0.03127105045731495,3,0.3333333333333333,3,0.0,3,0.6666666666666666,3,0.0,DESCRIPTIVE_N_LT_20
LEFT_TAIL_DIAGNOSTICS_V1,INTENT_X_PRIOR5_RAW_RETURN,DEVELOPMENT,FROZEN_ALL_INTENTS_NO_PNL_POOLING,prior5_raw_return,LIMIT_UP_CLOSE_BOARD_INTENT,0,BIN_0,,0.0,1,1,-0.09969325153374231,-0.09969325153374231,1,-0.10046012269938642,-0.10046012269938642,1,-0.06134969325153361,-0.06134969325153361,1,-0.06242,1,0.0,1,0.0,1,1.0,1,0.0,DESCRIPTIVE_N_LT_20
LEFT_TAIL_DIAGNOSTICS_V1,INTENT_X_PRIOR5_RAW_RETURN,DEVELOPMENT,FROZEN_ALL_INTENTS_NO_PNL_POOLING,prior5_raw_return,LIMIT_UP_CLOSE_BOARD_INTENT,1,BIN_1,0.0,0.1,5,5,-0.025103372942311065,-0.028749028749028738,5,-0.07229433988092071,-0.07109557109557108,5,-0.05219543514319267,-0.04961984793917562,5,-0.022491974711231422,5,0.2,5,0.2,5,0.4,5,0.2,DESCRIPTIVE_N_LT_20
LEFT_TAIL_DIAGNOSTICS_V1,INTENT_X_PRIOR5_RAW_RETURN,DEVELOPMENT,FROZEN_ALL_INTENTS_NO_PNL_POOLING,prior5_raw_return,LIMIT_UP_CLOSE_BOARD_INTENT,2,BIN_2,0.1,0.2,10,10,0.0192347260628411,0.021900016635492014,10,-0.0004867507936012094,0.007979274611399023,10,-0.03789449125344323,-0.037791705764758654,10,0.027570684443808936,10,0.3,10,0.0,10,0.2,10,0.4,DESCRIPTIVE_N_LT_20
LEFT_TAIL_DIAGNOSTICS_V1,INTENT_X_PRIOR5_RAW_RETURN,DEVELOPMENT,FROZEN_ALL_INTENTS_NO_PNL_POOLING,prior5_raw_return,LIMIT_UP_CLOSE_BOARD_INTENT,3,BIN_3,0.2,,198,198,0.005019541991827234,0.0011650798577196309,198,-0.024964636875185457,-0.06719755285034251,198,-0.03338426647285629,-0.07732932776036217,198,0.0047220209383754975,198,0.46464646464646464,198,0.2474747474747475,198,0.21212121212121213,198,0.3686868686868687,
LEFT_TAIL_DIAGNOSTICS_V1,INTENT_X_PRIOR5_RAW_RETURN,DEVELOPMENT,FROZEN_ALL_INTENTS_NO_PNL_POOLING,prior5_raw_return,LIMIT_UP_CLOSE_BOARD_INTENT,,MISSING,,,1,1,0.10033167495854056,0.10033167495854056,1,-0.017412935323383172,-0.017412935323383172,1,-0.12603648424543956,-0.12603648424543956,1,0.04941946102819237,1,1.0,1,0.0,1,0.0,1,1.0,DESCRIPTIVE_N_LT_20
LEFT_TAIL_DIAGNOSTICS_V1,UNIVARIATE,TEMPORAL_VALIDATION,NORMAL_CLOSE_INTENT,entry_close_vs_ma5,ALL,0,BIN_0,,0.0,3,3,-0.03372769986065286,-0.023983315954118956,3,-0.11779604297911694,-0.149468085106383,3,-0.17388990502663534,-0.15797872340425534,3,-0.11841764177418528,3,1.0,3,0.3333333333333333,3,0.6666666666666666,3,0.3333333333333333,DESCRIPTIVE_N_LT_20
LEFT_TAIL_DIAGNOSTICS_V1,UNIVARIATE,TEMPORAL_VALIDATION,NORMAL_CLOSE_INTENT,entry_close_vs_ma5,ALL,1,BIN_1,0.0,0.03,25,25,-0.012595317930475889,-0.007927519818799578,25,-0.024742745301464412,-0.01800990544799652,25,-0.01201183789150381,0.0,25,-0.036572155519135,25,0.36,25,0.2,25,0.44,25,0.08,
LEFT_TAIL_DIAGNOSTICS_V1,UNIVARIATE,TEMPORAL_VALIDATION,NORMAL_CLOSE_INTENT,entry_close_vs_ma5,ALL,2,BIN_2,0.03,0.08,26,26,-0.011353855634525383,-0.0043609594196873935,24,-0.025137026717515814,-0.012399369726301512,24,-0.058406997982643684,-0.14811170838796134,25,-0.0491006065585029,24,0.5416666666666666,24,0.3333333333333333,25,0.4,24,0.16666666666666666,
LEFT_TAIL_DIAGNOSTICS_V1,UNIVARIATE,TEMPORAL_VALIDATION,NORMAL_CLOSE_INTENT,entry_close_vs_ma5,ALL,3,BIN_3,0.08,,14,14,-0.011116872302618772,-0.038317730714139575,14,-0.027710494513677457,-0.023934272953389846,14,-0.014168825506548719,-0.03172282538866761,14,-0.05337264571678506,14,0.42857142857142855,14,0.21428571428571427,14,0.42857142857142855,14,0.07142857142857142,DESCRIPTIVE_N_LT_20
LEFT_TAIL_DIAGNOSTICS_V1,UNIVARIATE,TEMPORAL_VALIDATION,NORMAL_CLOSE_INTENT,entry_close_vs_ma5,ALL,,MISSING,,,0,0,,,0,,,0,,,0,,0,,0,,0,,0,,DESCRIPTIVE_N_LT_20
LEFT_TAIL_DIAGNOSTICS_V1,UNIVARIATE,TEMPORAL_VALIDATION,NORMAL_CLOSE_INTENT,entry_low_vs_ma5,ALL,0,BIN_0,,-0.03,29,29,-0.019930473479667726,-0.023983315954118956,29,-0.06057367120210217,-0.09340449866565004,29,-0.06733564005102456,-0.13641060971408892,29,-0.06623722353629989,29,0.5517241379310345,29,0.3103448275862069,29,0.4827586206896552,29,0.13793103448275862,
LEFT_TAIL_DIAGNOSTICS_V1,UNIVARIATE,TEMPORAL_VALIDATION,NORMAL_CLOSE_INTENT,entry_low_vs_ma5,ALL,1,BIN_1,-0.03,0.0,39,39,-0.007408173735072168,-0.0027168991124796316,37,-0.00558259083850979,-0.008879781420765065,37,-0.012685502961159991,-0.040550325850832736,38,-0.03482656670383677,37,0.40540540540540543,37,0.21621621621621623,38,0.39473684210526316,37,0.10810810810810811,
LEFT_TAIL_DIAGNOSTICS_V1,UNIVARIATE,TEMPORAL_VALIDATION,NORMAL_CLOSE_INTENT,entry_low_vs_ma5,ALL,2,BIN_2,0.0,,0,0,,,0,,,0,,,0,,0,,0,,0,,0,,DESCRIPTIVE_N_LT_20
LEFT_TAIL_DIAGNOSTICS_V1,UNIVARIATE,TEMPORAL_VALIDATION,NORMAL_CLOSE_INTENT,entry_low_vs_ma5,ALL,,MISSING,,,0,0,,,0,,,0,,,0,,0,,0,,0,,0,,DESCRIPTIVE_N_LT_20
LEFT_TAIL_DIAGNOSTICS_V1,UNIVARIATE,TEMPORAL_VALIDATION,NORMAL_CLOSE_INTENT,intraday_recovery,ALL,0,BIN_0,,0.02,2,2,-0.030092104064154468,-0.030092104064154468,2,-0.09303247825701605,-0.09303247825701605,2,-0.055153550611299174,-0.055153550611299174,2,-0.05622887623530403,2,0.5,2,0.0,2,1.0,2,0.0,DESCRIPTIVE_N_LT_20
LEFT_TAIL_DIAGNOSTICS_V1,UNIVARIATE,TEMPORAL_VALIDATION,NORMAL_CLOSE_INTENT,intraday_recovery,ALL,1,BIN_1,0.02,0.05,14,14,-0.026707934453915456,-0.04085298780650731,13,-0.010275282695613884,-0.01800990544799652,13,-0.022216743771640273,-0.08813324080499652,13,-0.0721938645866649,13,0.46153846153846156,13,0.23076923076923078,13,0.5384615384615384,13,0.07692307692307693,DESCRIPTIVE_N_LT_20
LEFT_TAIL_DIAGNOSTICS_V1,UNIVARIATE,TEMPORAL_VALIDATION,NORMAL_CLOSE_INTENT,intraday_recovery,ALL,2,BIN_2,0.05,,52,52,-0.00832321569413564,-0.003280583137409976,51,-0.03222644498683946,-0.01591895803183796,51,-0.03966612550566098,-0.05835240274599551,52,-0.04217905817694697,51,0.47058823529411764,51,0.27450980392156865,52,0.38461538461538464,51,0.13725490196078433,
LEFT_TAIL_DIAGNOSTICS_V1,UNIVARIATE,TEMPORAL_VALIDATION,NORMAL_CLOSE_INTENT,intraday_recovery,ALL,,MISSING,,,0,0,,,0,,,0,,,0,,0,,0,,0,,0,,DESCRIPTIVE_N_LT_20
LEFT_TAIL_DIAGNOSTICS_V1,UNIVARIATE,TEMPORAL_VALIDATION,NORMAL_CLOSE_INTENT,prior5_raw_return,ALL,0,BIN_0,,0.0,0,0,,,0,,,0,,,0,,0,,0,,0,,0,,DESCRIPTIVE_N_LT_20
LEFT_TAIL_DIAGNOSTICS_V1,UNIVARIATE,TEMPORAL_VALIDATION,NORMAL_CLOSE_INTENT,prior5_raw_return,ALL,1,BIN_1,0.0,0.1,2,2,-0.09703773039223346,-0.09703773039223346,2,-0.029914057248268566,-0.029914057248268566,2,-0.016902660746947573,-0.016902660746947573,2,-0.054716904933403164,2,0.5,2,0.0,2,0.5,2,0.0,DESCRIPTIVE_N_LT_20
LEFT_TAIL_DIAGNOSTICS_V1,UNIVARIATE,TEMPORAL_VALIDATION,NORMAL_CLOSE_INTENT,prior5_raw_return,ALL,2,BIN_2,0.1,0.2,14,14,-0.008362649652791368,-0.006402585747917022,14,-0.03208134685575235,-0.09092110686895716,14,-0.07880680326748493,-0.12135789696658977,14,-0.06743544665241484,14,0.5714285714285714,14,0.2857142857142857,14,0.5714285714285714,14,0.14285714285714285,DESCRIPTIVE_N_LT_20
LEFT_TAIL_DIAGNOSTICS_V1,UNIVARIATE,TEMPORAL_VALIDATION,NORMAL_CLOSE_INTENT,prior5_raw_return,ALL,3,BIN_3,0.2,,50,50,-0.012239754551918638,-0.02049002849002851,48,-0.029440502279099213,-0.013991145263719917,48,-0.02083905440431466,-0.04279768544793894,49,-0.04670516320629691,48,0.4166666666666667,48,0.2708333333333333,49,0.40816326530612246,48,0.08333333333333333,
LEFT_TAIL_DIAGNOSTICS_V1,UNIVARIATE,TEMPORAL_VALIDATION,NORMAL_CLOSE_INTENT,prior5_raw_return,ALL,,MISSING,,,2,2,0.028118888470649694,0.028118888470649694,2,-0.02054062300599635,-0.02054062300599635,2,-0.1423609961984219,-0.1423609961984219,2,0.048897021405334334,2,1.0,2,0.0,2,0.0,2,1.0,DESCRIPTIVE_N_LT_20
LEFT_TAIL_DIAGNOSTICS_V1,UNIVARIATE,TEMPORAL_VALIDATION,NORMAL_CLOSE_INTENT,trigger_to_entry_raw_return,ALL,0,BIN_0,,0.0,16,16,-0.012988272182457121,-0.011308481205069665,15,0.011861556417837127,-0.004953031596925728,15,-0.0005451049084057654,-0.08813324080499652,15,-0.007002212289510296,15,0.4,15,0.06666666666666667,15,0.26666666666666666,15,0.26666666666666666,DESCRIPTIVE_N_LT_20
LEFT_TAIL_DIAGNOSTICS_V1,UNIVARIATE,TEMPORAL_VALIDATION,NORMAL_CLOSE_INTENT,trigger_to_entry_raw_return,ALL,1,BIN_1,0.0,0.05,14,14,-0.04064312468701634,-0.06975047244965066,14,-0.07004949176860396,-0.08929484192541765,14,-0.06799298583458539,-0.12931641596815557,14,-0.09233110289976476,14,0.5714285714285714,14,0.2857142857142857,14,0.6428571428571429,14,0.0,DESCRIPTIVE_N_LT_20
LEFT_TAIL_DIAGNOSTICS_V1,UNIVARIATE,TEMPORAL_VALIDATION,NORMAL_CLOSE_INTENT,trigger_to_entry_raw_return,ALL,2,BIN_2,0.05,,38,38,-0.002370694895806208,0.004952910892568052,37,-0.031362778037646664,-0.03612821441506697,37,-0.03951402150627972,-0.040550325850832736,38,-0.04859527348313508,37,0.4594594594594595,37,0.32432432432432434,38,0.42105263157894735,37,0.10810810810810811,
LEFT_TAIL_DIAGNOSTICS_V1,UNIVARIATE,TEMPORAL_VALIDATION,NORMAL_CLOSE_INTENT,trigger_to_entry_raw_return,ALL,,MISSING,,,0,0,,,0,,,0,,,0,,0,,0,,0,,0,,DESCRIPTIVE_N_LT_20
LEFT_TAIL_DIAGNOSTICS_V1,UNIVARIATE,TEMPORAL_VALIDATION,NORMAL_CLOSE_INTENT,entry_rsi14,ALL,0,BIN_0,,70.0,0,0,,,0,,,0,,,0,,0,,0,,0,,0,,DESCRIPTIVE_N_LT_20
LEFT_TAIL_DIAGNOSTICS_V1,UNIVARIATE,TEMPORAL_VALIDATION,NORMAL_CLOSE_INTENT,entry_rsi14,ALL,1,BIN_1,70.0,80.0,36,36,-0.017736255320889908,-0.03060867925365518,35,-0.02160267542247609,-0.02300242130750596,35,-0.027440513974614618,-0.05835240274599551,35,-0.03500608677605045,35,0.42857142857142855,35,0.2,35,0.4,35,0.14285714285714285,
LEFT_TAIL_DIAGNOSTICS_V1,UNIVARIATE,TEMPORAL_VALIDATION,NORMAL_CLOSE_INTENT,entry_rsi14,ALL,2,BIN_2,80.0,,32,32,-0.007137416094566935,0.006994537220797681,31,-0.03893866729352134,-0.01591895803183796,31,-0.04715094135261678,-0.12222222222222223,32,-0.06309612437927277,31,0.5161290322580645,31,0.3225806451612903,32,0.46875,31,0.0967741935483871,
LEFT_TAIL_DIAGNOSTICS_V1,UNIVARIATE,TEMPORAL_VALIDATION,NORMAL_CLOSE_INTENT,entry_rsi14,ALL,,MISSING,,,0,0,,,0,,,0,,,0,,0,,0,,0,,0,,DESCRIPTIVE_N_LT_20
LEFT_TAIL_DIAGNOSTICS_V1,UNIVARIATE,TEMPORAL_VALIDATION,NORMAL_CLOSE_INTENT,rsi_change,ALL,0,BIN_0,,-5.0,27,27,-0.03155732479238389,-0.06957328385899819,26,-0.032542853536837585,-0.07569837241212429,26,-0.04442084371726526,-0.1275273387553495,26,-0.06416674349439266,26,0.5384615384615384,26,0.2692307692307692,26,0.46153846153846156,26,0.11538461538461539,
LEFT_TAIL_DIAGNOSTICS_V1,UNIVARIATE,TEMPORAL_VALIDATION,NORMAL_CLOSE_INTENT,rsi_change,ALL,1,BIN_1,-5.0,0.0,17,17,0.006135154799789688,0.010526315789473495,16,-0.02138690912985134,-0.004421595889996077,16,-0.025266557316164034,-0.07324282177549601,17,-0.051453204569747814,16,0.4375,16,0.25,17,0.47058823529411764,16,0.125,DESCRIPTIVE_N_LT_20
LEFT_TAIL_DIAGNOSTICS_V1,UNIVARIATE,TEMPORAL_VALIDATION,NORMAL_CLOSE_INTENT,rsi_change,ALL,2,BIN_2,0.0,,24,24,-0.004964682032509923,0.003639426187631356,24,-0.032286982827101095,-0.01382964476177534,24,-0.03595376322229627,-0.04279768544793894,24,-0.029218717031607177,24,0.4166666666666667,24,0.25,24,0.375,24,0.125,
LEFT_TAIL_DIAGNOSTICS_V1,UNIVARIATE,TEMPORAL_VALIDATION,NORMAL_CLOSE_INTENT,rsi_change,ALL,,MISSING,,,0,0,,,0,,,0,,,0,,0,,0,,0,,0,,DESCRIPTIVE_N_LT_20
LEFT_TAIL_DIAGNOSTICS_V1,UNIVARIATE,TEMPORAL_VALIDATION,NORMAL_CLOSE_INTENT,amount_ratio_prev5,ALL,0,BIN_0,,0.75,1,1,-0.0027168991124796316,-0.0027168991124796316,1,-0.09762724144176782,-0.09762724144176782,1,-0.12407172613656947,-0.12407172613656947,1,-0.12509122803839884,1,1.0,1,0.0,1,1.0,1,0.0,DESCRIPTIVE_N_LT_20
LEFT_TAIL_DIAGNOSTICS_V1,UNIVARIATE,TEMPORAL_VALIDATION,NORMAL_CLOSE_INTENT,amount_ratio_prev5,ALL,1,BIN_1,0.75,1.5,38,38,-0.01634726650766901,-0.012941572089113118,37,-0.027574988086748308,-0.02300242130750596,37,-0.03436205098018784,-0.05835240274599551,38,-0.04675912130768152,37,0.43243243243243246,37,0.21621621621621623,38,0.4473684210526316,37,0.10810810810810811,
LEFT_TAIL_DIAGNOSTICS_V1,UNIVARIATE,TEMPORAL_VALIDATION,NORMAL_CLOSE_INTENT,amount_ratio_prev5,ALL,2,BIN_2,1.5,,27,27,-0.011082491004280591,-0.0251851851851852,26,-0.030931126123937582,-0.013991145263719917,26,-0.0285349063939334,-0.03172282538866761,26,-0.05539020086072562,26,0.46153846153846156,26,0.34615384615384615,26,0.4230769230769231,26,0.07692307692307693,
LEFT_TAIL_DIAGNOSTICS_V1,UNIVARIATE,TEMPORAL_VALIDATION,NORMAL_CLOSE_INTENT,amount_ratio_prev5,ALL,,MISSING,,,2,2,0.028118888470649694,0.028118888470649694,2,-0.02054062300599635,-0.02054062300599635,2,-0.1423609961984219,-0.1423609961984219,2,0.048897021405334334,2,1.0,2,0.0,2,0.0,2,1.0,DESCRIPTIVE_N_LT_20
LEFT_TAIL_DIAGNOSTICS_V1,UNIVARIATE,TEMPORAL_VALIDATION,NORMAL_CLOSE_INTENT,prev5_avg_range,ALL,0,BIN_0,,0.05,13,13,-0.02861278965910445,-0.057467309015829304,13,-0.05674459212194789,-0.08518518518518525,13,-0.05709454792873584,-0.13230769230769235,13,-0.0911556593589975,13,0.6153846153846154,13,0.38461538461538464,13,0.6923076923076923,13,0.07692307692307693,DESCRIPTIVE_N_LT_20
LEFT_TAIL_DIAGNOSTICS_V1,UNIVARIATE,TEMPORAL_VALIDATION,NORMAL_CLOSE_INTENT,prev5_avg_range,ALL,1,BIN_1,0.05,0.1,43,43,-0.0060954822850645286,-0.0027168991124796316,41,-0.020883025809374237,-0.012063332495601875,41,-0.03177893438014132,-0.040550325850832736,42,-0.03257097726128247,41,0.3902439024390244,41,0.24390243902439024,42,0.35714285714285715,41,0.12195121951219512,
LEFT_TAIL_DIAGNOSTICS_V1,UNIVARIATE,TEMPORAL_VALIDATION,NORMAL_CLOSE_INTENT,prev5_avg_range,ALL,2,BIN_2,0.1,,10,10,-0.028906827969334536,-0.06519635169872084,10,-0.0328227324104166,-0.06549875858978738,10,-0.009220974598642795,-0.055426440935685384,10,-0.07890784434683318,10,0.5,10,0.2,10,0.5,10,0.0,DESCRIPTIVE_N_LT_20
LEFT_TAIL_DIAGNOSTICS_V1,UNIVARIATE,TEMPORAL_VALIDATION,NORMAL_CLOSE_INTENT,prev5_avg_range,ALL,,MISSING,,,2,2,0.028118888470649694,0.028118888470649694,2,-0.02054062300599635,-0.02054062300599635,2,-0.1423609961984219,-0.1423609961984219,2,0.048897021405334334,2,1.0,2,0.0,2,0.0,2,1.0,DESCRIPTIVE_N_LT_20
LEFT_TAIL_DIAGNOSTICS_V1,ENTRY_TYPE_X_PRIOR5_RAW_RETURN,TEMPORAL_VALIDATION,NORMAL_CLOSE_INTENT,prior5_raw_return,ENTRY_A_PULLBACK_TO_MA5_V1,0,BIN_0,,0.0,0,0,,,0,,,0,,,0,,0,,0,,0,,0,,DESCRIPTIVE_N_LT_20
LEFT_TAIL_DIAGNOSTICS_V1,ENTRY_TYPE_X_PRIOR5_RAW_RETURN,TEMPORAL_VALIDATION,NORMAL_CLOSE_INTENT,prior5_raw_return,ENTRY_A_PULLBACK_TO_MA5_V1,1,BIN_1,0.0,0.1,1,1,-0.09992652461425422,-0.09992652461425422,1,0.08963997060984585,0.08963997060984585,1,0.12417340191036019,0.12417340191036019,1,0.04953695077149155,1,0.0,1,0.0,1,0.0,1,0.0,DESCRIPTIVE_N_LT_20
LEFT_TAIL_DIAGNOSTICS_V1,ENTRY_TYPE_X_PRIOR5_RAW_RETURN,TEMPORAL_VALIDATION,NORMAL_CLOSE_INTENT,prior5_raw_return,ENTRY_A_PULLBACK_TO_MA5_V1,2,BIN_2,0.1,0.2,8,8,0.011197303262647798,0.00544146802051676,8,0.018242453417411528,-0.04246736361484632,8,-0.015230638777972413,0.011106503678910085,8,-0.015759416188838204,8,0.375,8,0.25,8,0.375,8,0.125,DESCRIPTIVE_N_LT_20
LEFT_TAIL_DIAGNOSTICS_V1,ENTRY_TYPE_X_PRIOR5_RAW_RETURN,TEMPORAL_VALIDATION,NORMAL_CLOSE_INTENT,prior5_raw_return,ENTRY_A_PULLBACK_TO_MA5_V1,3,BIN_3,0.2,,50,50,-0.012239754551918638,-0.02049002849002851,48,-0.029440502279099213,-0.013991145263719917,48,-0.02083905440431466,-0.04279768544793894,49,-0.04670516320629691,48,0.4166666666666667,48,0.2708333333333333,49,0.40816326530612246,48,0.08333333333333333,
LEFT_TAIL_DIAGNOSTICS_V1,ENTRY_TYPE_X_PRIOR5_RAW_RETURN,TEMPORAL_VALIDATION,NORMAL_CLOSE_INTENT,prior5_raw_return,ENTRY_A_PULLBACK_TO_MA5_V1,,MISSING,,,2,2,0.028118888470649694,0.028118888470649694,2,-0.02054062300599635,-0.02054062300599635,2,-0.1423609961984219,-0.1423609961984219,2,0.048897021405334334,2,1.0,2,0.0,2,0.0,2,1.0,DESCRIPTIVE_N_LT_20
LEFT_TAIL_DIAGNOSTICS_V1,ENTRY_TYPE_X_PRIOR5_RAW_RETURN,TEMPORAL_VALIDATION,NORMAL_CLOSE_INTENT,prior5_raw_return,ENTRY_B_RSI_RECROSS_70_V1,0,BIN_0,,0.0,0,0,,,0,,,0,,,0,,0,,0,,0,,0,,DESCRIPTIVE_N_LT_20
LEFT_TAIL_DIAGNOSTICS_V1,ENTRY_TYPE_X_PRIOR5_RAW_RETURN,TEMPORAL_VALIDATION,NORMAL_CLOSE_INTENT,prior5_raw_return,ENTRY_B_RSI_RECROSS_70_V1,1,BIN_1,0.0,0.1,1,1,-0.0941489361702127,-0.0941489361702127,1,-0.149468085106383,-0.149468085106383,1,-0.15797872340425534,-0.15797872340425534,1,-0.15897076063829788,1,1.0,1,0.0,1,1.0,1,0.0,DESCRIPTIVE_N_LT_20
LEFT_TAIL_DIAGNOSTICS_V1,ENTRY_TYPE_X_PRIOR5_RAW_RETURN,TEMPORAL_VALIDATION,NORMAL_CLOSE_INTENT,prior5_raw_return,ENTRY_B_RSI_RECROSS_70_V1,2,BIN_2,0.1,0.2,6,6,-0.034442586873376924,-0.03060867925365518,6,-0.09917974721997085,-0.11118733114225715,6,-0.16357502258683498,-0.17046371703668856,6,-0.13633682060385036,6,0.8333333333333334,6,0.3333333333333333,6,0.8333333333333334,6,0.16666666666666666,DESCRIPTIVE_N_LT_20
LEFT_TAIL_DIAGNOSTICS_V1,ENTRY_TYPE_X_PRIOR5_RAW_RETURN,TEMPORAL_VALIDATION,NORMAL_CLOSE_INTENT,prior5_raw_return,ENTRY_B_RSI_RECROSS_70_V1,3,BIN_3,0.2,,0,0,,,0,,,0,,,0,,0,,0,,0,,0,,DESCRIPTIVE_N_LT_20
LEFT_TAIL_DIAGNOSTICS_V1,ENTRY_TYPE_X_PRIOR5_RAW_RETURN,TEMPORAL_VALIDATION,NORMAL_CLOSE_INTENT,prior5_raw_return,ENTRY_B_RSI_RECROSS_70_V1,,MISSING,,,0,0,,,0,,,0,,,0,,0,,0,,0,,0,,DESCRIPTIVE_N_LT_20
LEFT_TAIL_DIAGNOSTICS_V1,INTENT_X_PRIOR5_RAW_RETURN,TEMPORAL_VALIDATION,FROZEN_ALL_INTENTS_NO_PNL_POOLING,prior5_raw_return,NORMAL_CLOSE_INTENT,0,BIN_0,,0.0,0,0,,,0,,,0,,,0,,0,,0,,0,,0,,DESCRIPTIVE_N_LT_20
LEFT_TAIL_DIAGNOSTICS_V1,INTENT_X_PRIOR5_RAW_RETURN,TEMPORAL_VALIDATION,FROZEN_ALL_INTENTS_NO_PNL_POOLING,prior5_raw_return,NORMAL_CLOSE_INTENT,1,BIN_1,0.0,0.1,2,2,-0.09703773039223346,-0.09703773039223346,2,-0.029914057248268566,-0.029914057248268566,2,-0.016902660746947573,-0.016902660746947573,2,-0.054716904933403164,2,0.5,2,0.0,2,0.5,2,0.0,DESCRIPTIVE_N_LT_20
LEFT_TAIL_DIAGNOSTICS_V1,INTENT_X_PRIOR5_RAW_RETURN,TEMPORAL_VALIDATION,FROZEN_ALL_INTENTS_NO_PNL_POOLING,prior5_raw_return,NORMAL_CLOSE_INTENT,2,BIN_2,0.1,0.2,14,14,-0.008362649652791368,-0.006402585747917022,14,-0.03208134685575235,-0.09092110686895716,14,-0.07880680326748493,-0.12135789696658977,14,-0.06743544665241484,14,0.5714285714285714,14,0.2857142857142857,14,0.5714285714285714,14,0.14285714285714285,DESCRIPTIVE_N_LT_20
LEFT_TAIL_DIAGNOSTICS_V1,INTENT_X_PRIOR5_RAW_RETURN,TEMPORAL_VALIDATION,FROZEN_ALL_INTENTS_NO_PNL_POOLING,prior5_raw_return,NORMAL_CLOSE_INTENT,3,BIN_3,0.2,,50,50,-0.012239754551918638,-0.02049002849002851,48,-0.029440502279099213,-0.013991145263719917,48,-0.02083905440431466,-0.04279768544793894,49,-0.04670516320629691,48,0.4166666666666667,48,0.2708333333333333,49,0.40816326530612246,48,0.08333333333333333,
LEFT_TAIL_DIAGNOSTICS_V1,INTENT_X_PRIOR5_RAW_RETURN,TEMPORAL_VALIDATION,FROZEN_ALL_INTENTS_NO_PNL_POOLING,prior5_raw_return,NORMAL_CLOSE_INTENT,,MISSING,,,2,2,0.028118888470649694,0.028118888470649694,2,-0.02054062300599635,-0.02054062300599635,2,-0.1423609961984219,-0.1423609961984219,2,0.048897021405334334,2,1.0,2,0.0,2,0.0,2,1.0,DESCRIPTIVE_N_LT_20
LEFT_TAIL_DIAGNOSTICS_V1,INTENT_X_PRIOR5_RAW_RETURN,TEMPORAL_VALIDATION,FROZEN_ALL_INTENTS_NO_PNL_POOLING,prior5_raw_return,LIMIT_UP_CLOSE_BOARD_INTENT,0,BIN_0,,0.0,0,0,,,0,,,0,,,0,,0,,0,,0,,0,,DESCRIPTIVE_N_LT_20
LEFT_TAIL_DIAGNOSTICS_V1,INTENT_X_PRIOR5_RAW_RETURN,TEMPORAL_VALIDATION,FROZEN_ALL_INTENTS_NO_PNL_POOLING,prior5_raw_return,LIMIT_UP_CLOSE_BOARD_INTENT,1,BIN_1,0.0,0.1,2,2,0.10014942068182586,0.10014942068182586,2,0.2057539483789108,0.2057539483789108,2,0.2568428829009316,0.2568428829009316,2,0.0575760318165882,2,0.0,2,0.0,2,0.0,2,0.0,DESCRIPTIVE_N_LT_20
LEFT_TAIL_DIAGNOSTICS_V1,INTENT_X_PRIOR5_RAW_RETURN,TEMPORAL_VALIDATION,FROZEN_ALL_INTENTS_NO_PNL_POOLING,prior5_raw_return,LIMIT_UP_CLOSE_BOARD_INTENT,2,BIN_2,0.1,0.2,7,7,0.026017608514079256,0.013417521704814472,7,0.008228240359200587,-0.004287245444801857,7,0.05858936824835743,-0.05288082083662193,7,0.044956053917804266,7,0.2857142857142857,7,0.14285714285714285,7,0.14285714285714285,7,0.42857142857142855,DESCRIPTIVE_N_LT_20
LEFT_TAIL_DIAGNOSTICS_V1,INTENT_X_PRIOR5_RAW_RETURN,TEMPORAL_VALIDATION,FROZEN_ALL_INTENTS_NO_PNL_POOLING,prior5_raw_return,LIMIT_UP_CLOSE_BOARD_INTENT,3,BIN_3,0.2,,38,38,-0.004897914780162178,-0.02234031921531926,38,-0.018892555921737067,-0.017372883865030442,38,-0.06505400260110342,-0.05991972477064228,38,0.005996556376308733,38,0.34210526315789475,38,0.13157894736842105,38,0.21052631578947367,38,0.34210526315789475,
LEFT_TAIL_DIAGNOSTICS_V1,INTENT_X_PRIOR5_RAW_RETURN,TEMPORAL_VALIDATION,FROZEN_ALL_INTENTS_NO_PNL_POOLING,prior5_raw_return,LIMIT_UP_CLOSE_BOARD_INTENT,,MISSING,,,1,1,-0.09911894273127753,-0.09911894273127753,1,-0.21585903083700442,-0.21585903083700442,1,-0.20925110132158597,-0.20925110132158597,1,-0.21020160792951542,1,1.0,1,1.0,1,1.0,1,0.0,DESCRIPTIVE_N_LT_20
