feature,source_max_date,n_available,n_missing,tested_bins,diagnostic_status
entry_close_vs_ma5,ENTRY_T_CLOSE,505,0,"[0.0,0.03,0.08]",TESTED_UNIVARIATE_EXPLORATORY
entry_low_vs_ma5,ENTRY_T_CLOSE,505,0,"[-0.03,0.0]",TESTED_UNIVARIATE_EXPLORATORY
intraday_recovery,ENTRY_T_CLOSE,505,0,"[0.02,0.05]",TESTED_UNIVARIATE_EXPLORATORY
prior5_raw_return,ENTRY_T_CLOSE,498,7,"[0.0,0.1,0.2]",TESTED_UNIVARIATE_EXPLORATORY
trigger_to_entry_raw_return,ENTRY_T_CLOSE,505,0,"[0.0,0.05]",TESTED_UNIVARIATE_EXPLORATORY
entry_rsi14,ENTRY_T_CLOSE,505,0,"[70.0,80.0]",TESTED_UNIVARIATE_EXPLORATORY
rsi_change,ENTRY_T_CLOSE,505,0,"[-5.0,0.0]",TESTED_UNIVARIATE_EXPLORATORY
amount_ratio_prev5,ENTRY_T_CLOSE,498,7,"[0.75,1.5]",TESTED_UNIVARIATE_EXPLORATORY
prev5_avg_range,ENTRY_T_CLOSE,498,7,"[0.05,0.1]",TESTED_UNIVARIATE_EXPLORATORY
