population_layer,exit_contract_id,n_total,n_closed,same_bar_ambiguous_n,stop_first_primary_net_mean,target_first_optimistic_net_mean,optimistic_mean_delta,target_first_role
EXECUTABLE_PNL_BASELINE_RESEARCH_ASSUMPTION,TIME_H1,242,242,0,-0.018053825211676103,-0.018053825211676103,0.0,SENSITIVITY_UPPER_BOUND_NOT_EXECUTABLE_BASELINE
EXECUTABLE_PNL_BASELINE_RESEARCH_ASSUMPTION,TIME_H3,242,240,0,-0.031690527470079305,-0.031690527470079305,0.0,SENSITIVITY_UPPER_BOUND_NOT_EXECUTABLE_BASELINE
EXECUTABLE_PNL_BASELINE_RESEARCH_ASSUMPTION,TIME_H5,242,240,0,-0.04411145899414283,-0.04411145899414283,0.0,SENSITIVITY_UPPER_BOUND_NOT_EXECUTABLE_BASELINE
EXECUTABLE_PNL_BASELINE_RESEARCH_ASSUMPTION,TP5_H5,242,241,0,-0.03439697615986685,-0.03439697615986685,0.0,SENSITIVITY_UPPER_BOUND_NOT_EXECUTABLE_BASELINE
EXECUTABLE_PNL_BASELINE_RESEARCH_ASSUMPTION,TP10_H5,242,241,0,-0.035063175642513114,-0.035063175642513114,0.0,SENSITIVITY_UPPER_BOUND_NOT_EXECUTABLE_BASELINE
EXECUTABLE_PNL_BASELINE_RESEARCH_ASSUMPTION,TP5_SL5_H5,242,242,23,-0.024474774436596673,-0.014900908321532277,0.009573866115064396,SENSITIVITY_UPPER_BOUND_NOT_EXECUTABLE_BASELINE
EXECUTABLE_PNL_BASELINE_RESEARCH_ASSUMPTION,TP10_SL10_H5,242,242,1,-0.02294848938797948,-0.02212018334973261,0.0008283060382468718,SENSITIVITY_UPPER_BOUND_NOT_EXECUTABLE_BASELINE
EXECUTABLE_PNL_BASELINE_RESEARCH_ASSUMPTION,TP10_SL5_H5,242,242,6,-0.02105905395646713,-0.01733676306280422,0.003722290893662907,SENSITIVITY_UPPER_BOUND_NOT_EXECUTABLE_BASELINE
CONDITIONAL_ON_FILL_ONLY,TIME_H1,263,263,0,0.002865294129667689,0.002865294129667689,0.0,SENSITIVITY_UPPER_BOUND_NOT_EXECUTABLE_BASELINE
CONDITIONAL_ON_FILL_ONLY,TIME_H3,263,263,0,-0.02539717763386758,-0.02539717763386758,0.0,SENSITIVITY_UPPER_BOUND_NOT_EXECUTABLE_BASELINE
CONDITIONAL_ON_FILL_ONLY,TIME_H5,263,263,0,-0.0380017612737567,-0.0380017612737567,0.0,SENSITIVITY_UPPER_BOUND_NOT_EXECUTABLE_BASELINE
CONDITIONAL_ON_FILL_ONLY,TP5_H5,263,263,0,0.005827827198237627,0.005827827198237627,0.0,SENSITIVITY_UPPER_BOUND_NOT_EXECUTABLE_BASELINE
CONDITIONAL_ON_FILL_ONLY,TP10_H5,263,263,0,-0.012174804635091163,-0.012174804635091163,0.0,SENSITIVITY_UPPER_BOUND_NOT_EXECUTABLE_BASELINE
CONDITIONAL_ON_FILL_ONLY,TP5_SL5_H5,263,263,40,-0.0011397917088792702,0.014234511441829665,0.015374303150708936,SENSITIVITY_UPPER_BOUND_NOT_EXECUTABLE_BASELINE
CONDITIONAL_ON_FILL_ONLY,TP10_SL10_H5,263,263,2,-0.008511164739452789,-0.006986394573405906,0.0015247701660468828,SENSITIVITY_UPPER_BOUND_NOT_EXECUTABLE_BASELINE
CONDITIONAL_ON_FILL_ONLY,TP10_SL5_H5,263,263,11,-0.0033912581961279033,0.0028988938153291766,0.00629015201145708,SENSITIVITY_UPPER_BOUND_NOT_EXECUTABLE_BASELINE
