trade_date,ts_code,open,high,low,close,amount,suspended
2025-05-27,000020.SZ,12.25,12.35,12.12,12.24,24192472.0,False
2025-05-28,000020.SZ,12.2,12.33,12.0,12.07,24803465.8,False
2025-05-29,000020.SZ,12.09,12.58,12.06,12.51,41789319.0,False
2025-05-30,000020.SZ,12.46,12.58,12.18,12.21,26087236.0,False
2025-06-03,000020.SZ,12.2,12.28,12.04,12.12,22703602.79,False
2025-06-04,000020.SZ,12.12,12.24,12.09,12.22,14830943.0,False
2025-06-05,000020.SZ,12.3,12.41,12.17,12.36,24963977.0,False
2025-06-06,000020.SZ,12.34,12.58,12.31,12.57,30388365.39,False
2025-06-09,000020.SZ,12.64,13.0,12.5,12.85,53594523.76,False
2025-06-10,000020.SZ,12.93,14.14,12.64,12.7,211698438.34,False
2025-06-11,000020.SZ,12.84,12.96,12.47,12.73,113920721.15,False
2025-06-12,000020.SZ,12.65,12.95,12.52,12.62,69028736.48,False
2025-06-13,000020.SZ,12.56,12.64,12.35,12.38,48780754.08,False
2025-06-16,000020.SZ,12.35,12.62,12.2,12.53,33600212.84,False
2025-06-17,000020.SZ,12.53,13.78,12.46,13.78,126290280.29,False
2025-06-18,000020.SZ,13.9,15.16,13.41,15.16,390246944.59,False
2025-06-19,000020.SZ,15.92,16.68,14.55,14.58,658987962.78,False
2025-06-20,000020.SZ,14.01,15.2,13.5,13.65,450591831.85,False
2025-06-23,000020.SZ,13.26,14.09,13.26,13.88,301542974.66,False
2025-06-24,000020.SZ,14.33,14.87,14.08,14.2,313248943.76,False
2025-06-25,000020.SZ,14.2,14.51,13.83,14.02,191234681.68,False
2025-06-26,000020.SZ,14.15,14.8,13.95,13.95,229261725.09,False
2025-06-27,000020.SZ,13.88,14.0,13.53,13.61,157642660.09,False
2025-06-30,000020.SZ,13.8,14.69,13.7,14.29,194789169.17,False
2025-07-01,000020.SZ,14.28,14.35,13.95,14.17,109830246.59,False
2025-07-02,000020.SZ,14.12,14.12,13.82,13.96,75454527.67,False
2025-07-03,000020.SZ,13.99,14.08,13.84,13.95,59181520.0,False
2025-07-04,000020.SZ,13.91,13.96,13.47,13.63,89742539.5,False
2025-07-07,000020.SZ,13.63,13.79,13.45,13.7,48051792.0,False
2025-07-08,000020.SZ,13.67,13.85,13.66,13.79,50358499.8,False
2025-07-09,000020.SZ,13.8,13.82,13.49,13.52,61399303.2,False
2025-07-10,000020.SZ,13.5,13.55,13.37,13.5,43482359.88,False
2025-07-11,000020.SZ,13.5,13.54,13.3,13.47,48208115.6,False
2025-07-14,000020.SZ,13.45,13.52,13.36,13.49,34084892.0,False
2025-07-15,000020.SZ,13.5,13.53,13.12,13.26,41545641.0,False
2025-07-16,000020.SZ,13.28,13.45,13.1,13.35,29418328.0,False
2025-07-17,000020.SZ,13.36,13.46,13.18,13.43,34008021.0,False
2025-07-18,000020.SZ,13.48,13.49,13.26,13.41,31970090.0,False
2025-07-21,000020.SZ,13.42,13.54,13.35,13.48,46008936.0,False
2025-07-22,000020.SZ,13.48,13.52,13.17,13.21,52360126.0,False
2025-07-23,000020.SZ,13.24,13.24,13.07,13.1,33415229.0,False
2025-07-24,000020.SZ,13.1,13.28,13.1,13.22,34643045.0,False
2025-07-25,000020.SZ,13.25,13.39,13.21,13.37,38047814.0,False
2025-07-28,000020.SZ,13.44,13.51,13.3,13.48,42235579.0,False
2025-07-29,000020.SZ,13.41,13.49,13.31,13.48,35814861.0,False
2025-07-30,000020.SZ,13.42,13.49,13.24,13.35,44624036.4,False
2025-07-31,000020.SZ,13.39,13.96,13.07,13.12,86158161.8,False
2025-08-01,000020.SZ,13.13,13.42,13.07,13.39,59319681.0,False
2025-08-04,000020.SZ,13.39,13.5,13.28,13.5,45611323.0,False
2025-08-05,000020.SZ,13.49,13.83,13.48,13.8,76737055.0,False
2025-08-06,000020.SZ,13.8,13.82,13.67,13.78,51595745.74,False
2025-08-07,000020.SZ,13.78,14.16,13.74,14.08,93947964.7,False
2025-08-08,000020.SZ,14.16,14.3,13.7,13.79,137739913.4,False
2025-08-11,000020.SZ,13.86,14.23,13.75,14.06,115233705.0,False
2025-08-12,000020.SZ,14.07,14.53,14.0,14.33,95445157.63,False
2025-08-13,000020.SZ,14.3,14.37,14.03,14.08,69960768.0,False
2025-08-14,000020.SZ,14.1,14.15,13.8,13.87,61347619.4,False
2025-08-15,000020.SZ,13.82,13.96,13.79,13.9,44559557.98,False
2025-08-18,000020.SZ,13.98,14.15,13.94,13.98,51669061.0,False
2025-08-19,000020.SZ,14.09,14.2,13.88,14.13,66870345.58,False
2025-08-20,000020.SZ,14.14,14.37,14.07,14.36,68645270.0,False
2025-08-21,000020.SZ,14.41,14.6,14.27,14.41,71572494.6,False
2025-08-22,000020.SZ,14.45,14.51,14.25,14.36,55289810.3,False
2025-08-25,000020.SZ,14.36,14.49,14.18,14.28,61284591.0,False
2025-08-26,000020.SZ,14.27,14.55,14.19,14.46,60158806.29,False
2025-08-27,000020.SZ,14.46,14.55,14.0,14.01,63140664.63,False
2025-08-28,000020.SZ,14.01,14.37,13.58,14.18,72408483.16,False
2025-08-29,000020.SZ,14.25,14.27,13.93,13.94,44805977.18,False
2025-09-01,000020.SZ,14.08,14.32,13.92,14.16,53681269.0,False
2025-09-02,000020.SZ,14.11,14.16,13.68,13.9,56733268.61,False
2025-09-03,000020.SZ,13.9,14.02,13.45,13.53,45657691.97,False
2025-09-04,000020.SZ,13.53,13.77,13.26,13.51,40821128.0,False
2025-09-05,000020.SZ,13.55,13.74,13.33,13.7,42596639.69,False
2025-09-08,000020.SZ,13.72,13.89,13.62,13.77,31705730.0,False
2025-09-09,000020.SZ,13.89,13.9,13.53,13.63,38695878.0,False
2025-09-10,000020.SZ,13.6,13.76,13.56,13.65,27911636.5,False
2025-09-11,000020.SZ,13.64,13.92,13.44,13.9,39814524.99,False
2025-09-12,000020.SZ,13.91,13.94,13.75,13.83,27317605.0,False
2025-09-15,000020.SZ,13.84,13.88,13.64,13.71,28805073.0,False
2025-09-16,000020.SZ,13.71,13.91,13.63,13.9,38563463.0,False
2025-09-17,000020.SZ,13.93,14.02,13.8,13.9,37074004.1,False
2025-09-18,000020.SZ,13.87,13.99,13.6,13.71,48911004.48,False
2025-09-19,000020.SZ,13.7,13.85,13.55,13.63,38791018.0,False
2025-09-22,000020.SZ,13.56,13.69,13.43,13.55,26596753.0,False
2025-09-23,000020.SZ,13.6,14.08,12.8,13.9,96263326.43,False
2025-09-24,000020.SZ,14.2,14.2,13.7,13.96,87369046.33,False
2025-09-25,000020.SZ,13.96,15.36,13.7,15.36,182058914.84,False
2025-09-26,000020.SZ,16.9,16.9,16.9,16.9,274252439.5,False
2025-09-29,000020.SZ,15.22,16.8,15.21,15.45,503765669.8,False
2025-09-30,000020.SZ,14.7,15.25,14.67,14.78,298691269.39,False
2025-10-09,000020.SZ,15.16,15.3,14.48,14.73,216817489.07,False
2025-10-10,000020.SZ,14.43,15.14,14.29,14.86,177389672.82,False
2025-10-13,000020.SZ,14.02,14.55,13.72,14.44,128803570.94,False
2025-10-14,000020.SZ,14.55,15.11,14.4,14.9,208764390.11,False
2025-10-15,000020.SZ,14.75,14.88,14.41,14.58,133008389.1,False
2025-10-16,000020.SZ,14.6,14.87,14.21,14.28,101562951.16,False
2025-10-17,000020.SZ,14.28,14.36,13.87,13.87,101042845.0,False
2025-10-20,000020.SZ,14.05,14.4,14.05,14.28,102881143.8,False
2025-10-21,000020.SZ,14.3,14.53,14.12,14.53,82403710.43,False
2025-10-22,000020.SZ,14.55,14.83,14.5,14.56,132997222.0,False
2025-10-23,000020.SZ,15.0,15.32,14.61,14.75,193962695.0,False
2025-10-24,000020.SZ,14.73,14.89,14.47,14.56,140922698.0,False
2025-10-27,000020.SZ,14.59,14.8,14.36,14.39,90651293.0,False
2025-10-28,000020.SZ,14.35,15.36,14.29,15.02,260753681.11,False
2025-10-29,000020.SZ,15.03,15.05,14.68,14.74,146673764.37,False
2025-10-30,000020.SZ,14.8,14.91,14.47,14.69,128981053.27,False
2025-10-31,000020.SZ,14.6,14.8,14.5,14.66,99125944.65,False
2025-11-03,000020.SZ,14.62,14.96,14.5,14.96,121064785.6,False
2025-11-04,000020.SZ,14.92,15.05,14.82,15.0,102695256.57,False
2025-11-05,000020.SZ,14.84,15.09,14.75,15.01,99689563.15,False
2025-11-06,000020.SZ,15.0,15.04,14.81,14.88,68217536.0,False
2025-11-07,000020.SZ,14.8,15.15,14.68,15.12,103863520.1,False
2025-11-10,000020.SZ,15.13,15.36,15.03,15.13,106911301.7,False
2025-11-11,000020.SZ,15.14,15.41,15.05,15.34,91882510.0,False
2025-11-12,000020.SZ,15.3,15.68,15.2,15.4,126404857.0,False
2025-11-13,000020.SZ,15.33,15.68,14.99,15.48,124344391.0,False
2025-11-14,000020.SZ,15.45,15.75,15.34,15.64,120921146.88,False
2025-11-17,000020.SZ,15.69,16.18,15.4,15.45,187158964.0,False
2025-11-18,000020.SZ,15.7,15.75,15.28,15.7,109242285.0,False
2025-11-19,000020.SZ,15.64,16.42,15.48,16.12,209677282.35,False
2025-11-20,000020.SZ,15.93,16.69,15.63,15.8,233877534.54,False
2025-11-21,000020.SZ,15.68,16.81,15.57,15.96,260226904.82,False
2025-11-24,000020.SZ,15.96,16.47,15.15,15.66,236784430.35,False
2025-11-25,000020.SZ,15.8,16.5,15.35,15.42,173869148.0,False
2025-11-26,000020.SZ,15.4,16.96,14.96,16.4,363902042.85,False
2025-11-27,000020.SZ,16.12,17.98,15.73,17.06,406656711.47,False
2025-11-28,000020.SZ,17.06,17.1,16.4,16.55,212551527.09,False
2025-12-01,000020.SZ,16.56,17.04,16.41,16.61,175049710.75,False
2025-12-02,000020.SZ,16.4,16.54,16.06,16.11,145157671.0,False
2025-12-03,000020.SZ,16.04,17.69,15.9,16.81,316095699.95,False
2025-12-04,000020.SZ,16.66,16.73,16.01,16.13,177723789.98,False
2025-12-05,000020.SZ,16.12,16.12,15.05,15.63,167344806.42,False
2025-12-08,000020.SZ,15.64,17.19,15.64,17.19,202655374.0,False
2025-12-09,000020.SZ,17.19,17.69,16.78,16.94,311556561.69,False
2025-12-10,000020.SZ,16.66,17.15,16.51,16.8,185719986.0,False
2025-12-11,000020.SZ,16.75,16.75,16.05,16.09,163593570.0,False
2025-12-12,000020.SZ,16.33,16.39,15.31,15.33,156870284.89,False
2025-12-15,000020.SZ,15.15,15.19,14.45,14.74,124103199.85,False
2025-12-16,000020.SZ,14.71,14.74,13.96,14.0,95559927.97,False
2025-12-17,000020.SZ,13.86,14.23,13.72,14.16,79966223.98,False
2025-12-18,000020.SZ,14.04,14.34,14.0,14.08,57436057.16,False
2025-12-19,000020.SZ,14.23,14.33,14.04,14.26,44772374.0,False
2025-12-22,000020.SZ,14.26,14.48,14.16,14.47,55119746.0,False
2025-12-23,000020.SZ,14.4,14.45,13.95,13.96,61393121.0,False
2025-12-24,000020.SZ,13.96,14.14,13.94,14.05,32522389.0,False
2025-12-25,000020.SZ,14.1,14.22,13.98,14.16,47225917.0,False
2025-12-26,000020.SZ,14.09,14.18,13.96,14.04,47792276.0,False
2025-12-29,000020.SZ,14.14,14.21,13.92,14.06,55973888.17,False
2025-12-30,000020.SZ,14.06,14.08,13.64,13.74,75442917.0,False
2025-12-31,000020.SZ,13.74,13.99,13.59,13.87,48080305.19,False
2026-01-05,000020.SZ,13.88,14.31,13.85,14.16,81146830.0,False
2026-01-06,000020.SZ,14.12,14.79,14.11,14.75,101873784.2,False
2026-01-07,000020.SZ,14.7,15.05,14.38,14.45,68001933.0,False
2026-01-08,000020.SZ,14.4,14.95,14.3,14.86,75807927.0,False
2026-01-09,000020.SZ,14.85,15.4,14.49,14.82,182193279.64,False
2026-01-12,000020.SZ,14.99,15.23,14.74,14.89,159153298.83,False
2026-01-13,000020.SZ,14.9,14.95,14.36,14.41,91319563.39,False
2026-01-14,000020.SZ,14.4,14.59,14.01,14.32,96779847.0,False
2026-01-15,000020.SZ,14.28,14.46,14.12,14.33,59327206.76,False
2026-01-16,000020.SZ,14.4,14.58,14.12,14.54,77464027.7,False
2026-01-19,000020.SZ,14.47,14.68,14.35,14.67,52873688.0,False
2026-01-20,000020.SZ,14.69,14.82,14.49,14.62,60248838.0,False
2026-01-21,000020.SZ,14.58,14.79,14.47,14.78,63041936.0,False
2026-01-22,000020.SZ,14.8,15.16,14.69,15.09,85102989.0,False
2026-01-23,000020.SZ,15.09,15.3,14.96,15.14,56294716.0,False
2026-01-26,000020.SZ,15.18,15.29,14.88,15.14,65307334.85,False
2026-01-27,000020.SZ,15.08,15.18,14.7,15.03,48828943.0,False
2026-01-28,000020.SZ,15.02,15.14,14.73,14.81,48708451.96,False
2026-01-29,000020.SZ,14.81,15.04,14.45,14.59,57972876.0,False
2026-01-30,000020.SZ,14.5,16.05,14.4,14.92,246939347.32,False
2026-02-02,000020.SZ,14.78,15.37,14.7,14.93,209798138.5,False
2026-02-03,000020.SZ,14.96,15.24,14.87,15.12,109973751.76,False
2026-02-04,000020.SZ,15.08,15.47,14.95,15.39,127006262.27,False
2026-02-05,000020.SZ,15.3,15.46,15.15,15.21,83472400.58,False
2026-02-06,000020.SZ,15.21,15.5,15.01,15.3,86671353.33,False
2026-02-09,000020.SZ,15.43,15.51,15.24,15.3,80839932.62,False
2026-02-10,000020.SZ,15.27,15.5,15.2,15.43,77956640.88,False
2026-02-11,000020.SZ,15.42,15.46,15.2,15.3,52328862.0,False
2026-02-12,000020.SZ,15.34,15.38,15.01,15.08,60093270.0,False
2026-02-13,000020.SZ,15.0,15.27,14.96,15.0,47978737.28,False
2026-02-24,000020.SZ,15.14,15.36,15.04,15.36,46364374.16,False
2026-02-25,000020.SZ,15.37,15.46,15.31,15.41,53767408.0,False
2026-02-26,000020.SZ,15.4,15.5,15.2,15.32,54261451.0,False
2026-02-27,000020.SZ,15.3,15.32,15.0,15.09,57454713.0,False
2026-03-02,000020.SZ,14.6,15.06,14.4,14.45,65727239.0,False
2026-03-03,000020.SZ,14.55,14.7,13.91,13.95,58970071.0,False
2026-03-04,000020.SZ,13.74,14.04,13.72,13.88,35495981.0,False
2026-03-05,000020.SZ,14.16,14.54,14.13,14.28,56952573.0,False
2026-03-06,000020.SZ,14.2,14.52,14.08,14.52,37727427.0,False
2026-03-09,000020.SZ,14.41,14.44,14.14,14.3,37983506.0,False
2026-03-10,000020.SZ,14.47,14.77,14.47,14.76,40594263.82,False
2026-03-11,000020.SZ,14.76,14.87,14.63,14.77,34795735.47,False
2026-03-12,000020.SZ,14.77,14.77,14.42,14.49,30499882.0,False
2026-03-13,000020.SZ,14.43,14.76,14.37,14.49,31514277.0,False
2026-03-16,000020.SZ,14.49,15.94,14.35,15.94,113245908.09,False
2026-03-17,000020.SZ,17.53,17.53,17.53,17.53,130046340.06,False
2026-03-18,000020.SZ,19.28,19.28,19.28,19.28,55759302.4,False
2026-03-19,000020.SZ,21.21,21.21,21.21,21.21,68976659.22,False
2026-03-20,000020.SZ,23.33,23.33,23.33,23.33,122810496.47,False
2026-03-23,000020.SZ,25.66,25.66,21.0,21.0,1003657223.18,False
2026-03-24,000020.SZ,20.36,20.58,18.9,18.95,786592738.45,False
2026-03-25,000020.SZ,17.78,18.26,17.44,17.68,601031707.59,False
2026-03-26,000020.SZ,17.07,17.68,17.07,17.32,387362201.45,False
2026-03-27,000020.SZ,16.98,17.0,16.72,16.79,304652176.34,False
2026-03-30,000020.SZ,16.28,16.52,16.03,16.2,246204064.01,False
2026-03-31,000020.SZ,16.15,16.33,15.83,15.93,202063037.68,False
2026-04-01,000020.SZ,16.1,16.2,15.86,16.18,179802590.97,False
2026-04-02,000020.SZ,15.94,15.99,15.4,15.47,184180138.2,False
2026-04-03,000020.SZ,15.49,15.52,14.74,14.82,158944792.6,False
2026-04-07,000020.SZ,14.82,15.26,14.82,15.23,137071352.3,False
2026-04-08,000020.SZ,15.48,15.64,15.34,15.61,145528063.38,False
2026-04-09,000020.SZ,15.5,15.79,15.37,15.58,138763109.0,False
2026-04-10,000020.SZ,15.73,15.97,15.63,15.8,147726705.71,False
2026-04-13,000020.SZ,15.79,15.92,15.49,15.84,110238791.0,False
2026-04-14,000020.SZ,15.88,16.08,15.76,16.03,124438914.06,False
2026-04-15,000020.SZ,15.98,16.03,15.66,15.73,93656555.0,False
2026-04-16,000020.SZ,15.8,15.91,15.6,15.9,105743543.0,False
2026-04-17,000020.SZ,15.75,15.85,15.69,15.78,74802410.0,False
2026-04-20,000020.SZ,15.81,16.08,15.69,16.06,92419340.0,False
2026-04-21,000020.SZ,15.96,15.99,15.62,15.97,95693492.0,False
2026-04-22,000020.SZ,15.89,15.96,15.7,15.88,75526864.0,False
2026-04-23,000020.SZ,15.88,15.88,15.39,15.49,90889895.0,False
2026-04-24,000020.SZ,15.4,15.47,15.15,15.33,73182980.3,False
2026-04-27,000020.SZ,15.34,15.87,15.03,15.84,127709269.78,False
2026-04-28,000020.SZ,15.81,15.81,15.52,15.73,80773494.0,False
2026-04-29,000020.SZ,15.55,16.07,15.55,15.93,94820610.0,False
2026-04-30,000020.SZ,15.9,16.22,15.85,15.96,71538917.89,False
2026-05-06,000020.SZ,16.01,16.15,15.78,15.95,116048014.26,False
2026-05-07,000020.SZ,16.0,16.15,15.92,16.02,92410575.17,False
2026-05-08,000020.SZ,14.94,16.0,14.42,14.42,114361992.0,False
2026-05-11,000020.SZ,14.05,14.93,14.05,14.49,270388574.99,False
2026-05-12,000020.SZ,14.49,14.49,14.03,14.1,125084863.0,False
2026-05-13,000020.SZ,14.15,14.29,13.75,13.77,112315548.0,False
2026-05-14,000020.SZ,13.94,14.7,13.8,13.96,166191181.26,False
2026-05-15,000020.SZ,13.92,14.03,13.53,13.58,98318982.78,False
2026-05-18,000020.SZ,13.72,13.72,13.22,13.49,59760005.0,False
2026-05-19,000020.SZ,13.45,13.63,13.29,13.47,61185465.0,False
2026-05-20,000020.SZ,13.52,13.6,13.15,13.25,48335340.0,False
2026-05-21,000020.SZ,13.44,14.42,12.79,12.8,124887330.0,False
2026-05-22,000020.SZ,13.0,13.37,12.67,13.21,100542105.0,False
2026-05-25,000020.SZ,13.29,13.3,12.86,12.98,58219863.0,False
2026-05-26,000020.SZ,12.87,13.03,12.71,12.97,59607384.08,False
2026-05-27,000020.SZ,12.97,13.0,12.41,12.48,62630609.0,False
2026-05-28,000020.SZ,12.48,12.75,12.29,12.68,59543395.0,False
2026-05-29,000020.SZ,12.7,12.76,12.38,12.46,54181230.31,False
2026-06-01,000020.SZ,12.46,12.97,12.3,12.75,57194930.0,False
2026-06-02,000020.SZ,12.82,12.87,12.42,12.59,46029521.0,False
2026-06-03,000020.SZ,12.52,12.7,12.32,12.43,40959313.0,False
2026-06-04,000020.SZ,12.31,12.58,12.2,12.35,38013953.0,False
2026-06-05,000020.SZ,12.38,12.61,12.0,12.46,49295703.0,False
2026-06-08,000020.SZ,12.3,12.36,11.68,11.87,44378866.0,False
2026-06-09,000020.SZ,12.16,12.16,11.75,11.99,41028158.0,False
2026-06-10,000020.SZ,11.92,11.96,11.6,11.77,34392269.0,False
2026-06-11,000020.SZ,11.66,11.76,11.44,11.69,33112004.0,False
2026-06-12,000020.SZ,11.75,11.94,11.61,11.69,35133975.0,False
2026-06-15,000020.SZ,11.73,12.12,11.7,11.95,42526445.0,False
2026-06-16,000020.SZ,11.95,12.24,11.56,12.2,49942684.0,False
2026-06-17,000020.SZ,12.11,12.18,11.76,11.87,44649635.02,False
2026-06-18,000020.SZ,11.86,11.86,11.47,11.54,39385963.19,False
2026-06-22,000020.SZ,11.45,11.65,11.1,11.64,45303887.51,False
2026-06-23,000020.SZ,11.79,12.0,11.46,11.75,55556996.0,False
2026-06-24,000020.SZ,11.76,11.77,10.92,11.26,54104300.0,False
2026-06-25,000020.SZ,11.3,11.77,10.92,11.07,46415910.0,False
2026-06-26,000020.SZ,10.88,11.11,10.69,10.85,46829460.0,False
2026-06-29,000020.SZ,10.79,10.88,10.43,10.76,46804254.0,False
2026-06-30,000020.SZ,10.76,11.08,10.67,10.9,44529588.0,False
2026-07-01,000020.SZ,10.89,11.5,10.8,11.17,69233928.0,False
2026-07-02,000020.SZ,11.22,11.57,11.03,11.08,64453837.0,False
2026-07-03,000020.SZ,11.11,11.28,11.0,11.16,46992368.0,False
2026-07-06,000020.SZ,11.15,11.35,10.93,10.94,36564898.0,False
2026-07-07,000020.SZ,10.94,10.94,10.45,10.63,29377150.0,False
2026-07-08,000020.SZ,10.41,10.62,10.28,10.38,33139725.0,False
2026-07-09,000020.SZ,10.38,10.62,10.06,10.59,37084554.0,False
2026-07-10,000020.SZ,10.55,10.9,10.36,10.6,46366492.0,False
2026-07-13,000020.SZ,10.63,10.63,10.07,10.1,38238667.6,False
2026-07-14,000020.SZ,10.1,10.41,10.0,10.4,41710985.0,False
2026-07-15,000020.SZ,10.41,10.61,10.23,10.43,27275627.0,False
2026-07-16,000020.SZ,10.43,10.72,10.24,10.47,35550428.87,False
2026-07-17,000020.SZ,10.46,10.65,9.92,9.99,39038405.0,False
2026-07-20,000020.SZ,10.06,10.48,9.55,9.76,53904961.0,False
2026-07-21,000020.SZ,9.76,9.9,9.15,9.77,51920361.4,False
2026-07-22,000020.SZ,9.77,9.88,9.45,9.6,28842732.0,False
2026-07-23,000020.SZ,9.55,10.06,9.55,9.96,30907653.0,False
2026-07-24,000020.SZ,9.9,9.96,9.7,9.74,22467116.0,False
2026-07-27,000020.SZ,9.63,10.13,9.63,10.1,28742907.0,False
2026-07-28,000020.SZ,10.12,10.39,10.05,10.18,33684780.0,False
2026-07-29,000020.SZ,10.18,10.43,10.07,10.36,27455516.0,False
