trade_date,ts_code,open,high,low,close,amount,suspended,price_adjustment
2024-12-02,000001.SZ,9.8,11.0,9.0,10.0,1000000.0,False,qfq
2024-12-03,000001.SZ,10.8,12.0,10.0,11.0,1000001.0,False,qfq
2024-12-04,000001.SZ,11.8,13.0,11.0,12.0,1000002.0,False,qfq
2024-12-05,000001.SZ,12.8,14.0,12.0,13.0,1000003.0,False,qfq
2024-12-06,000001.SZ,13.8,15.0,13.0,14.0,1000004.0,False,qfq
2024-12-09,000001.SZ,14.8,16.0,14.0,15.0,1000005.0,False,qfq
2024-12-10,000001.SZ,15.8,17.0,15.0,16.0,1000006.0,False,qfq
2024-12-11,000001.SZ,16.8,18.0,16.0,17.0,1000007.0,False,qfq
2024-12-12,000001.SZ,17.8,19.0,17.0,18.0,1000008.0,False,qfq
2024-12-13,000001.SZ,18.8,20.0,18.0,19.0,1000009.0,False,qfq
2024-12-16,000001.SZ,19.8,21.0,19.0,20.0,1000010.0,False,qfq
2024-12-17,000001.SZ,20.8,22.0,20.0,21.0,1000011.0,False,qfq
2024-12-18,000001.SZ,21.8,23.0,21.0,22.0,1000012.0,False,qfq
2024-12-19,000001.SZ,22.8,24.0,22.0,23.0,1000013.0,False,qfq
2024-12-20,000001.SZ,23.8,25.0,23.0,24.0,1000014.0,False,qfq
2024-12-23,000001.SZ,24.8,26.0,24.0,25.0,1000015.0,False,qfq
2024-12-24,000001.SZ,25.8,27.0,25.0,26.0,1000016.0,False,qfq
2024-12-25,000001.SZ,26.8,28.0,26.0,27.0,1000017.0,False,qfq
2024-12-26,000001.SZ,27.8,29.0,27.0,28.0,1000018.0,False,qfq
2024-12-27,000001.SZ,28.8,30.0,28.0,29.0,1000019.0,False,qfq
2024-12-30,000001.SZ,29.8,31.0,29.0,30.0,1000020.0,False,qfq
2024-12-31,000001.SZ,30.8,32.0,30.0,31.0,1000021.0,False,qfq
2025-01-01,000001.SZ,31.8,33.0,31.0,32.0,1000022.0,False,qfq
2025-01-02,000001.SZ,32.8,34.0,32.0,33.0,1000023.0,False,qfq
2025-01-03,000001.SZ,33.8,35.0,33.0,34.0,1000024.0,False,qfq
2025-01-06,000001.SZ,34.8,36.0,34.0,35.0,1000025.0,False,qfq
2025-01-07,000001.SZ,35.8,37.0,35.0,36.0,1000026.0,False,qfq
2025-01-08,000001.SZ,36.8,38.0,36.0,37.0,1000027.0,False,qfq
2025-01-09,000001.SZ,37.8,39.0,37.0,38.0,1000028.0,False,qfq
2025-01-10,000001.SZ,38.8,40.0,38.0,39.0,1000029.0,False,qfq
2025-01-13,000001.SZ,39.8,41.0,39.0,40.0,1000030.0,False,qfq
2025-01-14,000001.SZ,40.8,42.0,40.0,41.0,1000031.0,False,qfq
2025-01-15,000001.SZ,41.8,43.0,41.0,42.0,1000032.0,False,qfq
2025-01-16,000001.SZ,42.8,44.0,42.0,43.0,1000033.0,False,qfq
2025-01-17,000001.SZ,43.8,45.0,43.0,44.0,1000034.0,False,qfq
2025-01-20,000001.SZ,44.8,46.0,44.0,45.0,1000035.0,False,qfq
2025-01-21,000001.SZ,45.8,47.0,45.0,46.0,1000036.0,False,qfq
2025-01-22,000001.SZ,46.8,48.0,46.0,47.0,1000037.0,False,qfq
2025-01-23,000001.SZ,47.8,49.0,47.0,48.0,1000038.0,False,qfq
2025-01-24,000001.SZ,48.8,50.0,48.0,49.0,1000039.0,False,qfq
2025-01-27,000001.SZ,49.8,51.0,49.0,50.0,1000040.0,False,qfq
2025-01-28,000001.SZ,50.8,52.0,50.0,51.0,1000041.0,False,qfq
2025-01-29,000001.SZ,51.8,53.0,51.0,52.0,1000042.0,False,qfq
2025-01-30,000001.SZ,52.8,54.0,52.0,53.0,1000043.0,False,qfq
2025-01-31,000001.SZ,53.8,55.0,53.0,54.0,1000044.0,False,qfq
2025-02-03,000001.SZ,54.8,56.0,54.0,55.0,1000045.0,False,qfq
2025-02-04,000001.SZ,55.8,57.0,55.0,56.0,1000046.0,False,qfq
2025-02-05,000001.SZ,56.8,58.0,56.0,57.0,1000047.0,False,qfq
2025-02-06,000001.SZ,57.8,59.0,57.0,58.0,1000048.0,False,qfq
2025-02-07,000001.SZ,58.8,60.0,58.0,59.0,1000049.0,False,qfq
2025-02-10,000001.SZ,59.8,61.0,59.0,60.0,1000050.0,False,qfq
2025-02-11,000001.SZ,60.8,62.0,60.0,61.0,1000051.0,False,qfq
2025-02-12,000001.SZ,61.8,63.0,61.0,62.0,1000052.0,False,qfq
2025-02-13,000001.SZ,62.8,64.0,62.0,63.0,1000053.0,False,qfq
2025-02-14,000001.SZ,63.8,65.0,63.0,64.0,1000054.0,False,qfq
2025-02-17,000001.SZ,64.8,66.0,64.0,65.0,1000055.0,False,qfq
2025-02-18,000001.SZ,65.8,67.0,65.0,66.0,1000056.0,False,qfq
2025-02-19,000001.SZ,66.8,68.0,66.0,67.0,1000057.0,False,qfq
2025-02-20,000001.SZ,67.8,69.0,67.0,68.0,1000058.0,False,qfq
2025-02-21,000001.SZ,68.8,70.0,68.0,69.0,1000059.0,False,qfq
2025-02-24,000001.SZ,69.8,71.0,69.0,70.0,1000060.0,False,qfq
2025-02-25,000001.SZ,70.8,72.0,70.0,71.0,1000061.0,False,qfq
2025-02-26,000001.SZ,71.8,73.0,71.0,72.0,1000062.0,False,qfq
2025-02-27,000001.SZ,72.8,74.0,72.0,73.0,1000063.0,False,qfq
2025-02-28,000001.SZ,73.8,75.0,73.0,74.0,1000064.0,False,qfq
2025-03-03,000001.SZ,74.8,76.0,74.0,75.0,1000065.0,False,qfq
2025-03-04,000001.SZ,75.8,77.0,75.0,76.0,1000066.0,False,qfq
2025-03-05,000001.SZ,76.8,78.0,76.0,77.0,1000067.0,False,qfq
2025-03-06,000001.SZ,77.8,79.0,77.0,78.0,1000068.0,False,qfq
2025-03-07,000001.SZ,78.8,80.0,78.0,79.0,1000069.0,False,qfq
2025-03-10,000001.SZ,79.8,81.0,79.0,80.0,1000070.0,False,qfq
2025-03-11,000001.SZ,80.8,82.0,80.0,81.0,1000071.0,False,qfq
2025-03-12,000001.SZ,81.8,83.0,81.0,82.0,1000072.0,False,qfq
2025-03-13,000001.SZ,82.8,84.0,82.0,83.0,1000073.0,False,qfq
2025-03-14,000001.SZ,83.8,85.0,83.0,84.0,1000074.0,False,qfq
2025-03-17,000001.SZ,84.8,86.0,84.0,85.0,1000075.0,False,qfq
2025-03-18,000001.SZ,85.8,87.0,85.0,86.0,1000076.0,False,qfq
2025-03-19,000001.SZ,86.8,88.0,86.0,87.0,1000077.0,False,qfq
2025-03-20,000001.SZ,87.8,89.0,87.0,88.0,1000078.0,False,qfq
2025-03-21,000001.SZ,88.8,90.0,88.0,89.0,1000079.0,False,qfq
2025-03-24,000001.SZ,89.8,91.0,89.0,90.0,1000080.0,False,qfq
2025-03-25,000001.SZ,90.8,92.0,90.0,91.0,1000081.0,False,qfq
2025-03-26,000001.SZ,91.8,93.0,91.0,92.0,1000082.0,False,qfq
2025-03-27,000001.SZ,92.8,94.0,92.0,93.0,1000083.0,False,qfq
2025-03-28,000001.SZ,93.8,95.0,93.0,94.0,1000084.0,False,qfq
2025-03-31,000001.SZ,94.8,96.0,94.0,95.0,1000085.0,False,qfq
2025-04-01,000001.SZ,95.8,97.0,95.0,96.0,1000086.0,False,qfq
2025-04-02,000001.SZ,96.8,98.0,96.0,97.0,1000087.0,False,qfq
2025-04-03,000001.SZ,97.8,99.0,97.0,98.0,1000088.0,False,qfq
2025-04-04,000001.SZ,98.8,100.0,98.0,99.0,1000089.0,False,qfq
2025-04-07,000001.SZ,99.8,101.0,99.0,100.0,1000090.0,False,qfq
2025-04-08,000001.SZ,100.8,102.0,100.0,101.0,1000091.0,False,qfq
2025-04-09,000001.SZ,101.8,103.0,101.0,102.0,1000092.0,False,qfq
2025-04-10,000001.SZ,102.8,104.0,102.0,103.0,1000093.0,False,qfq
2025-04-11,000001.SZ,103.8,105.0,103.0,104.0,1000094.0,False,qfq
2025-04-14,000001.SZ,104.8,106.0,104.0,105.0,1000095.0,False,qfq
2025-04-15,000001.SZ,105.8,107.0,105.0,106.0,1000096.0,False,qfq
2025-04-16,000001.SZ,106.8,108.0,106.0,107.0,1000097.0,False,qfq
2025-04-17,000001.SZ,107.8,109.0,107.0,108.0,1000098.0,False,qfq
2025-04-18,000001.SZ,108.8,110.0,108.0,109.0,1000099.0,False,qfq
2025-04-21,000001.SZ,109.8,111.0,109.0,110.0,1000100.0,False,qfq
2025-04-22,000001.SZ,110.8,112.0,110.0,111.0,1000101.0,False,qfq
2025-04-23,000001.SZ,111.8,113.0,111.0,112.0,1000102.0,False,qfq
2025-04-24,000001.SZ,112.8,114.0,112.0,113.0,1000103.0,False,qfq
2025-04-25,000001.SZ,113.8,115.0,113.0,114.0,1000104.0,False,qfq
2025-04-28,000001.SZ,114.8,116.0,114.0,115.0,1000105.0,False,qfq
2025-04-29,000001.SZ,115.8,117.0,115.0,116.0,1000106.0,False,qfq
2025-04-30,000001.SZ,116.8,118.0,116.0,117.0,1000107.0,False,qfq
2025-05-01,000001.SZ,117.8,119.0,117.0,118.0,1000108.0,False,qfq
2025-05-02,000001.SZ,118.8,120.0,118.0,119.0,1000109.0,False,qfq
2025-05-05,000001.SZ,119.8,121.0,119.0,120.0,1000110.0,False,qfq
2025-05-06,000001.SZ,120.8,122.0,120.0,121.0,1000111.0,False,qfq
2025-05-07,000001.SZ,121.8,123.0,121.0,122.0,1000112.0,False,qfq
2025-05-08,000001.SZ,122.8,124.0,122.0,123.0,1000113.0,False,qfq
2025-05-09,000001.SZ,123.8,125.0,123.0,124.0,1000114.0,False,qfq
2025-05-12,000001.SZ,124.8,126.0,124.0,125.0,1000115.0,False,qfq
2025-05-13,000001.SZ,125.8,127.0,125.0,126.0,1000116.0,False,qfq
2025-05-14,000001.SZ,126.8,128.0,126.0,127.0,1000117.0,False,qfq
2025-05-15,000001.SZ,127.8,129.0,127.0,128.0,1000118.0,False,qfq
2025-05-16,000001.SZ,128.8,130.0,128.0,129.0,1000119.0,False,qfq
2025-05-19,000001.SZ,129.8,131.0,129.0,130.0,1000120.0,False,qfq
2025-05-20,000001.SZ,130.8,132.0,130.0,131.0,1000121.0,False,qfq
2025-05-21,000001.SZ,131.8,133.0,131.0,132.0,1000122.0,False,qfq
2025-05-22,000001.SZ,132.8,134.0,132.0,133.0,1000123.0,False,qfq
2025-05-23,000001.SZ,133.8,135.0,133.0,134.0,1000124.0,False,qfq
2025-05-26,000001.SZ,134.8,136.0,134.0,135.0,1000125.0,False,qfq
2025-05-27,000001.SZ,135.8,137.0,135.0,136.0,1000126.0,False,qfq
2025-05-28,000001.SZ,136.8,138.0,136.0,137.0,1000127.0,False,qfq
2025-05-29,000001.SZ,137.8,139.0,137.0,138.0,1000128.0,False,qfq
2025-05-30,000001.SZ,138.8,140.0,138.0,139.0,1000129.0,False,qfq
2025-06-02,000001.SZ,139.8,141.0,139.0,140.0,1000130.0,False,qfq
2025-06-03,000001.SZ,140.8,142.0,140.0,141.0,1000131.0,False,qfq
2025-06-04,000001.SZ,141.8,143.0,141.0,142.0,1000132.0,False,qfq
2025-06-05,000001.SZ,142.8,144.0,142.0,143.0,1000133.0,False,qfq
2025-06-06,000001.SZ,143.8,145.0,143.0,144.0,1000134.0,False,qfq
2025-06-09,000001.SZ,144.8,146.0,144.0,145.0,1000135.0,False,qfq
2025-06-10,000001.SZ,145.8,147.0,145.0,146.0,1000136.0,False,qfq
2025-06-11,000001.SZ,146.8,148.0,146.0,147.0,1000137.0,False,qfq
2025-06-12,000001.SZ,147.8,149.0,147.0,148.0,1000138.0,False,qfq
2025-06-13,000001.SZ,148.8,150.0,148.0,149.0,1000139.0,False,qfq
2025-06-16,000001.SZ,149.8,151.0,149.0,150.0,1000140.0,False,qfq
2025-06-17,000001.SZ,150.8,152.0,150.0,151.0,1000141.0,False,qfq
2025-06-18,000001.SZ,151.8,153.0,151.0,152.0,1000142.0,False,qfq
2025-06-19,000001.SZ,152.8,154.0,152.0,153.0,1000143.0,False,qfq
2025-06-20,000001.SZ,153.8,155.0,153.0,154.0,1000144.0,False,qfq
2025-06-23,000001.SZ,154.8,156.0,154.0,155.0,1000145.0,False,qfq
2025-06-24,000001.SZ,155.8,157.0,155.0,156.0,1000146.0,False,qfq
2025-06-25,000001.SZ,156.8,158.0,156.0,157.0,1000147.0,False,qfq
2025-06-26,000001.SZ,157.8,159.0,157.0,158.0,1000148.0,False,qfq
2025-06-27,000001.SZ,158.8,160.0,158.0,159.0,1000149.0,False,qfq
2025-06-30,000001.SZ,159.8,161.0,159.0,160.0,1000150.0,False,qfq
2025-07-01,000001.SZ,160.8,162.0,158.0,161.0,1000151.0,False,qfq
2025-07-02,000001.SZ,152.8,154.0,152.0,153.0,1000152.0,False,qfq
2025-07-03,000001.SZ,162.8,164.0,162.0,163.0,1000153.0,False,qfq
2025-07-04,000001.SZ,163.8,165.0,163.0,164.0,1000154.0,False,qfq
2025-07-07,000001.SZ,164.8,166.0,164.0,165.0,1000155.0,False,qfq
2025-07-08,000001.SZ,165.8,167.0,165.0,166.0,1000156.0,False,qfq
