dimension,value,horizon,n_total,n_available,n_right_censored,n_no_valid_quote,n_other_missing,n_adjustment_unresolved,n_terminal,n,mean,median,std_population,p10,p25,p50,p75,p90,positive_fraction,zero_fraction,negative_fraction,small_sample_flag
ENTRY_TYPE,ENTRY_A_PULLBACK_TO_MA5_V1,1,426,425,0,1,0,0,0,425,-0.004617080739878938,-0.011080332409972193,0.07792472184456593,-0.09997298922499523,-0.08783068783068781,-0.011080332409972193,0.08236208236208231,0.10009921061731517,0.4588235294117647,0.004705882352941176,0.5364705882352941,
ENTRY_TYPE,ENTRY_A_PULLBACK_TO_MA5_V1,3,426,423,2,1,0,0,0,423,-0.025771318936484083,-0.04670329670329665,0.15187178915696367,-0.21064112899309434,-0.14366993092351654,-0.04670329670329665,0.05452055414704815,0.1911415174765559,0.3829787234042553,0.002364066193853428,0.6146572104018913,
ENTRY_TYPE,ENTRY_A_PULLBACK_TO_MA5_V1,5,426,424,2,0,0,0,0,424,-0.0382773649484574,-0.07008628417749885,0.18683874601885947,-0.2411586378737542,-0.1723271552477732,-0.07008628417749885,0.058241349498361406,0.21662943475970833,0.3490566037735849,0.0047169811320754715,0.6462264150943396,
ENTRY_TYPE,ENTRY_A_PULLBACK_TO_MA5_V1,10,426,422,2,0,2,1,0,422,-0.054993739349750756,-0.12478521180962715,0.2532613032418262,-0.27404309252217995,-0.21411250832451903,-0.12478521180962715,0.02777441263885916,0.1931042586962757,0.3127962085308057,0.0,0.6872037914691943,
ENTRY_TYPE,ENTRY_A_PULLBACK_TO_MA5_V1,20,426,408,14,1,3,3,0,408,-0.069267148161907,-0.1470139445201607,0.2680160034466563,-0.3101028542062452,-0.24384340215358352,-0.1470139445201607,0.018149664029391388,0.2508065359436275,0.27450980392156865,0.0,0.7254901960784313,
ENTRY_TYPE,ENTRY_B_RSI_RECROSS_70_V1,1,79,79,0,0,0,0,0,79,-0.00899615271535864,-0.01014292300599362,0.06375318297535605,-0.09982384045747647,-0.05878785843297063,-0.01014292300599362,0.03338055791972172,0.09962372635986538,0.4430379746835443,0.012658227848101266,0.5443037974683544,
ENTRY_TYPE,ENTRY_B_RSI_RECROSS_70_V1,3,79,79,0,0,0,0,0,79,-0.028866694995723367,-0.04404145077720201,0.11978676282945415,-0.1546168963374882,-0.11463575927957292,-0.04404145077720201,0.027619127935932686,0.13006092523515497,0.34177215189873417,0.0,0.6582278481012658,
ENTRY_TYPE,ENTRY_B_RSI_RECROSS_70_V1,5,79,79,0,0,0,0,0,79,-0.04166577998946579,-0.05835240274599551,0.1530269932187057,-0.21946429668461906,-0.15199540778464538,-0.05835240274599551,0.02133738732910684,0.09809145607701591,0.31645569620253167,0.0,0.6835443037974683,
ENTRY_TYPE,ENTRY_B_RSI_RECROSS_70_V1,10,79,78,0,0,1,0,0,78,-0.07829442544273399,-0.08219768285627432,0.1610344137538038,-0.2527186551923599,-0.20558416547183744,-0.08219768285627432,0.011709687237443311,0.09128813559322031,0.3076923076923077,0.0,0.6923076923076923,
ENTRY_TYPE,ENTRY_B_RSI_RECROSS_70_V1,20,79,78,1,0,0,0,0,78,-0.059550631350290005,-0.11756819849262995,0.23385257878441193,-0.3062503198252279,-0.23211048672165327,-0.11756819849262995,0.09288737578211281,0.26697976374148585,0.3076923076923077,0.01282051282051282,0.6794871794871795,
OBSERVATION_STRENGTH,4/5,1,496,495,0,1,0,0,0,495,-0.006150716545139757,-0.011925042589437829,0.07567750715840517,-0.09994671034227964,-0.08389107396319134,-0.011925042589437829,0.0671141271064224,0.10008177299573115,0.45252525252525255,0.006060606060606061,0.5414141414141415,
OBSERVATION_STRENGTH,4/5,3,496,493,2,1,0,0,0,493,-0.02731978453027398,-0.04610169491525418,0.14639847598991182,-0.2009000331115859,-0.13505154639175243,-0.04610169491525418,0.05206971677559924,0.17282928990805374,0.3752535496957404,0.002028397565922921,0.6227180527383367,
OBSERVATION_STRENGTH,4/5,5,496,494,2,0,0,0,0,494,-0.03897253716908083,-0.06458129429731857,0.181074149903917,-0.23801881649375536,-0.167605393411845,-0.06458129429731857,0.04792675402626878,0.1963740363795378,0.34615384615384615,0.004048582995951417,0.6497975708502024,
OBSERVATION_STRENGTH,4/5,10,496,491,2,0,3,1,0,491,-0.05817159527216997,-0.1155303030303031,0.24133084113346406,-0.27204853009799346,-0.21222239478179838,-0.1155303030303031,0.027132863971793042,0.18809318377912,0.3136456211812627,0.0,0.6863543788187373,
OBSERVATION_STRENGTH,4/5,20,496,477,15,1,3,3,0,477,-0.06562116744894787,-0.14033205346357946,0.2635217017945955,-0.3062429204661243,-0.2411540555253131,-0.14033205346357946,0.021400778210116878,0.2637524338319377,0.2830188679245283,0.0020964360587002098,0.7148846960167715,
OBSERVATION_STRENGTH,5/5,1,9,9,0,0,0,0,0,9,0.04129436787581095,0.09941520467836251,0.0732402912127351,-0.05099560890899115,-0.027506654835847244,0.09941520467836251,0.10003637686431421,0.1000820864145456,0.6666666666666666,0.0,0.3333333333333333,SMALL_SAMPLE_DESCRIPTIVE_ONLY
OBSERVATION_STRENGTH,5/5,3,9,9,0,0,0,0,0,9,0.0318796620700178,-0.07377049180327866,0.1805871620930362,-0.11974832620795348,-0.10893685696994149,-0.07377049180327866,0.16405965805747558,0.3204323941166046,0.4444444444444444,0.0,0.5555555555555556,SMALL_SAMPLE_DESCRIPTIVE_ONLY
OBSERVATION_STRENGTH,5/5,5,9,9,0,0,0,0,0,9,-0.02986288842086742,-0.0804993542832545,0.22462162609746592,-0.23714233550299121,-0.13043478260869557,-0.0804993542832545,-0.023281193161149405,0.17753854332801708,0.2222222222222222,0.0,0.7777777777777778,SMALL_SAMPLE_DESCRIPTIVE_ONLY
OBSERVATION_STRENGTH,5/5,10,9,9,0,0,0,0,0,9,-0.08356332349918012,-0.1730205278592376,0.24134967881594324,-0.2768927611550561,-0.21832358674463936,-0.1730205278592376,-0.08330301927973804,0.13473586489083705,0.2222222222222222,0.0,0.7777777777777778,SMALL_SAMPLE_DESCRIPTIVE_ONLY
OBSERVATION_STRENGTH,5/5,20,9,9,0,0,0,0,0,9,-0.17829431358139342,-0.26353149955634414,0.19513019356274244,-0.33527944429583767,-0.31026392961876836,-0.26353149955634414,-0.050682261208576995,0.03083535238064191,0.1111111111111111,0.0,0.8888888888888888,SMALL_SAMPLE_DESCRIPTIVE_ONLY
EXECUTION_INTENT,LIMIT_UP_CLOSE_BOARD_INTENT,1,263,263,0,0,0,0,0,263,0.00440502102778788,0.0006898930665748537,0.07668603327297138,-0.09983233617479388,-0.06641331237760412,0.0006898930665748537,0.09961927401158621,0.10020208600567204,0.5019011406844106,0.0038022813688212928,0.49429657794676807,
EXECUTION_INTENT,LIMIT_UP_CLOSE_BOARD_INTENT,3,263,263,0,0,0,0,0,263,-0.022402589137798072,-0.04797979797979801,0.15812875518091624,-0.21783913230129465,-0.13309962155145627,-0.04797979797979801,0.05452055414704815,0.22856277160915195,0.38783269961977185,0.0038022813688212928,0.6083650190114068,
EXECUTION_INTENT,LIMIT_UP_CLOSE_BOARD_INTENT,5,263,263,0,0,0,0,0,263,-0.034961539482874775,-0.06639004149377603,0.199019571420632,-0.24747786287185938,-0.17851348126938676,-0.06639004149377603,0.05978288220281103,0.22947312580101512,0.34980988593155893,0.0,0.6501901140684411,
EXECUTION_INTENT,LIMIT_UP_CLOSE_BOARD_INTENT,10,263,263,0,0,0,0,0,263,-0.0621486712209783,-0.1447841726618705,0.26363305987205476,-0.27961303172570773,-0.2211081402257873,-0.1447841726618705,0.022189416826879027,0.1870845710671074,0.2889733840304182,0.0,0.7110266159695817,
EXECUTION_INTENT,LIMIT_UP_CLOSE_BOARD_INTENT,20,263,256,5,1,1,1,0,256,-0.07483224268629592,-0.15812002165339112,0.27474884264263366,-0.31903346228531004,-0.2562147438795843,-0.15812002165339112,0.012296037296037177,0.2542819469017368,0.26953125,0.0,0.73046875,
EXECUTION_INTENT,NORMAL_CLOSE_INTENT,1,242,241,0,1,0,0,0,241,-0.015898240287427774,-0.026898734177215222,0.07357510145918386,-0.09999999999999998,-0.09704641350210974,-0.026898734177215222,0.04919730709476955,0.09990834097158574,0.4066390041493776,0.008298755186721992,0.5850622406639004,
EXECUTION_INTENT,NORMAL_CLOSE_INTENT,3,242,239,2,1,0,0,0,239,-0.030501489002318073,-0.045454545454545525,0.13423049775527574,-0.1811554178157238,-0.1347063899359643,-0.045454545454545525,0.04310596161698654,0.1633185387504269,0.36401673640167365,0.0,0.6359832635983264,
EXECUTION_INTENT,NORMAL_CLOSE_INTENT,5,242,240,2,0,0,0,0,240,-0.043026310305490284,-0.06265792156176309,0.16107387942174728,-0.22435849087929272,-0.15690208825847127,-0.06265792156176309,0.0405944387680629,0.18637846172092748,0.3375,0.008333333333333333,0.6541666666666667,
EXECUTION_INTENT,NORMAL_CLOSE_INTENT,10,242,237,2,0,3,1,0,237,-0.05472245847683873,-0.08678237650200271,0.2138660007567741,-0.2571698325985643,-0.20547031354236156,-0.08678237650200271,0.028846411474692246,0.19085365549928215,0.33755274261603374,0.0,0.6624472573839663,
EXECUTION_INTENT,NORMAL_CLOSE_INTENT,20,242,230,10,0,2,2,0,230,-0.05977778942473443,-0.12066513605452789,0.24871278637654742,-0.28312423930343605,-0.2302814739823695,-0.12066513605452789,0.05211373663474683,0.276578292482865,0.29130434782608694,0.004347826086956522,0.7043478260869566,
TRIGGER_QUALIFICATION,QUALIFIED_BY_V3_PRICE_PATH,1,498,497,0,1,0,0,0,497,-0.005435623718953114,-0.011080332409972193,0.07604767330467728,-0.09994636745976349,-0.08368644067796605,-0.011080332409972193,0.06828193832599116,0.10008172621484115,0.45472837022132795,0.006036217303822937,0.5392354124748491,
TRIGGER_QUALIFICATION,QUALIFIED_BY_V3_PRICE_PATH,3,498,495,2,1,0,0,0,495,-0.02589828542004644,-0.04670329670329665,0.14813475120763786,-0.2003612173023087,-0.1353449221320464,-0.04670329670329665,0.05380562879342565,0.17599975862173015,0.37777777777777777,0.00202020202020202,0.6202020202020202,
TRIGGER_QUALIFICATION,QUALIFIED_BY_V3_PRICE_PATH,5,498,496,2,0,0,0,0,496,-0.038351445121701494,-0.06458129429731857,0.1824827717524043,-0.238833683390135,-0.16805164153827365,-0.06458129429731857,0.04805927310349428,0.19615539239542124,0.3467741935483871,0.0020161290322580645,0.6512096774193549,
TRIGGER_QUALIFICATION,QUALIFIED_BY_V3_PRICE_PATH,10,498,493,2,0,3,1,0,493,-0.05819319180877915,-0.1160458452722064,0.24226481435702554,-0.27254303935293206,-0.21167883211678828,-0.1160458452722064,0.027663551401869046,0.18789989539754948,0.31237322515212984,0.0,0.6876267748478702,
TRIGGER_QUALIFICATION,QUALIFIED_BY_V3_PRICE_PATH,20,498,479,15,1,3,3,0,479,-0.06732879984383093,-0.1427536231884058,0.26317674768090915,-0.3072965721169642,-0.24181019407123056,-0.1427536231884058,0.02100532012474776,0.26336145406447403,0.2797494780793319,0.0020876826722338203,0.7181628392484343,
TRIGGER_QUALIFICATION,QUALIFIED_BY_OPERATIONAL_STATUS,1,7,7,0,0,0,0,0,7,0.004078515622545227,0.001366353543979626,0.06345137533256023,-0.06291080784807228,-0.03824939188053228,0.001366353543979626,0.051623437330428845,0.07302980591004965,0.5714285714285714,0.0,0.42857142857142855,SMALL_SAMPLE_DESCRIPTIVE_ONLY
TRIGGER_QUALIFICATION,QUALIFIED_BY_OPERATIONAL_STATUS,3,7,7,0,0,0,0,0,7,-0.05172650455313215,-0.03612821441506697,0.05839910769798111,-0.11853873228309404,-0.11061547265800076,-0.03612821441506697,0.0025796639768180807,0.013287632336835345,0.2857142857142857,0.0,0.7142857142857143,SMALL_SAMPLE_DESCRIPTIVE_ONLY
TRIGGER_QUALIFICATION,QUALIFIED_BY_OPERATIONAL_STATUS,5,7,7,0,0,0,0,0,7,-0.07126893956425602,-0.13527707352408547,0.135099781885781,-0.1799568424074938,-0.15672749299342614,-0.13527707352408547,-0.03437271110181017,0.08898876404494391,0.14285714285714285,0.14285714285714285,0.7142857142857143,SMALL_SAMPLE_DESCRIPTIVE_ONLY
TRIGGER_QUALIFICATION,QUALIFIED_BY_OPERATIONAL_STATUS,10,7,7,0,0,0,0,0,7,-0.08929708977142148,-0.05992779783393498,0.16217965017058922,-0.26041252926062686,-0.23060298911306648,-0.05992779783393498,-0.011475414670054196,0.08804152793636477,0.2857142857142857,0.0,0.7142857142857143,SMALL_SAMPLE_DESCRIPTIVE_ONLY
TRIGGER_QUALIFICATION,QUALIFIED_BY_OPERATIONAL_STATUS,20,7,7,0,0,0,0,0,7,-0.09363579574080814,-0.14801444043321288,0.23850407900845008,-0.321909687453395,-0.31102178516311957,-0.14801444043321288,0.05470187028140372,0.224539566323119,0.2857142857142857,0.0,0.7142857142857143,SMALL_SAMPLE_DESCRIPTIVE_ONLY
RSI_PROVENANCE,TRUNCATED_SLICE_150_NONCANONICAL,1,502,501,0,1,0,0,0,501,-0.005203468898685479,-0.01014292300599362,0.07581090511385982,-0.09993773349937729,-0.08333333333333326,-0.01014292300599362,0.06806282722513068,0.10008186655751117,0.45708582834331335,0.005988023952095809,0.5369261477045908,
RSI_PROVENANCE,TRUNCATED_SLICE_150_NONCANONICAL,3,502,500,1,1,0,0,0,500,-0.027133457607150576,-0.04678110252260609,0.14667189975853273,-0.1990141777791156,-0.13496770587504658,-0.04678110252260609,0.05160263819711536,0.17324020305495744,0.374,0.002,0.624,
RSI_PROVENANCE,TRUNCATED_SLICE_150_NONCANONICAL,5,502,501,1,0,0,0,0,501,-0.03998479687698768,-0.06553911205074003,0.17996394973722055,-0.23817567567567566,-0.16774193548387095,-0.06553911205074003,0.04766269477543528,0.1956087824351298,0.34331337325349304,0.003992015968063872,0.6526946107784432,
RSI_PROVENANCE,TRUNCATED_SLICE_150_NONCANONICAL,10,502,498,1,0,3,1,0,498,-0.059143066448547325,-0.11586866731695422,0.24124917509234395,-0.2729342611000663,-0.2132586034556618,-0.11586866731695422,0.02587910799903531,0.1874166744436232,0.3112449799196787,0.0,0.6887550200803213,
RSI_PROVENANCE,TRUNCATED_SLICE_150_NONCANONICAL,20,502,484,14,1,3,3,0,484,-0.06817320351708502,-0.14410896758280478,0.2631421505845862,-0.3101195333418335,-0.24261410089934113,-0.14410896758280478,0.020959456980370605,0.264338903483133,0.27892561983471076,0.002066115702479339,0.71900826446281,
RSI_PROVENANCE,FULL_AVAILABLE_PREFIX,1,3,3,0,0,0,0,0,3,-0.022005820240152,-0.06573705179282874,0.08726598486887928,-0.09321441203360765,-0.08291040194331556,-0.06573705179282874,0.01703314568667319,0.06669526417437435,0.3333333333333333,0.0,0.6666666666666666,SMALL_SAMPLE_DESCRIPTIVE_ONLY
RSI_PROVENANCE,FULL_AVAILABLE_PREFIX,3,3,2,1,0,0,0,0,2,0.1924959943901875,0.1924959943901875,0.13837912852033363,0.08179269157392059,0.12330643013002068,0.1924959943901875,0.2616855586503543,0.30319929720645444,1.0,0.0,0.0,SMALL_SAMPLE_DESCRIPTIVE_ONLY
RSI_PROVENANCE,FULL_AVAILABLE_PREFIX,5,3,2,1,0,0,0,0,2,0.2555919390285465,0.2555919390285465,0.355027529998002,-0.02843008496985512,0.07807817402954548,0.2555919390285465,0.43310570402754744,0.5396139630269481,0.5,0.0,0.5,SMALL_SAMPLE_DESCRIPTIVE_ONLY
RSI_PROVENANCE,FULL_AVAILABLE_PREFIX,10,3,2,1,0,0,0,0,2,0.06946195062424831,0.06946195062424831,0.2333895734662138,-0.11724970814872274,-0.04723283610885859,0.06946195062424831,0.18615673735735522,0.2561736093972194,0.5,0.0,0.5,SMALL_SAMPLE_DESCRIPTIVE_ONLY
RSI_PROVENANCE,FULL_AVAILABLE_PREFIX,20,3,2,1,0,0,0,0,2,0.044942403444236834,0.044942403444236834,0.14138994660492743,-0.0681695538397051,-0.02575256985822688,0.044942403444236834,0.11563737674670055,0.1580543607281788,0.5,0.0,0.5,SMALL_SAMPLE_DESCRIPTIVE_ONLY
