population,horizon,n_total,n_available,n_right_censored,n_no_valid_quote,n_other_missing,n_adjustment_unresolved,n_terminal,n,mean,median,std_population,p10,p25,p50,p75,p90,positive_fraction,zero_fraction,negative_fraction,small_sample_flag,mean_mfe,mean_mae
ALL,1,505,504,0,1,0,0,0,504,-0.005303482894765637,-0.010611627707982907,0.075895211964854,-0.09994329723612501,-0.08342161016949146,-0.010611627707982907,0.0681176050003458,0.10008179638617616,0.45634920634920634,0.005952380952380952,0.5376984126984127,,0.04720744501366095,-0.05539147565059925
ALL,3,505,502,2,1,0,0,0,502,-0.026258439870109385,-0.04640249580927541,0.14729101265202615,-0.19871124716138316,-0.1347951276471525,-0.04640249580927541,0.05214237660660498,0.17531337285852372,0.37649402390438247,0.00199203187250996,0.6215139442231076,,0.09520388480879867,-0.10976518072909472
ALL,5,505,503,2,0,0,0,0,503,-0.03880954146583247,-0.06553911205074003,0.18194893750473876,-0.23807110288772879,-0.16746885133981904,-0.06553911205074003,0.047838734275990946,0.1964833583715961,0.34393638170974156,0.003976143141153081,0.6520874751491054,,0.12207754920599076,-0.13801219961880012
ALL,10,505,500,2,0,3,1,0,500,-0.058628646380256146,-0.11586866731695422,0.2413547906515944,-0.27275586481113323,-0.21293017278309292,-0.11586866731695422,0.02686752025675504,0.18819180763947516,0.312,0.0,0.688,,0.17025622932486126,-0.1784170294328392
ALL,20,505,486,15,1,3,3,0,486,-0.06770770719214131,-0.14325181159420292,0.26285650785904313,-0.3100232691572103,-0.2421552132606269,-0.14325181159420292,0.021051183269124918,0.26394792371566944,0.27983539094650206,0.00205761316872428,0.7181069958847737,,0.21849467672175377,-0.2155283886469296
V3_PRICE_PATH,1,498,497,0,1,0,0,0,497,-0.005435623718953114,-0.011080332409972193,0.07604767330467728,-0.09994636745976349,-0.08368644067796605,-0.011080332409972193,0.06828193832599116,0.10008172621484115,0.45472837022132795,0.006036217303822937,0.5392354124748491,,0.047237826838499336,-0.05546953168223317
V3_PRICE_PATH,3,498,495,2,1,0,0,0,495,-0.02589828542004644,-0.04670329670329665,0.14813475120763786,-0.2003612173023087,-0.1353449221320464,-0.04670329670329665,0.05380562879342565,0.17599975862173015,0.37777777777777777,0.00202020202020202,0.6202020202020202,,0.0955340894160401,-0.1099224019886651
V3_PRICE_PATH,5,498,496,2,0,0,0,0,496,-0.038351445121701494,-0.06458129429731857,0.1824827717524043,-0.238833683390135,-0.16805164153827365,-0.06458129429731857,0.04805927310349428,0.19615539239542124,0.3467741935483871,0.0020161290322580645,0.6512096774193549,,0.1224767842006123,-0.13786077973108588
V3_PRICE_PATH,10,498,493,2,0,3,1,0,493,-0.05819319180877915,-0.1160458452722064,0.24226481435702554,-0.27254303935293206,-0.21167883211678828,-0.1160458452722064,0.027663551401869046,0.18789989539754948,0.31237322515212984,0.0,0.6876267748478702,,0.1708651672091351,-0.17804769060951556
V3_PRICE_PATH,20,498,479,15,1,3,3,0,479,-0.06732879984383093,-0.1427536231884058,0.26317674768090915,-0.3072965721169642,-0.24181019407123056,-0.1427536231884058,0.02100532012474776,0.26336145406447403,0.2797494780793319,0.0020876826722338203,0.7181628392484343,,0.21889080883676781,-0.215296164051911
OPERATIONAL_STATUS,1,7,7,0,0,0,0,0,7,0.004078515622545227,0.001366353543979626,0.06345137533256023,-0.06291080784807228,-0.03824939188053228,0.001366353543979626,0.051623437330428845,0.07302980591004965,0.5714285714285714,0.0,0.42857142857142855,SMALL_SAMPLE_DESCRIPTIVE_ONLY,0.04505033545013556,-0.04984949740459147
OPERATIONAL_STATUS,3,7,7,0,0,0,0,0,7,-0.05172650455313215,-0.03612821441506697,0.05839910769798111,-0.11853873228309404,-0.11061547265800076,-0.03612821441506697,0.0025796639768180807,0.013287632336835345,0.2857142857142857,0.0,0.7142857142857143,SMALL_SAMPLE_DESCRIPTIVE_ONLY,0.07185370186815492,-0.09864739165947527
OPERATIONAL_STATUS,5,7,7,0,0,0,0,0,7,-0.07126893956425602,-0.13527707352408547,0.135099781885781,-0.1799568424074938,-0.15672749299342614,-0.13527707352408547,-0.03437271110181017,0.08898876404494391,0.14285714285714285,0.14285714285714285,0.7142857142857143,SMALL_SAMPLE_DESCRIPTIVE_ONLY,0.0937888981585212,-0.14874138023398123
OPERATIONAL_STATUS,10,7,7,0,0,0,0,0,7,-0.08929708977142148,-0.05992779783393498,0.16217965017058922,-0.26041252926062686,-0.23060298911306648,-0.05992779783393498,-0.011475414670054196,0.08804152793636477,0.2857142857142857,0.0,0.7142857142857143,SMALL_SAMPLE_DESCRIPTIVE_ONLY,0.12719562179406702,-0.20453456051072674
OPERATIONAL_STATUS,20,7,7,0,0,0,0,0,7,-0.09363579574080814,-0.14801444043321288,0.23850407900845008,-0.321909687453395,-0.31102178516311957,-0.14801444043321288,0.05470187028140372,0.224539566323119,0.2857142857142857,0.0,0.7142857142857143,SMALL_SAMPLE_DESCRIPTIVE_ONLY,0.19133133169222014,-0.23145236087677912
FULL_PREFIX_RSI,1,3,3,0,0,0,0,0,3,-0.022005820240152,-0.06573705179282874,0.08726598486887928,-0.09321441203360765,-0.08291040194331556,-0.06573705179282874,0.01703314568667319,0.06669526417437435,0.3333333333333333,0.0,0.6666666666666666,SMALL_SAMPLE_DESCRIPTIVE_ONLY,0.0391428013538739,-0.03185531116534013
FULL_PREFIX_RSI,3,3,2,1,0,0,0,0,2,0.1924959943901875,0.1924959943901875,0.13837912852033363,0.08179269157392059,0.12330643013002068,0.1924959943901875,0.2616855586503543,0.30319929720645444,1.0,0.0,0.0,SMALL_SAMPLE_DESCRIPTIVE_ONLY,0.20071312586429102,-0.0006909432084836742
FULL_PREFIX_RSI,5,3,2,1,0,0,0,0,2,0.2555919390285465,0.2555919390285465,0.355027529998002,-0.02843008496985512,0.07807817402954548,0.2555919390285465,0.43310570402754744,0.5396139630269481,0.5,0.0,0.5,SMALL_SAMPLE_DESCRIPTIVE_ONLY,0.3507944622689183,-0.002765976409014881
FULL_PREFIX_RSI,10,3,2,1,0,0,0,0,2,0.06946195062424831,0.06946195062424831,0.2333895734662138,-0.11724970814872274,-0.04723283610885859,0.06946195062424831,0.18615673735735522,0.2561736093972194,0.5,0.0,0.5,SMALL_SAMPLE_DESCRIPTIVE_ONLY,0.5199193393583973,-0.042274608547129056
FULL_PREFIX_RSI,20,3,2,1,0,0,0,0,2,0.044942403444236834,0.044942403444236834,0.14138994660492743,-0.0681695538397051,-0.02575256985822688,0.044942403444236834,0.11563737674670055,0.1580543607281788,0.5,0.0,0.5,SMALL_SAMPLE_DESCRIPTIVE_ONLY,0.5199193393583973,-0.06858602952986481
TRUNCATED_RSI,1,502,501,0,1,0,0,0,501,-0.005203468898685479,-0.01014292300599362,0.07581090511385982,-0.09993773349937729,-0.08333333333333326,-0.01014292300599362,0.06806282722513068,0.10008186655751117,0.45708582834331335,0.005988023952095809,0.5369261477045908,,0.04725573629306087,-0.055532410767277454
TRUNCATED_RSI,3,502,500,1,1,0,0,0,500,-0.027133457607150576,-0.04678110252260609,0.14667189975853273,-0.1990141777791156,-0.13496770587504658,-0.04678110252260609,0.05160263819711536,0.17324020305495744,0.374,0.002,0.624,,0.0947818478445767,-0.11020147767917718
TRUNCATED_RSI,5,502,501,1,0,0,0,0,501,-0.03998479687698768,-0.06553911205074003,0.17996394973722055,-0.23817567567567566,-0.16774193548387095,-0.06553911205074003,0.04766269477543528,0.1956087824351298,0.34331337325349304,0.003992015968063872,0.6526946107784432,,0.12116450763687728,-0.13855210470147392
TRUNCATED_RSI,10,502,498,1,0,3,1,0,498,-0.059143066448547325,-0.11586866731695422,0.24124917509234395,-0.2729342611000663,-0.2132586034556618,-0.11586866731695422,0.02587910799903531,0.1874166744436232,0.3112449799196787,0.0,0.6887550200803213,,0.1688575768847271,-0.17896159911638204
TRUNCATED_RSI,20,502,484,14,1,3,3,0,484,-0.06817320351708502,-0.14410896758280478,0.2631421505845862,-0.3101195333418335,-0.24261410089934113,-0.14410896758280478,0.020959456980370605,0.264338903483133,0.27892561983471076,0.002066115702479339,0.71900826446281,,0.21725168842222123,-0.21613433651957734
