horizon,metric,n,mean,median,std_population,p10,p25,p50,p75,p90,source_session_distribution
1,MFE,504,0.04720744501366095,0.06882623627535567,0.056360957755663146,-0.03540240518038843,0.0,0.06882623627535567,0.09982260322398562,0.10020548002615133,"{""1"":504}"
1,MAE,504,-0.05539147565059925,-0.062982906705363,0.04644754379175019,-0.10000000000000009,-0.09964476201884082,-0.062982906705363,-0.028440256374193784,0.002395322243355367,"{""1"":504}"
3,MFE,502,0.09520388480879867,0.08985224336943909,0.10317716078089623,-0.029787995744913053,0.012574215409666412,0.08985224336943909,0.15357479202636942,0.24426299261330772,"{""1"":256,""2"":98,""3"":148}"
3,MAE,502,-0.10976518072909472,-0.10011022751733528,0.08004782369207132,-0.2213347024149078,-0.1714532172221391,-0.10011022751733528,-0.051701812664691954,-0.01472833789097581,"{""1"":158,""2"":96,""3"":248}"
5,MFE,503,0.12207754920599076,0.0997693194925029,0.13858696542674678,-0.025763363626761127,0.018130716463414576,0.0997693194925029,0.18855251151660046,0.2915225964055138,"{""1"":221,""2"":72,""3"":64,""4"":49,""5"":97}"
5,MAE,503,-0.13801219961880012,-0.13662239089184058,0.09188290108883646,-0.26205269645128926,-0.2028823866896156,-0.13662239089184058,-0.0695126370464057,-0.03222453858037227,"{""1"":109,""2"":56,""3"":74,""4"":70,""5"":194}"
10,MFE,502,0.17025622932486126,0.1097472819801063,0.21401241761075734,-0.019209291100051637,0.04430855051255006,0.1097472819801063,0.2261439543063668,0.3952999234318476,"{""1"":181,""2"":55,""3"":45,""4"":34,""5"":30,""6"":28,""7"":24,""8"":27,""9"":20,""10"":58}"
10,MAE,502,-0.1784170294328392,-0.18409580299115186,0.09957771997168573,-0.3049617612590688,-0.24900989466964576,-0.18409580299115186,-0.10010644846092634,-0.04988516663448387,"{""1"":62,""2"":30,""3"":37,""4"":27,""5"":46,""6"":32,""7"":39,""8"":51,""9"":51,""10"":127}"
20,MFE,487,0.21849467672175377,0.14064914992272026,0.27788991418745357,-0.011064455012952855,0.05765910292818477,0.14064914992272026,0.2907676767676768,0.5129149631511402,"{""1"":161,""2"":43,""3"":37,""4"":24,""5"":24,""6"":16,""7"":14,""8"":18,""9"":9,""10"":13,""11"":12,""12"":6,""13"":9,""14"":13,""15"":12,""16"":10,""17"":14,""18"":14,""19"":11,""20"":27}"
20,MAE,487,-0.2155283886469296,-0.2200557103064067,0.11107089239815857,-0.3661831183905833,-0.2852755490737811,-0.2200557103064067,-0.1355952940255266,-0.06865249843950907,"{""1"":37,""2"":18,""3"":20,""4"":14,""5"":31,""6"":11,""7"":12,""8"":18,""9"":23,""10"":21,""11"":21,""12"":23,""13"":18,""14"":15,""15"":17,""16"":30,""17"":26,""18"":21,""19"":39,""20"":72}"
