security_id,entry_date,observation_instance_id,entry_reasons,execution_intent,entry_v3_state,rsi14,ma5_raw,raw_low,raw_close,fill_claim
000006.SZ,2024-10-31,00006bea712409649fefea8cc14d66acf39c6c3dd1f02aec5a89227052ed286d,ENTRY_A_PULLBACK_TO_MA5_V1,LIMIT_UP_CLOSE_BOARD_INTENT,TRUE,75.62579402744065953957280766,9.352,9.33,9.83,False
000016.SZ,2024-10-24,24c733936ff74f491572b737e4c4743a0662e546c8388796416939140a6904b7,ENTRY_A_PULLBACK_TO_MA5_V1,LIMIT_UP_CLOSE_BOARD_INTENT,TRUE,73.73963874625196083222495005,3.944,3.63,4.37,False
000026.SZ,2025-07-04,b04e5f6edab48bd2d8653306348771605f0cafefaaf47b0585d0f3c158621dc5,ENTRY_A_PULLBACK_TO_MA5_V1,NORMAL_CLOSE_INTENT,FALSE,71.42928283947259321691427174,17.354,16.92,17.48,False
000032.SZ,2026-06-24,43374890e33aa16b332feacc7449e30bae1990b9e2e4c7d349d7ad1a230ea84d,ENTRY_B_RSI_RECROSS_70_V1,LIMIT_UP_CLOSE_BOARD_INTENT,TRUE,73.07013820935493855035042567,24.158,22.98,25.34,False
000056.SZ,2024-11-01,3b7ea736a2e07a8136ab1a89e0078ff10b1c733dfa70be971c7d6f6dade20cad,ENTRY_A_PULLBACK_TO_MA5_V1,NORMAL_CLOSE_INTENT,FALSE,72.56276725016640256651242716,3.178,3.15,3.28,False
000058.SZ,2024-10-30,387e75174cd9bd335dfcc0c930299b70e5b4cc237cfab45ab93b017d2cfaa642,ENTRY_A_PULLBACK_TO_MA5_V1,LIMIT_UP_CLOSE_BOARD_INTENT,TRUE,84.22337752836840542678058232,9.01,8.98,10.8,False
000066.SZ,2024-11-06,87a4abcd822b0f5135dfecf4ef7591ee5b2594aa1a33ed37f8de043aa5452d41,ENTRY_A_PULLBACK_TO_MA5_V1,LIMIT_UP_CLOSE_BOARD_INTENT,TRUE,78.86813563066378804280543120,16.89,15.63,18.48,False
000070.SZ,2025-12-01,58692cab17836bbe4d14073e14751967c2e65975e91c66a7e372ef92de47a9c3,ENTRY_A_PULLBACK_TO_MA5_V1,NORMAL_CLOSE_INTENT,FALSE,78.68846775435038474024452086,13.842,13.17,14.19,False
000409.SZ,2025-03-11,60c35bb2d45fe59f16ffc61a567464efb2febf56444aca9ca8ee88b03c007496,ENTRY_B_RSI_RECROSS_70_V1,NORMAL_CLOSE_INTENT,FALSE,73.31892873341255914202798368,14.43,13.31,15.16,False
000415.SZ,2024-11-08,b89e381786b991cda6c3be862e412066fca1be234f470ad1dc8993993c97089c,ENTRY_A_PULLBACK_TO_MA5_V1,LIMIT_UP_CLOSE_BOARD_INTENT,TRUE,77.29405659387758764577442564,4.506,4.17,4.82,False
000428.SZ,2026-07-31,89d45da220dadf233db05b764d30b3a1de52a5693e9dc7be9ca359510184e6a9,ENTRY_A_PULLBACK_TO_MA5_V1,LIMIT_UP_CLOSE_BOARD_INTENT,TRUE,73.61486036286634241186739144,3.818,3.78,4.21,False
000510.SZ,2025-04-17,3c00820df3631650ce73f9bfbd5588838c4f0b7bf00723e558e04ee2665a3797,ENTRY_A_PULLBACK_TO_MA5_V1,LIMIT_UP_CLOSE_BOARD_INTENT,TRUE,70.75157584391395906654812457,4.802,4.43,5.28,False
000514.SZ,2025-07-15,ad3b4e7167d03527596ef8f26dced457be3e2ed65f3084a196a73b9dc0f8d7ad,ENTRY_A_PULLBACK_TO_MA5_V1,LIMIT_UP_CLOSE_BOARD_INTENT,TRUE,75.47783282158761633415899732,6.712,5.76,7.01,False
000518.SZ,2026-05-25,81182880e998f839ec2e4423be747b3d81ea96d8d0424b45b181831576b6f0a2,ENTRY_A_PULLBACK_TO_MA5_V1,LIMIT_UP_CLOSE_BOARD_INTENT,TRUE,87.44094047386320908761249216,3.786,3.72,4.54,False
000520.SZ,2024-11-04,a17f9f3991ef8f2ceb20c0abb72b08c49b8b82ca25bd99905d45ea7016fddb52,ENTRY_A_PULLBACK_TO_MA5_V1,LIMIT_UP_CLOSE_BOARD_INTENT,TRUE,80.96958964368305960204056616,5.932,5.77,6.35,False
000533.SZ,2025-01-07,99f55654506f9d6bfe4b5a3bc9ad91d24a1fe76397f2ee8c77c0636b6679b7ac,ENTRY_A_PULLBACK_TO_MA5_V1,LIMIT_UP_CLOSE_BOARD_INTENT,TRUE,77.30013982811046963266431946,6.858,6.09,7.45,False
000533.SZ,2026-03-16,da49cb2cf437923ced171ddde0970e6f55131fc00a5fa47785fea9799b65d75e,ENTRY_B_RSI_RECROSS_70_V1,LIMIT_UP_CLOSE_BOARD_INTENT,TRUE,74.39020201847122305449705301,17.998,16.03,18.66,False
000536.SZ,2024-09-13,00de76b2f1fc7ef677112130004ea2d675a31b23790a097e60a32a0dc4b52c07,ENTRY_A_PULLBACK_TO_MA5_V1,LIMIT_UP_CLOSE_BOARD_INTENT,TRUE,83.62112627608989461086919234,3.028,2.97,3.63,False
000536.SZ,2024-11-04,0edb1c05cb998310e69498743e10b9237c64c6f6c6f707a3307aa60ba1245002,ENTRY_A_PULLBACK_TO_MA5_V1,LIMIT_UP_CLOSE_BOARD_INTENT,TRUE,85.03858516655776885837081147,5.59,5.48,6.7,False
000547.SZ,2025-11-24,1e565c39ed4c4382e3da3c27d10bbcf5e506d01315c1ccadc3c955dfc12c5884,ENTRY_A_PULLBACK_TO_MA5_V1,LIMIT_UP_CLOSE_BOARD_INTENT,TRUE,76.78464298383441250921636943,12.748,11.42,13.64,False
000553.SZ,2024-10-29,fe25ca98166a09beae84fd17becb20f9e8a506d8534473db6b16e45de43537ee,ENTRY_A_PULLBACK_TO_MA5_V1,NORMAL_CLOSE_INTENT,FALSE,87.80184089695626081937557858,7.75,7.56,8.7,False
000559.SZ,2025-09-24,6836ae059bac34cb9c1875910f7945e63548ee4179c91b51a4ee56852aca59eb,ENTRY_B_RSI_RECROSS_70_V1,NORMAL_CLOSE_INTENT,FALSE,70.19871048251627957278373855,10.808,10.89,11.11,False
000564.SZ,2024-11-12,8b49f7205f1b7c08c9610afca45342e6e927f4f21fea77c6e8b89cae95a4e2e5,ENTRY_A_PULLBACK_TO_MA5_V1,LIMIT_UP_CLOSE_BOARD_INTENT,TRUE,81.29900785934144613111003592,2.726,2.51,3.01,False
000565.SZ,2025-05-12,24900c54fefc9f65e1db0cba3672080767012979029b986aef532a26c1f65671,ENTRY_A_PULLBACK_TO_MA5_V1,NORMAL_CLOSE_INTENT,FALSE,87.01233863621504971423050603,9.094,8.37,9.96,False
000566.SZ,2026-07-06,1e642712181e8114574feee5f644500933b3da274737f7ab75572c4c5ae2119b,ENTRY_A_PULLBACK_TO_MA5_V1,NORMAL_CLOSE_INTENT,FALSE,80.17330879524679687613021251,5.818,5.6,6.43,False
000572.SZ,2025-11-13,1d01a85365609387b18d817fecc005f2685b23dac5116fcbbedde0df0733b5aa,ENTRY_B_RSI_RECROSS_70_V1,LIMIT_UP_CLOSE_BOARD_INTENT,TRUE,73.20970608381468963189913302,9.834,9.02,10.04,False
000573.SZ,2025-01-10,620a93f0750afdf1ff0b14d75b203617627ef6cd793abdcf8fe4c410f60c5ac9,ENTRY_A_PULLBACK_TO_MA5_V1,LIMIT_UP_CLOSE_BOARD_INTENT,TRUE,84.74651007793487448779940009,4.61,4.6,5.53,False
000592.SZ,2025-11-07,9a0dcdaaa368a67be2e9e4dc8585ad9a2aaf134f280543d24989ddeac02a9541,ENTRY_A_PULLBACK_TO_MA5_V1,NORMAL_CLOSE_INTENT,FALSE,79.68141691924938304650194499,8.636,8.05,8.9,False
000595.SZ,2024-09-30,df0e0b23dd43c43f2ec387235ece65f09f976577b3af123bc15abac9c716aeda,ENTRY_A_PULLBACK_TO_MA5_V1,NORMAL_CLOSE_INTENT,FALSE,77.11057083997179005568884137,8.012,7.0,8.26,False
000605.SZ,2024-11-12,532f99d81fc2e5955aa5c75d375663c28d2a6b8813ebaa2458a4c2b1a40a7b1c,ENTRY_A_PULLBACK_TO_MA5_V1,NORMAL_CLOSE_INTENT,FALSE,88.61869548057059942932615839,7.734,7.25,8.49,False
000626.SZ,2025-10-20,67ccaea53f89047d3baada313f51c19d064802d7bfdf320794353f77373804e5,ENTRY_A_PULLBACK_TO_MA5_V1,LIMIT_UP_CLOSE_BOARD_INTENT,TRUE,89.99376507178935159752676899,8.952,8.78,10.74,False
000678.SZ,2025-03-17,5afa97d0bf355a751fbc8ce7ae984e7e309818c371dc03c3df55123ada8b8d10,ENTRY_A_PULLBACK_TO_MA5_V1,LIMIT_UP_CLOSE_BOARD_INTENT,TRUE,80.40172696989831207780925626,12.994,12.27,14.2,False
000681.SZ,2024-12-18,f9863c0e24fb779cd3d328399487eb3c6f096dba49d1f164121ed3b33a3f26d0,ENTRY_A_PULLBACK_TO_MA5_V1,NORMAL_CLOSE_INTENT,FALSE,86.11242593509421456685177578,26.872,26.21,30.1,False
000695.SZ,2025-05-28,3aeccb70d030d080268939a1bb979b04c56e92fa0a6690ff7cd6ebdc37fdd24d,ENTRY_B_RSI_RECROSS_70_V1,LIMIT_UP_CLOSE_BOARD_INTENT,TRUE,73.51091581497584670773106852,14.54,12.33,15.0,False
000712.SZ,2026-09-01,4da39623a4afe8278c65f8f9a9ee8d01a1b5b64e2d1001a9a7a3c9f47f0467cf,ENTRY_A_PULLBACK_TO_MA5_V1,NORMAL_CLOSE_INTENT,FALSE,81.74072005760852585969559048,11.752,11.68,13.5,False
000716.SZ,2024-11-12,36244c68c818a2a374868e29a42060e57e405cf5956f95f4d0dbf63d23b81fc4,ENTRY_A_PULLBACK_TO_MA5_V1,LIMIT_UP_CLOSE_BOARD_INTENT,TRUE,79.11016135519414567873817962,7.278,6.37,7.79,False
000717.SZ,2024-12-11,c171bdff7e40c2f7511932b6c8bb7f7ea5d0800fa234e32b0feb63f685a56c83,ENTRY_A_PULLBACK_TO_MA5_V1,LIMIT_UP_CLOSE_BOARD_INTENT,TRUE,70.58765124310972228100590693,3.572,3.53,3.87,False
000720.SZ,2026-04-07,d77d2335255aadc87320ec08f75acd91947286c6a4a75cae87b0812a585a5a67,ENTRY_B_RSI_RECROSS_70_V1,LIMIT_UP_CLOSE_BOARD_INTENT,TRUE,72.57201749319815960979306948,5.648,6.35,6.53,False
000759.SZ,2024-12-18,ab26e31722992c161d49d0434679bc5e895b7c8a8f6de439e2acaded6aaf1aa7,ENTRY_A_PULLBACK_TO_MA5_V1,LIMIT_UP_CLOSE_BOARD_INTENT,TRUE,78.26081091365565234066143906,8.002,6.97,8.51,False
000793.SZ,2024-10-28,13f7ba09581cd7929f7497fa4429e1618ff1e1d77bc47b0c3671dd07e393cef2,ENTRY_A_PULLBACK_TO_MA5_V1,LIMIT_UP_CLOSE_BOARD_INTENT,TRUE,86.74047643001713792604064456,2.376,2.27,2.77,False
000799.SZ,2024-10-10,aef7722b7e070244d6bff97c471155b628070934caee21e8559138ade803d477,ENTRY_A_PULLBACK_TO_MA5_V1,NORMAL_CLOSE_INTENT,FALSE,79.80594896034838286487853724,53.214,50.58,54.98,False
000801.SZ,2024-11-25,aee4ea64688e3f711b7ea6ce7b58bdc27a6670e3d0581c1d6940a8afc2e56da6,ENTRY_A_PULLBACK_TO_MA5_V1,LIMIT_UP_CLOSE_BOARD_INTENT,TRUE,80.32073031503113072251356833,17.872,17.53,21.43,False
000813.SZ,2024-12-12,e312dbc201bbc32023b97e14a38c7f460121b89f97eadf13802544bda1defb9e,ENTRY_A_PULLBACK_TO_MA5_V1,LIMIT_UP_CLOSE_BOARD_INTENT,TRUE,70.32650938678024958660265758,3.914,3.77,4.2,False
000833.SZ,2024-11-29,77e79b56cc192292627561aeb355ef878635570e21cfa2b3241e2dd9185510d7,ENTRY_B_RSI_RECROSS_70_V1,NORMAL_CLOSE_INTENT,FALSE,70.59288280526200676975610785,17.728,15.05,17.05,False
000856.SZ,2025-01-27,43e4126e9ac07f3be5760f810d9dbd49610a8b07c1f14627d448fe8c9e8acce1,ENTRY_A_PULLBACK_TO_MA5_V1,LIMIT_UP_CLOSE_BOARD_INTENT,TRUE,87.92970192095431434181097938,10.614,10.41,12.73,False
000859.SZ,2024-10-23,d0ed8f5e29ce4d66c8c724923efa2d98e57f1e62cc1dfbaba9649006866f09d3,ENTRY_A_PULLBACK_TO_MA5_V1,NORMAL_CLOSE_INTENT,FALSE,70.38702327242532446500940567,5.404,5.3,5.42,False
000880.SZ,2024-08-05,8e848ec27a8f2479a125065404dc50f30c3ffe8451f3c62e0257b9e1429ac619,ENTRY_A_PULLBACK_TO_MA5_V1,NORMAL_CLOSE_INTENT,FALSE,72.68542947366359835447491245,10.702,10.21,10.73,False
000882.SZ,2025-01-23,61051e69ed2a0874ec34c55911ebb63b2dc7359e6d24cd68ff98f363a33c79b0,ENTRY_A_PULLBACK_TO_MA5_V1,LIMIT_UP_CLOSE_BOARD_INTENT,TRUE,73.30621619797864335874154346,2.844,2.83,3.41,False
000889.SZ,2026-04-15,5bf32f901716c160f20ba26b3e7b28b581b23a901a9d23290ade062c444e5536,ENTRY_A_PULLBACK_TO_MA5_V1,LIMIT_UP_CLOSE_BOARD_INTENT,TRUE,70.22853226768841930293929026,4.254,4.03,4.74,False
000890.SZ,2026-03-02,1be3195da52ca742efc55fcbce32a189fe43df93aae480936caff8e3b4ddd9a6,ENTRY_A_PULLBACK_TO_MA5_V1,LIMIT_UP_CLOSE_BOARD_INTENT,TRUE,81.20626272324704647620331642,7.606,7.07,8.43,False
000890.SZ,2026-03-25,e08310e3c5006316aae43755f204be7b9d7c7150c18f4719f3c745c175a7f94d,ENTRY_A_PULLBACK_TO_MA5_V1,NORMAL_CLOSE_INTENT,FALSE,77.25411398764276826451036276,13.336,12.88,13.61,False
000892.SZ,2026-09-04,4323f54287ed037b761baa4d55fe1d415bd68dc6da165a9c8f2530339c159788,ENTRY_A_PULLBACK_TO_MA5_V1,LIMIT_UP_CLOSE_BOARD_INTENT,TRUE,77.56207017295215444412150796,4.98,4.77,5.59,False
000901.SZ,2025-08-18,79e1d4d2384c93b6cba7b150a466cad8f5617006e8bfba0d4468f62b0e9a3945,ENTRY_A_PULLBACK_TO_MA5_V1,NORMAL_CLOSE_INTENT,FALSE,73.68207411712424434191711233,20.552,18.88,20.7,False
000953.SZ,2024-08-06,bdfcb25124b17adbfd59d12c0e8471e9717092f85d7e78bff888eb609ad2acd0,ENTRY_A_PULLBACK_TO_MA5_V1,LIMIT_UP_CLOSE_BOARD_INTENT,TRUE,86.05132094234090235708455133,4.064,4.05,4.87,False
000965.SZ,2025-04-24,62da1b6cd6d586ac8057fb964966d08a8941d0a65afefe80396b61eae3c46c0c,ENTRY_A_PULLBACK_TO_MA5_V1,LIMIT_UP_CLOSE_BOARD_INTENT,TRUE,78.29777092289426170352524415,4.704,4.51,5.21,False
000969.SZ,2025-10-17,20d085783ba33edcd14d3f014db37f7461744aba1128a2348a926800f0b0c6e0,ENTRY_A_PULLBACK_TO_MA5_V1,NORMAL_CLOSE_INTENT,FALSE,77.46912102224506448676377983,19.55,19.46,19.56,False
000981.SZ,2024-12-13,825fbb6b54907aa0cf578c428c2338d08207f42f736c9896474856b6bc82de99,ENTRY_B_RSI_RECROSS_70_V1,NORMAL_CLOSE_INTENT,FALSE,70.27315282375821548053299369,2.876,2.51,2.82,False
000981.SZ,2025-09-23,f5c56574d62c617f8ced46569534b3816281f7673143786da58162cc74078987,ENTRY_A_PULLBACK_TO_MA5_V1,NORMAL_CLOSE_INTENT,FALSE,82.32208132880246442087663774,4.028,4.01,4.24,False
000993.SZ,2025-11-10,f512b58c27a4e7612e526336e20b8e68dd52f07ad3d1274ef206d2b5b6d3947d,ENTRY_A_PULLBACK_TO_MA5_V1,LIMIT_UP_CLOSE_BOARD_INTENT,TRUE,86.52738280581969020712214580,13.564,13.5,15.29,False
000995.SZ,2024-09-30,a679d7b7b81ddf0e81411d52c3e54723e156b484574476614eda3110c79a3f4b,ENTRY_A_PULLBACK_TO_MA5_V1,LIMIT_UP_CLOSE_BOARD_INTENT,TRUE,82.02521830075363752204186814,12.484,12.14,14.55,False
000995.SZ,2026-02-09,a12059ee7fb135374bb71da62c7dd08c2e37a5e27bab915c71b3f2376488c73d,ENTRY_B_RSI_RECROSS_70_V1,NORMAL_CLOSE_INTENT,FALSE,70.71733257222454668157326358,19.04,17.83,18.8,False
001208.SZ,2025-12-19,c2235e58000f6743e9528ef8214f0d7e1a5e5477c3943d69f46ea64d15a03031,ENTRY_A_PULLBACK_TO_MA5_V1,NORMAL_CLOSE_INTENT,FALSE,91.62032436448554105888290210,20.192,20.19,21.17,False
001209.SZ,2024-12-04,81c2fdd11cd72f69c0865021ef07f184ab54ae9ae6ca7ee9ff701e154c030b99,ENTRY_A_PULLBACK_TO_MA5_V1,LIMIT_UP_CLOSE_BOARD_INTENT,TRUE,91.69464395426378776504915789,21.648,21.47,25.96,False
001212.SZ,2025-04-14,71e14d2704ac7fc614b94d0880852f90f02916db8ec9466859874e370867345e,ENTRY_A_PULLBACK_TO_MA5_V1,LIMIT_UP_CLOSE_BOARD_INTENT,TRUE,89.58054667961843655065072177,50.946,50.0,55.29,False
001216.SZ,2025-11-21,f7f2923c43a8842f5b7041961605feb297294c90175b7732c5e93eb097c48092,ENTRY_B_RSI_RECROSS_70_V1,LIMIT_UP_CLOSE_BOARD_INTENT,TRUE,73.67352616460171426967723468,20.972,18.44,22.44,False
001226.SZ,2025-07-29,49b3c4e3388f7b4f6e32bab165d57905f82af3fbda49a8a5376c2071499d50cb,ENTRY_A_PULLBACK_TO_MA5_V1,NORMAL_CLOSE_INTENT,FALSE,95.25361610435160541545424345,42.852,42.56,49.37,False
001229.SZ,2024-11-27,a352c03f3f45fb07b8299c9f137fc9409ba98ba79dc820463fed3a4e37bb5b68,ENTRY_A_PULLBACK_TO_MA5_V1,LIMIT_UP_CLOSE_BOARD_INTENT,TRUE,91.58869586130423675091733629,43.512,42.69,52.17,False
001234.SZ,2025-09-23,0150b01b98c731e358d4bddb707188c73eacd1949b4d3843970807445b966e91,ENTRY_A_PULLBACK_TO_MA5_V1,LIMIT_UP_CLOSE_BOARD_INTENT,TRUE,76.30682423309710684891140403,37.144,33.22,39.75,False
001318.SZ,2025-03-21,a237dd45f6246859839fec18e71247a5da832c9fdec9500d5387719586218caa,ENTRY_A_PULLBACK_TO_MA5_V1,NORMAL_CLOSE_INTENT,FALSE,75.71510132121144929932567056,15.574,15.51,15.81,False
001331.SZ,2026-01-09,ddb52126e23c9c4e4dfd16cb8fd33d880706b60deeaf83675068d895c5dbc52d,ENTRY_A_PULLBACK_TO_MA5_V1,NORMAL_CLOSE_INTENT,FALSE,93.64091103035242578947775417,54.374,54.1,58.55,False
001379.SZ,2024-07-26,f8f98ef3cea5fd808323f4f4145fd9bc6136b589de1d0432135c457cc9e7f03c,ENTRY_A_PULLBACK_TO_MA5_V1,LIMIT_UP_CLOSE_BOARD_INTENT,TRUE,82.95956324648232206252424797,16.962,16.83,20.34,False
001400.SZ,2026-01-14,2f138638bc018638e6efb15308121aa462e1a2a83b57e099b7ab8cbbafb71385,ENTRY_A_PULLBACK_TO_MA5_V1,LIMIT_UP_CLOSE_BOARD_INTENT,TRUE,77.53671311544046485534404968,113.712,105.0,120.48,False
001896.SZ,2026-03-04,e3f10bf7a583455427b10d0c96a21158f0f4e304e60e2f2255bffaf2d6478455,ENTRY_A_PULLBACK_TO_MA5_V1,NORMAL_CLOSE_INTENT,FALSE,86.03986954514602659447719267,13.43,13.3,14.26,False
002009.SZ,2026-01-05,c78e0ca53ca4f37a70097dd44633437741b1ea569bb921c346b617277bb3d59d,ENTRY_A_PULLBACK_TO_MA5_V1,NORMAL_CLOSE_INTENT,FALSE,75.19521512784896802605509707,21.784,21.63,22.21,False
002031.SZ,2024-12-10,85974c55382bd651dfa0b4bc02b5a91a4306c8e6eff1b07685aa5f948593ece2,ENTRY_A_PULLBACK_TO_MA5_V1,LIMIT_UP_CLOSE_BOARD_INTENT,TRUE,74.59297615913650813989338976,6.84,6.02,7.23,False
002036.SZ,2025-02-17,6145a9451a6d9f4593548aad6d3e0e19ccc42505bc1c240761b2a432ae0820f9,ENTRY_B_RSI_RECROSS_70_V1,NORMAL_CLOSE_INTENT,FALSE,70.36202950868472274614900849,13.074,13.1,13.28,False
002040.SZ,2025-05-21,b7b43f2e8bcf8e1f7515ac118172f3fb7715d311a625fdeb27723f3801bbded6,ENTRY_A_PULLBACK_TO_MA5_V1,LIMIT_UP_CLOSE_BOARD_INTENT,TRUE,88.35601228689410237058915511,11.188,10.78,13.18,False
002045.SZ,2024-11-25,2032da0ab2bdf0ff3f490b70155b9f3fe3eafc4391acf5a0bf761aa23951e09f,ENTRY_A_PULLBACK_TO_MA5_V1,LIMIT_UP_CLOSE_BOARD_INTENT,TRUE,91.64856522839243619633192227,21.73,21.71,25.15,False
002047.SZ,2024-11-05,40f38958b802604c34ae3c0d5a9a0ab5d90a6fb266d356f93adec6e9d5df3547,ENTRY_A_PULLBACK_TO_MA5_V1,LIMIT_UP_CLOSE_BOARD_INTENT,TRUE,88.52019840420177344387675588,2.966,2.91,3.34,False
002052.SZ,2025-08-22,5ad9775ab594a9ee8e566b96748f2efa2995c0a2c0e3b6ec74d06900a452bc18,ENTRY_A_PULLBACK_TO_MA5_V1,NORMAL_CLOSE_INTENT,FALSE,87.91126954078864552941388103,18.656,18.6,20.25,False
002065.SZ,2025-02-27,f04c7c07ca48e5e0fe9163d8e0284a320e770e13ce7205a304e2d3599d02e115,ENTRY_B_RSI_RECROSS_70_V1,NORMAL_CLOSE_INTENT,FALSE,70.82351892980830156175223424,13.418,12.26,12.96,False
002068.SZ,2026-06-29,08209dfb548bbbf476a49e3f5bd79e5afcaed564b3b46b11a9daf82bf2c71f4b,ENTRY_A_PULLBACK_TO_MA5_V1,NORMAL_CLOSE_INTENT,FALSE,75.26913879056410969407909538,13.994,13.73,14.41,False
002076.SZ,2024-12-16,5981489bebe536dce54b17462490013db9b2763258ea29bf335b5d5a916629e7,ENTRY_A_PULLBACK_TO_MA5_V1,NORMAL_CLOSE_INTENT,FALSE,73.34947302546764441991606518,3.958,3.88,3.96,False
002081.SZ,2026-04-29,a754522936982afcecb478f6ac9df4e3361af1c726a3550c7481150c581358ad,ENTRY_B_RSI_RECROSS_70_V1,LIMIT_UP_CLOSE_BOARD_INTENT,TRUE,70.54362504653516895026507774,4.996,4.8,5.36,False
002081.SZ,2026-05-14,1d0eb77a857035cc2a6c079dbca0be362b1c8addc54f7cccdec11c4742c4ae36,ENTRY_A_PULLBACK_TO_MA5_V1,NORMAL_CLOSE_INTENT,FALSE,79.63592834249213908441844861,7.568,7.21,7.93,False
002084.SZ,2026-09-03,8450017967c745fef50e9f0ac46f4117177a8bea25687be5950286f80d467d81,ENTRY_A_PULLBACK_TO_MA5_V1,NORMAL_CLOSE_INTENT,FALSE,86.18700879293024718187516182,6.646,6.5,6.91,False
002086.SZ,2025-03-21,2842e89b1571bcf05b7ef14a4c155618d4ca7d3cda5c81f07ef35f097b73e85f,ENTRY_B_RSI_RECROSS_70_V1,NORMAL_CLOSE_INTENT,FALSE,73.96899344920348405774650837,3.454,3.38,3.76,False
002094.SZ,2024-10-17,ef398f0e46449c5788aa0ba9b6fbbbf19dfbc1ecb16c679d8dfd0c78e3af0d99,ENTRY_A_PULLBACK_TO_MA5_V1,LIMIT_UP_CLOSE_BOARD_INTENT,TRUE,81.81250411933512756591686091,3.444,3.25,3.88,False
002094.SZ,2024-11-05,dd555067f117cdbc48e116109b2d9d224aac3c5e9d0851b325d209e29dd1f193,ENTRY_A_PULLBACK_TO_MA5_V1,LIMIT_UP_CLOSE_BOARD_INTENT,TRUE,84.20147502067636398441991094,9.558,8.37,10.23,False
002094.SZ,2025-04-14,62b98360cd0a28ccde7c32d8f2e37e44c881de7066a8c99fc13734a48d79fd30,ENTRY_A_PULLBACK_TO_MA5_V1,NORMAL_CLOSE_INTENT,FALSE,77.91827372353838740290550070,7.132,6.76,7.8,False
002095.SZ,2024-11-27,436b5d4f1c06429a482ecdf8dbc054fa964b946fe1ea8639465baf4c67ccaeb8,ENTRY_A_PULLBACK_TO_MA5_V1,LIMIT_UP_CLOSE_BOARD_INTENT,TRUE,76.65506923327499485357061926,22.136,19.78,24.15,False
002104.SZ,2025-06-05,db438f4626f2b990f9e2b5e41b234cfae4b4eb5193284495834ab7c067e659f5,ENTRY_A_PULLBACK_TO_MA5_V1,LIMIT_UP_CLOSE_BOARD_INTENT,TRUE,76.97831639447211280117703151,9.394,9.17,10.56,False
002105.SZ,2025-03-14,a75168312769f1b48bca499c309d46f885de66eaf8167d0a250458a4c4880189,ENTRY_A_PULLBACK_TO_MA5_V1,LIMIT_UP_CLOSE_BOARD_INTENT,TRUE,93.51341346410325558226654031,10.366,10.17,12.43,False
002112.SZ,2026-01-19,cfeeb7ea9f26f1b77919e83dcbe1c29f83508930f48f5976d2290a2d59d79e24,ENTRY_A_PULLBACK_TO_MA5_V1,LIMIT_UP_CLOSE_BOARD_INTENT,TRUE,80.73609227864081550582474065,19.96,17.97,21.97,False
002117.SZ,2025-01-03,99ff856d561aae29087a0a823dc732abee14895e7b75b57d774c77bd05df5e7a,ENTRY_A_PULLBACK_TO_MA5_V1,LIMIT_UP_CLOSE_BOARD_INTENT,TRUE,75.20920407660862894581472922,12.488,12.35,14.14,False
002122.SZ,2024-12-13,996cbe3eccb10c983994c9dbc321137c8d4fb9fd0fc5757e83945ff5b786adf6,ENTRY_A_PULLBACK_TO_MA5_V1,LIMIT_UP_CLOSE_BOARD_INTENT,TRUE,78.41542731444215639749347517,4.514,4.11,4.95,False
002134.SZ,2024-10-28,fb4050e985b18de0f2a0cceed1c174fb85d3215bbf34d2814c00b02973628b44,ENTRY_A_PULLBACK_TO_MA5_V1,NORMAL_CLOSE_INTENT,FALSE,93.07741748826068510793936870,18.092,17.6,19.72,False
002141.SZ,2026-06-23,717a97ec3cd885e8e3a0fcbdd55732b8fe73762c76fa05fb282c4e3ebb291576,ENTRY_A_PULLBACK_TO_MA5_V1,LIMIT_UP_CLOSE_BOARD_INTENT,TRUE,72.71055023138398196416768943,4.466,4.37,4.95,False
002148.SZ,2025-08-11,402e7dfbf18231a9d7e192cfbc50648ec65e848079f4563bac0edb4057a3fbce,ENTRY_A_PULLBACK_TO_MA5_V1,LIMIT_UP_CLOSE_BOARD_INTENT,TRUE,75.73235816063368878214901731,9.648,8.52,10.41,False
002155.SZ,2026-02-03,5a02f197047c808a4303dd454d2c50eb980b9143fbbf009267d412a156001468,ENTRY_A_PULLBACK_TO_MA5_V1,LIMIT_UP_CLOSE_BOARD_INTENT,TRUE,77.38766412369405166023931519,34.23,34.13,36.63,False
002156.SZ,2024-11-06,ccbc9cfdad8ce64f87cf2750f51c1260dfc5800067f709df0a75ae224ab48948,ENTRY_A_PULLBACK_TO_MA5_V1,LIMIT_UP_CLOSE_BOARD_INTENT,TRUE,83.70439942128273922006175106,30.348,30.29,34.73,False
002158.SZ,2025-08-26,8d255b895442643e4b8af758566c6fac4b2b043aa68ea16f9bd47f6a9ddc83d9,ENTRY_B_RSI_RECROSS_70_V1,LIMIT_UP_CLOSE_BOARD_INTENT,TRUE,73.49740948474301672217555507,24.416,23.16,25.74,False
002163.SZ,2025-12-31,f9d541265c858c44f1bd23632fde4294143a0fd4517b5e2fc60d8de12fc8c74b,ENTRY_B_RSI_RECROSS_70_V1,NORMAL_CLOSE_INTENT,FALSE,70.66872159806440813922518988,22.808,22.08,23.84,False
002165.SZ,2025-04-28,afb31bd8e50261106b6f64ce9fb3833019c427e60dd023ea163999f06ae3cc72,ENTRY_B_RSI_RECROSS_70_V1,NORMAL_CLOSE_INTENT,FALSE,70.93652860928307751228220405,12.24,10.71,12.05,False
002167.SZ,2026-06-26,cdfa269bf853f5a7857f5266eb0ca6a4141363fa45a256d880a19d6f7a7bc1e1,ENTRY_A_PULLBACK_TO_MA5_V1,NORMAL_CLOSE_INTENT,FALSE,75.36294516196239303944949133,20.608,20.49,21.56,False
002175.SZ,2024-12-02,6c476d7160599749cecc51e57b2547395ef9cfd86c45946ffa61170224d27b72,ENTRY_A_PULLBACK_TO_MA5_V1,NORMAL_CLOSE_INTENT,FALSE,73.18877485966135411994931601,4.594,4.12,4.62,False
002177.SZ,2025-06-09,99c592c7e3655dadb12c3350ab167e2093bde288cfb88b73687e7c183ae0c103,ENTRY_A_PULLBACK_TO_MA5_V1,NORMAL_CLOSE_INTENT,FALSE,84.29287709296529705336683048,7.764,7.42,8.22,False
002177.SZ,2025-08-26,ec7d9fe22881c70eecf6fd17fff092c2a0b589d28bbfb348b171ab771f3042ee,ENTRY_A_PULLBACK_TO_MA5_V1,NORMAL_CLOSE_INTENT,FALSE,73.66505615428670048562103644,9.25,8.94,9.33,False
002177.SZ,2026-01-06,a79c3cfe1a596d29b5ac12cbf658c1ad5f78c4b630f3776ca38e7f2da291f254,ENTRY_A_PULLBACK_TO_MA5_V1,LIMIT_UP_CLOSE_BOARD_INTENT,TRUE,72.90589055438940003201909517,8.766,8.21,9.48,False
002178.SZ,2024-11-04,09c26d88efc84feced7b66e920bd3d2937c7c1fb2f2b0a061e51e79ca96e438b,ENTRY_A_PULLBACK_TO_MA5_V1,LIMIT_UP_CLOSE_BOARD_INTENT,TRUE,72.76692547799890245315109392,6.79,5.95,7.27,False
002184.SZ,2025-01-06,e6bb440ad35a496f6e6d8740826f458b687e03bdd2d2caf9a8cba097b448f97c,ENTRY_A_PULLBACK_TO_MA5_V1,LIMIT_UP_CLOSE_BOARD_INTENT,TRUE,77.24282107996034946844118573,12.968,12.88,15.55,False
002190.SZ,2025-08-27,566dfe0660f8639cb30113c62a54e4397d159b9ded2bd4d5b399825eed421bc3,ENTRY_A_PULLBACK_TO_MA5_V1,NORMAL_CLOSE_INTENT,FALSE,70.36021752963803438533573400,50.78,50.4,51.1,False
002193.SZ,2024-12-05,ce1812dd0760cba289683d36bf059d2ba06d81da306578261192177c528b7199,ENTRY_A_PULLBACK_TO_MA5_V1,NORMAL_CLOSE_INTENT,FALSE,86.94784675471907756666940030,7.012,7.01,7.9,False
002195.SZ,2024-12-09,889b8724cb8c0d29a067168fe6cdfdd14bea73a910d054101a4da965e075df01,ENTRY_A_PULLBACK_TO_MA5_V1,NORMAL_CLOSE_INTENT,FALSE,86.67945682251438111545607887,5.14,4.91,5.49,False
002196.SZ,2025-03-14,0ace4c83827ba29a6686ccf7e8b1a18b0e5fb1932cfb92210ad1a24cab8d310b,ENTRY_A_PULLBACK_TO_MA5_V1,NORMAL_CLOSE_INTENT,FALSE,88.07538219799988703115096575,9.978,9.56,10.83,False
002199.SZ,2024-10-28,c3347639327ebc9a3279bcdd0b467df102c35e75c906cd69db19cbbac6507dd0,ENTRY_B_RSI_RECROSS_70_V1,NORMAL_CLOSE_INTENT,FALSE,70.76761739522166671495586648,10.036,10.0,10.61,False
002201.SZ,2025-12-30,3062fdfda44dec6fd708a80b1bd640057ce28028e232184dcfef378c14e2fc9d,ENTRY_B_RSI_RECROSS_70_V1,NORMAL_CLOSE_INTENT,FALSE,72.47150504503774527612529380,11.442,10.1,11.94,False
002202.SZ,2026-01-14,d291aa5107ec7ff23a537d83e06df14fa493d67b290e5437a93e496c652fc93b,ENTRY_A_PULLBACK_TO_MA5_V1,NORMAL_CLOSE_INTENT,FALSE,81.51503069404695121676993448,32.688,32.63,33.38,False
002208.SZ,2025-10-17,e2a714ac1ad633d25b99f9f4a229f2ef07e07170018ea7380d5e8eac92fdbfef,ENTRY_A_PULLBACK_TO_MA5_V1,LIMIT_UP_CLOSE_BOARD_INTENT,TRUE,88.12806592534728780796322143,11.362,11.3,12.99,False
002217.SZ,2025-09-01,9a41706726e8e6e1ae309be07c5bd548bb8aa4e4a5330d998698bbda2e24ea21,ENTRY_B_RSI_RECROSS_70_V1,LIMIT_UP_CLOSE_BOARD_INTENT,TRUE,73.99194614338403105660751048,3.778,3.43,3.86,False
002232.SZ,2024-08-02,c1fce5786c0204eda214ced8df2d02005160f69ae687b4ac862974a3c8cbecd3,ENTRY_A_PULLBACK_TO_MA5_V1,NORMAL_CLOSE_INTENT,FALSE,83.54200693422961908104306501,23.826,21.49,25.16,False
002235.SZ,2025-12-15,dbb923604528552a2fc07900c7de2b9999761897160830b5fc6c33eecb958f7e,ENTRY_A_PULLBACK_TO_MA5_V1,NORMAL_CLOSE_INTENT,FALSE,77.10087102788190046672218343,12.61,12.25,13.0,False
002247.SZ,2024-11-11,7add4e6e8fa5fb4c4bc4893789a462c01883dedf73e3025bbc73acd6c44f3ae4,ENTRY_A_PULLBACK_TO_MA5_V1,LIMIT_UP_CLOSE_BOARD_INTENT,TRUE,76.93986849559819086202012240,3.36,3.04,3.53,False
002248.SZ,2024-10-30,1d4a67484bf01653c6dc5dd5f9f37a0950823f9b70581ae8bab180496cf87b92,ENTRY_A_PULLBACK_TO_MA5_V1,NORMAL_CLOSE_INTENT,FALSE,79.19847932308434127374195730,10.08,10.05,10.41,False
002251.SZ,2025-04-29,fe0ea5742f8b15da7047c5efe3e136eed8fc532937525b44ed3933b4073d597f,ENTRY_A_PULLBACK_TO_MA5_V1,NORMAL_CLOSE_INTENT,FALSE,77.44051037286135362580702502,6.754,6.08,6.89,False
002253.SZ,2024-11-06,354bb28b78828d1877ec69dabb4070b872528968dd6c7244ca475c01316a9a0f,ENTRY_B_RSI_RECROSS_70_V1,LIMIT_UP_CLOSE_BOARD_INTENT,TRUE,71.72759659244612112302944147,22.046,20.2,23.42,False
002254.SZ,2026-06-11,6e5f5882ac220b5243e8a4931f93f9e960cd99247fc0c5fe3eb35bb11c2dc112,ENTRY_A_PULLBACK_TO_MA5_V1,LIMIT_UP_CLOSE_BOARD_INTENT,TRUE,70.21405411359519083085570256,17.504,17.2,18.92,False
002255.SZ,2025-11-11,7a6a5e361d6960538eb39afedb24638b3e28198ef0fcd5c9db0582df70d7d8e7,ENTRY_A_PULLBACK_TO_MA5_V1,NORMAL_CLOSE_INTENT,FALSE,75.20357845683988187084481728,13.598,13.4,13.8,False
002261.SZ,2025-02-18,6fcca1fdfda2196c9bcc8b5b715b7a2db91e16b938ebd2834ed9a0cc6530c185,ENTRY_A_PULLBACK_TO_MA5_V1,NORMAL_CLOSE_INTENT,FALSE,83.14014430231401109559336032,31.888,31.21,34.35,False
002263.SZ,2025-07-02,1a881abd06b0bd1613ac2395890d3685a21260584e0e6621dc593d992afd7bf8,ENTRY_A_PULLBACK_TO_MA5_V1,NORMAL_CLOSE_INTENT,FALSE,75.99478723737576283135945810,3.884,3.83,3.92,False
002272.SZ,2024-10-23,de26635567cf33554870059054b3fce27d10550f97b4e260e9ad3caab835d107,ENTRY_A_PULLBACK_TO_MA5_V1,LIMIT_UP_CLOSE_BOARD_INTENT,TRUE,89.72212156637016489883854411,8.748,8.68,10.49,False
002272.SZ,2024-10-30,7b66938b692066a3f4e28616aa605e93ef8abf077a015bd5c5e335fca20a8c82,ENTRY_A_PULLBACK_TO_MA5_V1,LIMIT_UP_CLOSE_BOARD_INTENT,TRUE,91.24788793065579694931722265,13.35,13.3,14.96,False
002276.SZ,2025-03-04,1647c9137ba61ae6e04a728edb4a9a064d33637ff3a5778ba5f153397a950a94,ENTRY_A_PULLBACK_TO_MA5_V1,LIMIT_UP_CLOSE_BOARD_INTENT,TRUE,83.74608360599254904655774504,13.62,13.5,15.07,False
002278.SZ,2025-03-25,80d9aca986f10a6b5ac99ddba21dd3623b327bd6eb9fb2e3fc5de1ce12d3a13a,ENTRY_A_PULLBACK_TO_MA5_V1,NORMAL_CLOSE_INTENT,FALSE,84.64479515490753996545590479,10.514,9.75,11.09,False
002278.SZ,2025-10-27,e3a9219b420668f769835dff0257b4f4920b53ddff41090e8bf9454b74ef915f,ENTRY_A_PULLBACK_TO_MA5_V1,LIMIT_UP_CLOSE_BOARD_INTENT,TRUE,86.46070039610076786192259347,13.484,13.0,15.88,False
002290.SZ,2025-02-28,88bf0bb3673db20eee536f6518214eaa15fa75160f8dc0862806ce454377bd5e,ENTRY_A_PULLBACK_TO_MA5_V1,NORMAL_CLOSE_INTENT,FALSE,72.69405110348877582455554658,24.654,24.51,24.8,False
002295.SZ,2025-09-30,5caac2e574c634d39bdc10248561d7c1fc5b7cc2907d26f28ab9fef56d09b1df,ENTRY_A_PULLBACK_TO_MA5_V1,LIMIT_UP_CLOSE_BOARD_INTENT,TRUE,72.17650717225136468774770533,13.756,13.16,14.75,False
002300.SZ,2025-12-09,fec1464f3e3df19a603ee487a2b878f758a6553348065c463aff6985ba156ea0,ENTRY_A_PULLBACK_TO_MA5_V1,NORMAL_CLOSE_INTENT,FALSE,71.31051840814618561176083064,9.724,9.4,9.9,False
002312.SZ,2024-11-04,07810c33e9edb51e1263dc829e779e3d951bd42f281aa9240156ba9f59af4f64,ENTRY_A_PULLBACK_TO_MA5_V1,LIMIT_UP_CLOSE_BOARD_INTENT,TRUE,92.18011541992338587638494434,18.27,17.87,20.8,False
002323.SZ,2024-11-06,547051576f532bced1b89972487c37f7862b0b67adbbf6915224a431ca3a6ffc,ENTRY_A_PULLBACK_TO_MA5_V1,LIMIT_UP_CLOSE_BOARD_INTENT,TRUE,72.81511688958436087760791228,1.812,1.78,2.02,False
002324.SZ,2026-01-12,b0bc452ac2470b957906bef7ef2cf155a91b23775350b55726fffcefc4d144d9,ENTRY_A_PULLBACK_TO_MA5_V1,NORMAL_CLOSE_INTENT,FALSE,89.37869622713199753047134492,22.152,22.07,23.9,False
002342.SZ,2025-03-24,56c60900e73bd3bb3bb0f3208c4df7b3988b3bc91f848bc131a679fdf952696d,ENTRY_A_PULLBACK_TO_MA5_V1,NORMAL_CLOSE_INTENT,FALSE,91.89963026598031799707573217,5.792,5.75,6.29,False
002347.SZ,2024-12-04,edc7322975f0db5e788964f82b36adace0bc78212bc1118e5858c2e9bc24e7b9,ENTRY_A_PULLBACK_TO_MA5_V1,LIMIT_UP_CLOSE_BOARD_INTENT,TRUE,87.14179833353568305225412765,6.90,6.9,8.27,False
002347.SZ,2025-12-30,bdf05ba78c0ed1d71d57f7fdcb21936d1b0670deb61977b9c6a000b35b897ebe,ENTRY_A_PULLBACK_TO_MA5_V1,LIMIT_UP_CLOSE_BOARD_INTENT,TRUE,84.20382333095606292703630902,9.382,9.21,11.25,False
002348.SZ,2025-12-08,673de371218b3c8ec5917e8d2fcaaa427d9b460e850388f73d7063c891da4715,ENTRY_A_PULLBACK_TO_MA5_V1,NORMAL_CLOSE_INTENT,FALSE,79.25339339952702434506176809,6.096,5.93,6.77,False
002354.SZ,2024-12-13,ec9c779480df07c6d11c9976245d9619a16ac1d561d8b8501ab61bea293578a2,ENTRY_A_PULLBACK_TO_MA5_V1,LIMIT_UP_CLOSE_BOARD_INTENT,TRUE,82.66641576566309390201591427,7.646,7.05,8.5,False
002361.SZ,2025-01-07,c6a46980d70d18ce601cc5c4755c6516b4f6c5933c0404ffa0fbd2054efab804,ENTRY_B_RSI_RECROSS_70_V1,LIMIT_UP_CLOSE_BOARD_INTENT,TRUE,74.58359936931454624457445543,5.688,5.7,6.17,False
002361.SZ,2025-12-31,9e9296236093fe276504f370a228975989dc836895324b0f314e476f56aed2b9,ENTRY_A_PULLBACK_TO_MA5_V1,LIMIT_UP_CLOSE_BOARD_INTENT,TRUE,80.28520312534659961402608572,13.402,12.25,14.34,False
002364.SZ,2025-01-10,71d525783904b64ef97262c6b2a2fe48cd902f9caded1284368e1d5b1b42e584,ENTRY_A_PULLBACK_TO_MA5_V1,NORMAL_CLOSE_INTENT,FALSE,70.80377969137378280279843217,13.974,12.75,14.04,False
002364.SZ,2026-04-20,6b9370f9aa20268dfab52a2f4b6a8b743fce447feec55ce9c401cd02373ed7ec,ENTRY_B_RSI_RECROSS_70_V1,NORMAL_CLOSE_INTENT,FALSE,71.54570130282244888372356031,42.66,40.41,43.7,False
002369.SZ,2025-02-25,1cdc2adb5004b457ef0ce14f69ae1c8ac32c6455299e37cd38d86a27efe71992,ENTRY_A_PULLBACK_TO_MA5_V1,LIMIT_UP_CLOSE_BOARD_INTENT,TRUE,82.73046551667193414967250744,10.446,10.42,12.53,False
002396.SZ,2026-07-09,aadcd0597530908d0f5603e99c1ece325ac58d2cd4066bed3043d6ad8c80cb38,ENTRY_A_PULLBACK_TO_MA5_V1,NORMAL_CLOSE_INTENT,FALSE,76.46302642065102504196631099,26.73,26.45,28.96,False
002397.SZ,2025-01-08,87b60f89876a234d89c37065806913dd2539bb3ad6a397535fc36926dae3ce76,ENTRY_A_PULLBACK_TO_MA5_V1,NORMAL_CLOSE_INTENT,FALSE,70.94966865253935411535869897,3.74,3.73,4.02,False
002402.SZ,2024-11-15,659734d6f45584fff1347ad86f3e02bac99c987ce5b7910f8b4e26d75f0e183d,ENTRY_A_PULLBACK_TO_MA5_V1,NORMAL_CLOSE_INTENT,FALSE,90.72138738510376488718058658,16.984,16.91,19.4,False
002410.SZ,2024-10-16,f75dc69f66152180acb32fd32d2dd46d4f4fb89aaf2ff82d3564880e0eb6d263,ENTRY_B_RSI_RECROSS_70_V1,NORMAL_CLOSE_INTENT,FALSE,70.90473013983863569822119561,14.028,14.13,15.02,False
002412.SZ,2026-08-28,61c986df143f4db58fec1e18fd9288c88a7b662da8e3c5a4111321a2c873b9a7,ENTRY_A_PULLBACK_TO_MA5_V1,NORMAL_CLOSE_INTENT,FALSE,81.45010191366145814945367314,12.756,12.62,13.13,False
002413.SZ,2025-11-28,4e073861c8ca6edc870945f36721abd28a3e5161603426a349a60ee6c83583cc,ENTRY_A_PULLBACK_TO_MA5_V1,LIMIT_UP_CLOSE_BOARD_INTENT,TRUE,71.51814788790448546840730964,7.142,6.86,7.66,False
002418.SZ,2025-01-14,bd84cb720edac2f36e8526e15dfbcd8e5c37dc2957211070df593c4557ecae2c,ENTRY_B_RSI_RECROSS_70_V1,LIMIT_UP_CLOSE_BOARD_INTENT,TRUE,71.87005701988767081169626244,3.666,3.82,4.11,False
002418.SZ,2026-08-31,8fc92e5da5218d831f7a0f8adbab6ec3dd176768e7e9d7a76376398e4d29894d,ENTRY_A_PULLBACK_TO_MA5_V1,LIMIT_UP_CLOSE_BOARD_INTENT,TRUE,78.14076296206842332789553676,4.742,4.59,5.39,False
002421.SZ,2026-05-22,44d5c8011775a6d9184de574b557286184ab98ab0fc4ad5833a491bec842b30d,ENTRY_A_PULLBACK_TO_MA5_V1,LIMIT_UP_CLOSE_BOARD_INTENT,TRUE,76.26165845492186911424788928,4.00,3.71,4.36,False
002423.SZ,2024-10-08,a81c01376bac4da18ccef15b3047271083f98d7cd8a405fef89be8117c53cecd,ENTRY_A_PULLBACK_TO_MA5_V1,LIMIT_UP_CLOSE_BOARD_INTENT,TRUE,92.90927822800621508143621166,10.90,10.69,13.07,False
002427.SZ,2025-04-23,f0bb3c379679896ae2265c874bebac96652ac0b4fafa08211f11f65b8479bc50,ENTRY_A_PULLBACK_TO_MA5_V1,LIMIT_UP_CLOSE_BOARD_INTENT,TRUE,76.20027721144375706597100800,6.948,6.53,7.84,False
002427.SZ,2025-05-19,1e5acafd7c9305187530ce4327669590209f8132a17e795d9d2e796873e2c66a,ENTRY_A_PULLBACK_TO_MA5_V1,LIMIT_UP_CLOSE_BOARD_INTENT,TRUE,71.38288361103734199029312414,8.30,8.15,9.43,False
002428.SZ,2024-11-07,baa4dd1cb9ec1b1573338a2f0c2087e4b347a6b71de80b777ebbd97a258a536f,ENTRY_A_PULLBACK_TO_MA5_V1,LIMIT_UP_CLOSE_BOARD_INTENT,TRUE,90.37745476034550851726600560,25.396,25.2,29.6,False
002431.SZ,2025-05-26,36d0c2be6b97f801077e4b2e0801c199e2820af9fd317e3594a3dfce75ca5665,ENTRY_B_RSI_RECROSS_70_V1,LIMIT_UP_CLOSE_BOARD_INTENT,TRUE,74.51772593726132930988460477,2.684,2.35,2.87,False
002437.SZ,2026-08-20,3fa88667897cb82cc1e2ee50ed33dfc29f8bc0fadf4a94bc16272095a4ae42b5,ENTRY_B_RSI_RECROSS_70_V1,LIMIT_UP_CLOSE_BOARD_INTENT,TRUE,70.89527455767067122078228450,4.66,4.39,4.73,False
002449.SZ,2024-12-30,f11dbca305414e5f09ef38af7c6948959fffcbd147ba29584353d510deedab0e,ENTRY_B_RSI_RECROSS_70_V1,NORMAL_CLOSE_INTENT,FALSE,71.25261855009446549363791031,11.842,12.02,12.59,False
002451.SZ,2025-11-17,52cb0abbc3273e28f96efb7fe1f918849c6310ef42355dc8419870839ade24ba,ENTRY_A_PULLBACK_TO_MA5_V1,NORMAL_CLOSE_INTENT,FALSE,80.72399383802360799763890250,13.918,12.33,14.37,False
002455.SZ,2026-02-05,a84a0b7d62d050b2625c0c90d0f8076005fe69598473db59992defd7df3a4d05,ENTRY_A_PULLBACK_TO_MA5_V1,NORMAL_CLOSE_INTENT,FALSE,73.60754190832474666150413667,10.036,9.85,10.13,False
002455.SZ,2026-02-13,6d433e2c05709f3834b8c69c88bc12da54de11b63560ee434f08cfb5feb2a498,ENTRY_A_PULLBACK_TO_MA5_V1,NORMAL_CLOSE_INTENT,FALSE,77.44420497123641737118640931,13.702,13.07,13.85,False
002456.SZ,2024-11-04,85d0d86b5429e622cc06f90b4fbb1b89e0f4003b898abe48d15b8dfa32dc793a,ENTRY_A_PULLBACK_TO_MA5_V1,LIMIT_UP_CLOSE_BOARD_INTENT,TRUE,74.13368880215799251282075836,16.322,14.8,17.47,False
002467.SZ,2024-12-03,6a1b5ca4faa1603832b8a3f3ae562a8420b9a881730f67a1b81466729385dcb7,ENTRY_B_RSI_RECROSS_70_V1,LIMIT_UP_CLOSE_BOARD_INTENT,TRUE,71.86003168565542287719741732,8.166,7.04,8.23,False
002471.SZ,2025-05-12,96847f1844d100e38ccfc2de1d10f0ba7aa597b59425a207ed119f2d7130818f,ENTRY_B_RSI_RECROSS_70_V1,LIMIT_UP_CLOSE_BOARD_INTENT,TRUE,72.12661995024366206403677283,3.75,3.77,4.15,False
002474.SZ,2025-11-25,564763dcb79de1be4868af45907c8c08f624a4fe97dc21423f3fd09f3ab1686f,ENTRY_A_PULLBACK_TO_MA5_V1,LIMIT_UP_CLOSE_BOARD_INTENT,TRUE,86.07710293288305916611257798,12.046,11.51,13.71,False
002482.SZ,2024-12-04,616d07c795ce7b4abd3ab0fecab775f57271c6b9810edfd62724f179b2363555,ENTRY_A_PULLBACK_TO_MA5_V1,LIMIT_UP_CLOSE_BOARD_INTENT,TRUE,85.79387294240734449114927446,2.522,2.49,3.03,False
002498.SZ,2026-03-05,449c096b28f1df751c3245e96d1a0776d54603d90ff3c1ee236c5f020e093f14,ENTRY_B_RSI_RECROSS_70_V1,LIMIT_UP_CLOSE_BOARD_INTENT,TRUE,73.55367223897568005024823445,8.142,8.9,8.94,False
002512.SZ,2025-10-30,2027be48bff1c9b34b7cd475ef00188b48920ded604e9580970e0976432fc5e6,ENTRY_A_PULLBACK_TO_MA5_V1,NORMAL_CLOSE_INTENT,FALSE,73.33170291568581576164491721,5.012,4.7,5.1,False
002514.SZ,2024-10-30,0ec45f387a45039f33fd9e169781c842f8df76bb06c7b604ae5cee621732187c,ENTRY_A_PULLBACK_TO_MA5_V1,NORMAL_CLOSE_INTENT,FALSE,86.20623297568695843482921797,8.302,8.17,9.32,False
002519.SZ,2026-01-14,6585ebc9a9222fa765c4ffb1932c5550e84dd75cc80252983b4436d73d6d35ae,ENTRY_A_PULLBACK_TO_MA5_V1,LIMIT_UP_CLOSE_BOARD_INTENT,TRUE,77.76307408964436928437226904,10.652,10.39,11.46,False
002522.SZ,2025-02-27,30d9d6c5d433b4321c7a390d332f3e013af81a5c76ca7e4e2d26f57b5fb5bbc2,ENTRY_A_PULLBACK_TO_MA5_V1,NORMAL_CLOSE_INTENT,FALSE,73.54690123095652108097726295,6.07,6.02,6.07,False
002523.SZ,2024-12-13,621f235cbf2dcaf7ddd6c226844948a761ea51535a6b5f6dd2adf1a7a6bfc092,ENTRY_B_RSI_RECROSS_70_V1,LIMIT_UP_CLOSE_BOARD_INTENT,TRUE,71.33165965423889990240855030,4.356,4.07,4.53,False
002526.SZ,2024-12-10,b9cbc79466d3eff4540e84f54e0311590c26afe21c1e3af747c1674e6f546be9,ENTRY_A_PULLBACK_TO_MA5_V1,NORMAL_CLOSE_INTENT,FALSE,78.40140350910438125095426043,5.352,4.71,5.64,False
002527.SZ,2025-02-27,b0bbeea0d8b895c5936ad59730af1fd3f8401d11a81df111c1187d3aa4d91f13,ENTRY_A_PULLBACK_TO_MA5_V1,NORMAL_CLOSE_INTENT,FALSE,86.44707201889315407735557400,17.866,17.58,18.9,False
002529.SZ,2024-10-30,898e283927a20fa02113d485d5b6445cc62bea1a4c83ca039a62952b978ad59d,ENTRY_A_PULLBACK_TO_MA5_V1,NORMAL_CLOSE_INTENT,FALSE,76.73250092615559989248991213,9.414,9.21,9.7,False
002536.SZ,2025-08-20,5b5901065a78a0f7632ab9a90d8a7c1e0404a873b774e84271eb651eb2a2b41a,ENTRY_A_PULLBACK_TO_MA5_V1,NORMAL_CLOSE_INTENT,FALSE,88.71435588916699335906990542,30.80,29.73,32.12,False
002542.SZ,2024-10-24,4eafc0516acdb705eea5deba8d7e01a5bce33404064cfb69678e66fc74776070,ENTRY_A_PULLBACK_TO_MA5_V1,LIMIT_UP_CLOSE_BOARD_INTENT,TRUE,75.31891202778344023983410793,2.382,2.32,2.63,False
002542.SZ,2024-11-04,24247b5f74f8e97da240300ff70a458928cd9b01819ccbd51a6746b818afb150,ENTRY_A_PULLBACK_TO_MA5_V1,LIMIT_UP_CLOSE_BOARD_INTENT,TRUE,92.47844208261210153087041025,4.276,4.19,5.13,False
002547.SZ,2024-11-13,69a35e8ea979c4d878752ffe3356297df66def62413fafb7cb025230a2f3cdb4,ENTRY_A_PULLBACK_TO_MA5_V1,NORMAL_CLOSE_INTENT,FALSE,70.81206885074976462318528878,4.988,4.95,5.03,False
002549.SZ,2025-04-07,2d0a4d2d106742ad4f499d820ab88272c24269a8c94a16d4842f2406475410d9,ENTRY_A_PULLBACK_TO_MA5_V1,LIMIT_UP_CLOSE_BOARD_INTENT,TRUE,91.82235535862668155882441788,9.776,9.1,11.12,False
002552.SZ,2026-05-18,50bf5dbe12e81d4a92c9041732cfb04a16224a75bf54e986f5a9a90e901b4438,ENTRY_A_PULLBACK_TO_MA5_V1,LIMIT_UP_CLOSE_BOARD_INTENT,TRUE,79.07047938440300425156901765,33.918,32.45,35.34,False
002552.SZ,2026-06-01,b189b43d265ab319bc3a055572429485d477cbe2dc4f6c66a3dac8d733941853,ENTRY_A_PULLBACK_TO_MA5_V1,NORMAL_CLOSE_INTENT,FALSE,88.38286585389847663244541961,53.984,51.93,57.93,False
002553.SZ,2025-03-25,584916b8e379a7081e1ea7068cabd3e237930e4035171e7127503427246a1842,ENTRY_B_RSI_RECROSS_70_V1,LIMIT_UP_CLOSE_BOARD_INTENT,TRUE,73.79028608553902631122794805,23.732,22.2,25.4,False
002565.SZ,2025-12-11,34f0881a333a03bf450a6a5272c346c88ee326e54b83cfbcc2f5e190eb5d022a,ENTRY_A_PULLBACK_TO_MA5_V1,NORMAL_CLOSE_INTENT,FALSE,91.55910131526690669492848882,13.232,12.55,14.5,False
002570.SZ,2025-04-16,3329b809b4dae417fc7af459d4e069f2f69dc72b4519e3f23cdeaf77a740da72,ENTRY_B_RSI_RECROSS_70_V1,LIMIT_UP_CLOSE_BOARD_INTENT,TRUE,74.04792480139732975637335998,6.78,6.4,7.3,False
002574.SZ,2025-03-18,07100232e3064a06645931b92b3f6199160ea046c53017d7d74e5f2fa9ff9f51,ENTRY_A_PULLBACK_TO_MA5_V1,LIMIT_UP_CLOSE_BOARD_INTENT,TRUE,94.74166300267926096971651490,7.228,7.2,8.67,False
002579.SZ,2025-06-27,81fa86b95709344f42cf90b1b84a9abbfc5e8f5174ec098ecb589236b4868914,ENTRY_A_PULLBACK_TO_MA5_V1,LIMIT_UP_CLOSE_BOARD_INTENT,TRUE,84.17656047017329563608983361,12.472,11.86,13.77,False
002579.SZ,2026-06-04,123df5745a3777eb2b96ba014486d7125abd790993b295d1a50b5d61aeebb1a5,ENTRY_A_PULLBACK_TO_MA5_V1,NORMAL_CLOSE_INTENT,FALSE,73.84531295845768918044347786,19.368,18.71,20.61,False
002580.SZ,2025-03-04,297866f5568d3deb5a6c5e5f534f27053e0fe917854c0f453d919b785cd39f86,ENTRY_B_RSI_RECROSS_70_V1,NORMAL_CLOSE_INTENT,FALSE,71.48230689917708881739711037,14.512,12.95,14.3,False
002583.SZ,2024-10-14,1ec4fa748499a662c4a798953008d24cc96d264d5d0f746d2800e917acdcb161,ENTRY_A_PULLBACK_TO_MA5_V1,NORMAL_CLOSE_INTENT,FALSE,83.72088238273901543270082442,8.018,7.6,8.76,False
002583.SZ,2024-11-06,1fa5efd311e08768967c461f9c3a871b87302beb489c6c2b48600b70c71e81ff,ENTRY_B_RSI_RECROSS_70_V1,NORMAL_CLOSE_INTENT,FALSE,71.19002456498837991294182173,24.394,21.5,23.23,False
002593.SZ,2024-12-04,18b1fede82b0724f94a1ebb89fbc09051a804973a2aa29ce53ccff8d51f15f28,ENTRY_A_PULLBACK_TO_MA5_V1,LIMIT_UP_CLOSE_BOARD_INTENT,TRUE,81.23848336880648779956458384,4.654,4.55,5.13,False
002599.SZ,2025-02-26,6a6548f3a63b699fd6ca3d5ea18182030252bceb8fb86ba7262dd41b24dbe03a,ENTRY_A_PULLBACK_TO_MA5_V1,NORMAL_CLOSE_INTENT,FALSE,76.73015457255177153906889619,12.694,12.58,13.62,False
002623.SZ,2025-07-08,1be9a7d9dcf8b6aac3d3863c84795066512488741c8782d978f8684b531d7c66,ENTRY_A_PULLBACK_TO_MA5_V1,LIMIT_UP_CLOSE_BOARD_INTENT,TRUE,91.76054713968221758414387899,20.762,20.14,24.62,False
002632.SZ,2025-12-08,9ffa868ff70fbef875b45ee06aa68b140e3ed08cdafa6aafbbaecc393e8f0496,ENTRY_B_RSI_RECROSS_70_V1,NORMAL_CLOSE_INTENT,FALSE,71.95261352752077456392115645,15.436,14.53,15.67,False
002633.SZ,2024-10-30,d236a1016029d73b10b44a3e61952fb575cc627054efc191604ce34b6aebf5b7,ENTRY_A_PULLBACK_TO_MA5_V1,LIMIT_UP_CLOSE_BOARD_INTENT,TRUE,86.82803601103128911337937750,10.734,10.53,12.87,False
002634.SZ,2024-10-30,6ce2982e9c8f79d668222c122fd4a790f2d5d9dc1d5de528da28a507a15fd7ab,ENTRY_A_PULLBACK_TO_MA5_V1,LIMIT_UP_CLOSE_BOARD_INTENT,TRUE,73.68748711314645723691856762,4.144,4.03,4.52,False
002640.SZ,2024-09-12,ea08d5f5b608415dc524dd18f8e01c1b285a1f1c8f8899cbde882c5431168dca,ENTRY_B_RSI_RECROSS_70_V1,LIMIT_UP_CLOSE_BOARD_INTENT,TRUE,71.40943398418248955697700581,1.988,1.89,2.13,False
002640.SZ,2024-10-15,133dc1178d485ffc4f89230aaafcdd7d80d6723edcaed79849645b7d1815d88c,ENTRY_B_RSI_RECROSS_70_V1,LIMIT_UP_CLOSE_BOARD_INTENT,TRUE,71.44327245297852301808863061,2.724,2.75,3.12,False
002640.SZ,2024-12-04,85e920453acaaabd259c7dca68a093f7921e5edc90aedc43ca45be3610845645,ENTRY_A_PULLBACK_TO_MA5_V1,LIMIT_UP_CLOSE_BOARD_INTENT,TRUE,84.54424533231027380912344892,5.174,5.1,6.2,False
002645.SZ,2025-07-18,b7318dec467532dc5b184ec66f960584050b25fef2c3f6877fa473dc57feb336,ENTRY_A_PULLBACK_TO_MA5_V1,LIMIT_UP_CLOSE_BOARD_INTENT,TRUE,79.94585721396395972670221689,13.086,12.95,14.33,False
002657.SZ,2024-11-20,1b760301451e4c9411821fb4a6e3f711486e820a410578e966cad1ea1cb062da,ENTRY_B_RSI_RECROSS_70_V1,LIMIT_UP_CLOSE_BOARD_INTENT,TRUE,72.60154434331938979012339889,25.988,22.76,27.81,False
002670.SZ,2024-12-13,376afb5445d4455a47e152da377457381aaa6511484730d287601a2949e6fd53,ENTRY_A_PULLBACK_TO_MA5_V1,LIMIT_UP_CLOSE_BOARD_INTENT,TRUE,86.89802906811485523863254706,15.962,15.66,19.14,False
002676.SZ,2024-10-31,fd32ee85da72849166a64a682a10ea1a0da6280c8bbb161d64ea56e9ee14a693,ENTRY_A_PULLBACK_TO_MA5_V1,NORMAL_CLOSE_INTENT,FALSE,81.59463265387690682020614456,6.462,6.44,6.98,False
002682.SZ,2025-12-12,7377c2e3d195c054959a666397d4c3037c716e6530491fb65c5ab1ec00099650,ENTRY_A_PULLBACK_TO_MA5_V1,LIMIT_UP_CLOSE_BOARD_INTENT,TRUE,78.23387592039892797838154592,9.882,9.26,10.85,False
002691.SZ,2025-01-22,c5e6b56e19f0a3100fac16705dbac6d1a3cceb5410931bfee710e2a6fc3ce48f,ENTRY_A_PULLBACK_TO_MA5_V1,LIMIT_UP_CLOSE_BOARD_INTENT,TRUE,84.27472762348992796718596799,7.62,7.51,9.14,False
002691.SZ,2025-02-11,16ea414951fe1cf7e06cb00cc73a2ed26ebeeb70268d8d879142e9cf58880f5a,ENTRY_A_PULLBACK_TO_MA5_V1,LIMIT_UP_CLOSE_BOARD_INTENT,TRUE,73.95922413701808388876738885,10.418,9.53,11.35,False
002693.SZ,2024-10-17,63edf04a5188c893bec2961189c717139f7f8c680a8e40d37ae8aaa300b04d97,ENTRY_A_PULLBACK_TO_MA5_V1,LIMIT_UP_CLOSE_BOARD_INTENT,TRUE,82.61850477003919602633877530,19.578,19.21,23.47,False
002693.SZ,2024-10-28,8330ca6d3fc80f10908b46d697ae5571040a252c4056658ec3bfffb232998b9b,ENTRY_A_PULLBACK_TO_MA5_V1,LIMIT_UP_CLOSE_BOARD_INTENT,TRUE,84.07312953301577362023341021,32.346,32.0,37.42,False
002702.SZ,2025-12-05,283dfdc259d144e809590a734ff5cb7c75583184f29505b6d3d3559e51e9de6e,ENTRY_A_PULLBACK_TO_MA5_V1,LIMIT_UP_CLOSE_BOARD_INTENT,TRUE,76.69620186548605038411953216,8.918,8.15,9.55,False
002713.SZ,2024-10-30,ee4de480b9a57c716a235b8d4c2379a01c86a61c2a1c8a0812c8d92eec1ab69f,ENTRY_A_PULLBACK_TO_MA5_V1,NORMAL_CLOSE_INTENT,FALSE,74.65231075961779640363168517,4.728,4.61,4.81,False
002716.SZ,2026-01-29,0014060c0c3bbb8cb667acc8b75a25320e71a6ff579499f05c8e72506e5020cd,ENTRY_A_PULLBACK_TO_MA5_V1,NORMAL_CLOSE_INTENT,FALSE,92.97361689821094860839968585,18.542,17.91,21.15,False
002724.SZ,2025-03-20,152c3f71b4d0e73cabd6437b6da0843babb164a0c15102420323ebdd70be5740,ENTRY_A_PULLBACK_TO_MA5_V1,LIMIT_UP_CLOSE_BOARD_INTENT,TRUE,88.55475024211111563671755027,7.082,6.85,8.02,False
002730.SZ,2024-12-26,abf13e3a1fb7ecfe8e76f0086d338a06ff089eab6cc7219528c86c64c6ab6aaf,ENTRY_A_PULLBACK_TO_MA5_V1,LIMIT_UP_CLOSE_BOARD_INTENT,TRUE,87.75060334881088221558605131,10.88,10.67,13.05,False
002735.SZ,2025-05-23,246101c59e8d2e668fa357141c469ffda3da1b5fd74f28e48190d727726b5b46,ENTRY_A_PULLBACK_TO_MA5_V1,LIMIT_UP_CLOSE_BOARD_INTENT,TRUE,90.09750996504720044236620862,16.20,16.2,18.96,False
002757.SZ,2024-11-20,4e6af7dbb0b77279d37fec03b2f3b950644cead40929c7007fff7f9ce2cd73f0,ENTRY_A_PULLBACK_TO_MA5_V1,LIMIT_UP_CLOSE_BOARD_INTENT,TRUE,87.14492242546505697423611916,17.726,17.0,20.45,False
002757.SZ,2026-01-08,e148b09bb773dd8a44781edbf4f3def4bed73452a52584a7be228dde721e734f,ENTRY_A_PULLBACK_TO_MA5_V1,LIMIT_UP_CLOSE_BOARD_INTENT,TRUE,75.84687874620864197346089258,21.966,21.77,23.77,False
002759.SZ,2025-09-12,ce1a71c4440a22533e3c3e60465add652ae2af889f2e4f0fa2697748b0afc63a,ENTRY_A_PULLBACK_TO_MA5_V1,NORMAL_CLOSE_INTENT,FALSE,92.37474712937160756872320677,17.064,16.02,17.89,False
002759.SZ,2025-10-13,a2e708bd776ed4934f8eff84c8fb8922c337933907234ca23c39b71179afee87,ENTRY_B_RSI_RECROSS_70_V1,LIMIT_UP_CLOSE_BOARD_INTENT,TRUE,74.01252467809679600981438963,20.616,20.39,22.91,False
002774.SZ,2026-01-08,3a0eeecbf0c74b328109f1fbe8439b557e36da61b4d1c267ee089ea96c866103,ENTRY_A_PULLBACK_TO_MA5_V1,LIMIT_UP_CLOSE_BOARD_INTENT,TRUE,83.33776109974975234905721963,11.332,11.29,13.59,False
002788.SZ,2025-12-25,c2cdc7f029a4caba8cb1292771d445c2f2cb91d1177b61e18816a717bb142aaf,ENTRY_A_PULLBACK_TO_MA5_V1,NORMAL_CLOSE_INTENT,FALSE,89.81317291851244036549433344,18.064,18.01,20.06,False
002789.SZ,2025-03-21,a6af819cf659b4a17292fb28d7d0870ef7b2dff7adce62bc85c889f921964139,ENTRY_A_PULLBACK_TO_MA5_V1,LIMIT_UP_CLOSE_BOARD_INTENT,TRUE,73.99794219459481629764419716,9.35,8.79,10.4,False
002792.SZ,2025-12-05,6d97b0d3bda1752345e332876f457be9a97e9d4b99f2169164c14daddad0545e,ENTRY_A_PULLBACK_TO_MA5_V1,NORMAL_CLOSE_INTENT,FALSE,80.60412377450657353192518963,28.12,27.32,29.47,False
002809.SZ,2025-04-22,469411b4ddb079d17b8f3722b78a0118e16baff07e3f8488545d596e469fc6f9,ENTRY_A_PULLBACK_TO_MA5_V1,LIMIT_UP_CLOSE_BOARD_INTENT,TRUE,79.34920586383980409161212065,9.668,9.53,11.59,False
002809.SZ,2025-05-16,ec9a00b4ea036f9d58b457a21f5d3af1406b6285f14971f1cef889c2e6170c04,ENTRY_A_PULLBACK_TO_MA5_V1,LIMIT_UP_CLOSE_BOARD_INTENT,TRUE,77.94870928090315589014512187,16.848,15.7,18.39,False
002811.SZ,2025-05-23,7330310f272e9fa410679e8bfb5fd96b9418820f2cc817abcea616696159a922,ENTRY_A_PULLBACK_TO_MA5_V1,NORMAL_CLOSE_INTENT,FALSE,75.24848295958644631221659464,13.784,12.94,13.8,False
002820.SZ,2024-12-04,d06ca5ef33be1a30af1729de34851c5ba34320b154de9e040db80de3d0ff886c,ENTRY_A_PULLBACK_TO_MA5_V1,LIMIT_UP_CLOSE_BOARD_INTENT,TRUE,96.41154405185218929194787993,17.63,17.3,21.14,False
002826.SZ,2025-06-16,2bf3b2123c7f6e1221f7dddd5fa998d6e750bfffbe2a170e3412c51b8b5d43df,ENTRY_A_PULLBACK_TO_MA5_V1,NORMAL_CLOSE_INTENT,FALSE,86.05809149721298222890902038,22.152,22.12,23.4,False
002828.SZ,2025-06-23,b63d1a4905e186677af67dc07e97b11b6d2d86171eec3ac506edb5ed0a524efd,ENTRY_B_RSI_RECROSS_70_V1,NORMAL_CLOSE_INTENT,FALSE,73.61465491431895867780996815,12.864,12.41,13.07,False
002830.SZ,2026-02-06,29c2aabf9f3190de2b6221086c8f43ddc1d0a22ba6d2f6f0a2e3d79be0d57f5a,ENTRY_B_RSI_RECROSS_70_V1,LIMIT_UP_CLOSE_BOARD_INTENT,TRUE,74.01687675001681177509549095,28.636,25.07,30.65,False
002846.SZ,2025-06-30,29bccc2dfd4677e27c062cefc75324be440e2fa5f765a964e0834e22fbba4cfa,ENTRY_A_PULLBACK_TO_MA5_V1,NORMAL_CLOSE_INTENT,FALSE,83.44240342694173773804376080,18.586,18.5,19.96,False
002851.SZ,2024-10-28,010ca25eaa985d1c3757b576b9aff4d5e816870b374f9137d26ddb059df2752d,ENTRY_A_PULLBACK_TO_MA5_V1,NORMAL_CLOSE_INTENT,FALSE,86.28133912961429465992380900,45.288,43.4,48.06,False
002853.SZ,2025-12-22,73585190467c975190da48b897af9adca9208d7dcef8e0c21c6ccda93cafba62,ENTRY_A_PULLBACK_TO_MA5_V1,NORMAL_CLOSE_INTENT,FALSE,94.24910345016370870312610775,21.188,21.17,24.31,False
002855.SZ,2026-09-04,b128c7a793ee2d73529a115615f51f81ff39b0ece7a911cc702310e8cae5f45e,ENTRY_A_PULLBACK_TO_MA5_V1,NORMAL_CLOSE_INTENT,FALSE,77.29278745022942036008831165,17.576,16.56,17.95,False
002883.SZ,2025-07-24,b5271f2bc01a1086e1731d3e806f6f51139f727aab58cb2f5d9172e39ad4308d,ENTRY_A_PULLBACK_TO_MA5_V1,LIMIT_UP_CLOSE_BOARD_INTENT,TRUE,90.36230248414002270798159859,13.998,13.73,16.79,False
002892.SZ,2024-11-12,10c4355a94632b61d11781a5104e9f27e0b8f4749f6d969e4b583ba98811b3b3,ENTRY_A_PULLBACK_TO_MA5_V1,NORMAL_CLOSE_INTENT,FALSE,74.44169745515371260921449350,17.122,16.33,17.21,False
002900.SZ,2025-04-08,4376652064724acac54ef60604f8e290117de4f08108fab6466e4c7f59c476c2,ENTRY_A_PULLBACK_TO_MA5_V1,LIMIT_UP_CLOSE_BOARD_INTENT,TRUE,88.74355861099310532661461472,13.078,12.33,15.07,False
002909.SZ,2026-09-07,70e5a3c1d5b8a48676ea145e1efd286c4edc975b454cc6d20826f927d2f29efc,ENTRY_A_PULLBACK_TO_MA5_V1,LIMIT_UP_CLOSE_BOARD_INTENT,TRUE,76.25357846057554764266012962,7.41,7.24,7.93,False
002912.SZ,2024-11-04,d73e237dfc931a7585c56a52276c342d611581b3c8e440c3c6f343caae5b1b83,ENTRY_A_PULLBACK_TO_MA5_V1,NORMAL_CLOSE_INTENT,FALSE,79.82922954998762642353752347,30.712,29.09,31.45,False
002915.SZ,2025-08-11,e8628d7a621082a6ab877756351bd2f697457571a20f2d6a4e37078426bf9ca8,ENTRY_A_PULLBACK_TO_MA5_V1,LIMIT_UP_CLOSE_BOARD_INTENT,TRUE,80.39530200265963809561647140,25.71,25.66,28.83,False
002917.SZ,2025-01-22,b32c3f682d5cdd47a2b35f666e3dc13e225406c7dd58fe7350dc8ff1815d8fd9,ENTRY_A_PULLBACK_TO_MA5_V1,LIMIT_UP_CLOSE_BOARD_INTENT,TRUE,86.40705727868781444214869581,19.088,17.88,21.37,False
002929.SZ,2025-02-14,ad5f418a5a5ff969be535e0adf2778c94c2806bcfacb583d710e744942612d74,ENTRY_A_PULLBACK_TO_MA5_V1,LIMIT_UP_CLOSE_BOARD_INTENT,TRUE,88.86642137437622742865741786,46.914,45.58,55.22,False
002931.SZ,2026-02-04,27bd5522ebfacf85897dd738fd823c079b39e34a068ecc81e01e041cd692d2d1,ENTRY_A_PULLBACK_TO_MA5_V1,NORMAL_CLOSE_INTENT,FALSE,93.32726130967315969854358822,99.644,98.53,110.44,False
002939.SZ,2025-08-20,2079ad5e92879bec54d3010ea0f0013a6216665c144b4184cc9097b253e3d9b8,ENTRY_A_PULLBACK_TO_MA5_V1,NORMAL_CLOSE_INTENT,FALSE,77.43315382141171428200714349,12.574,12.44,12.8,False
002940.SZ,2025-06-16,7d45ed999fb5c833062148cbfa5b31926a48208b86a2bae1188501e834081693,ENTRY_A_PULLBACK_TO_MA5_V1,LIMIT_UP_CLOSE_BOARD_INTENT,TRUE,90.97523954825903108430127211,26.458,25.69,28.99,False
002951.SZ,2025-06-13,c246a6e679b171a779b8026ba04f14ab1e77e1f87adee34591b0d9e448925b25,ENTRY_B_RSI_RECROSS_70_V1,LIMIT_UP_CLOSE_BOARD_INTENT,TRUE,71.67035381413574968090085102,13.698,12.22,13.96,False
002971.SZ,2026-06-17,7a0017770745ae557e48e3455def25978e147f72ca04890bf89c4bebc1a3c3f6,ENTRY_A_PULLBACK_TO_MA5_V1,NORMAL_CLOSE_INTENT,FALSE,83.35727403402066185047167734,57.61,55.9,61.25,False
002990.SZ,2026-04-22,c8707467a0cace655a8f98afb29ecb57b70060f0def1e461d16fed76cac385b3,ENTRY_A_PULLBACK_TO_MA5_V1,NORMAL_CLOSE_INTENT,FALSE,74.97524748881534257091353002,47.99,44.1,48.53,False
002995.SZ,2026-02-05,d30953163bde6b7371cf5cf460c1f0c438febd2b1a41441a666feb1bb515930c,ENTRY_A_PULLBACK_TO_MA5_V1,LIMIT_UP_CLOSE_BOARD_INTENT,TRUE,77.41366383422057322906329452,35.312,33.6,36.62,False
003005.SZ,2026-09-07,e985d858fd441d8c20b8be14f5aea3ab2f9bc3ecc926e6cfafd9ba57fcc3a933,ENTRY_B_RSI_RECROSS_70_V1,NORMAL_CLOSE_INTENT,FALSE,70.87939801321980055291687645,19.274,17.5,19.18,False
003018.SZ,2026-02-11,754f381a34f8fcacc47a9b5f1ce95b704c5edaab9584206bddc2d17a5ab0cf4b,ENTRY_A_PULLBACK_TO_MA5_V1,LIMIT_UP_CLOSE_BOARD_INTENT,TRUE,71.85221570243905195068153521,21.348,20.28,23.54,False
003018.SZ,2026-04-28,e6e8ce784581cedc4073121e44ee5adf3685c706df4e41f4986cffef1ae660a1,ENTRY_A_PULLBACK_TO_MA5_V1,NORMAL_CLOSE_INTENT,FALSE,81.17789762246573642477469055,54.998,54.69,55.21,False
003020.SZ,2025-04-24,4f25326ca507dd443640adc6d050fb2070e657a61a13e17844ad0be726d647b8,ENTRY_A_PULLBACK_TO_MA5_V1,NORMAL_CLOSE_INTENT,FALSE,83.62617185957467302082488548,30.656,28.85,32.0,False
003032.SZ,2026-08-07,f6a3ffc65458dfb414a18f898c184685444ea2a159e588134eca3b7616235f5c,ENTRY_A_PULLBACK_TO_MA5_V1,NORMAL_CLOSE_INTENT,FALSE,81.46431544278695334875180207,10.906,10.8,11.5,False
003040.SZ,2026-08-31,7bfba1931c9570a093c47259fa4ca3e98834c3dc232993c1d76ebb4b784810af,ENTRY_A_PULLBACK_TO_MA5_V1,NORMAL_CLOSE_INTENT,FALSE,75.33097724550314733929680033,17.508,16.65,17.8,False
003041.SZ,2025-11-24,f475c6e26f08f4a3b67cb11a60caa4b720abebdbb5ad831ed8063f42de542cc7,ENTRY_A_PULLBACK_TO_MA5_V1,NORMAL_CLOSE_INTENT,FALSE,80.48691354461927396565027578,54.11,51.3,54.4,False
600078.SH,2025-10-16,0da7231c5469e16d178d827d20445288ee9595c3d1c55cd9c210ea3a3da6dfc8,ENTRY_A_PULLBACK_TO_MA5_V1,NORMAL_CLOSE_INTENT,FALSE,73.36839764033250978884406572,9.086,8.42,9.33,False
600103.SH,2025-09-17,c05e6c62f6088021d64826172c8960a6308f565709df2cade56e702eba361cd3,ENTRY_A_PULLBACK_TO_MA5_V1,NORMAL_CLOSE_INTENT,FALSE,84.26436008979815219467085509,4.304,4.14,4.54,False
600108.SH,2026-03-06,12dec0eab24f93284295ab38f89d7cba50b09a3b6d9d83a33043d428aae2ac13,ENTRY_A_PULLBACK_TO_MA5_V1,LIMIT_UP_CLOSE_BOARD_INTENT,TRUE,80.21398475466185343359095183,5.002,4.71,5.52,False
600110.SH,2025-06-30,9e0b2eda1206b26631f7b2e9d3f51364a28cc98a24007fcc1ea93eb416400b3c,ENTRY_A_PULLBACK_TO_MA5_V1,NORMAL_CLOSE_INTENT,FALSE,82.96872944439557139340180569,6.822,6.3,6.99,False
600113.SH,2025-06-26,ad026c1abafbe562a546bdae22222f209511bfccb8872200f54eb3d3a554ec63,ENTRY_A_PULLBACK_TO_MA5_V1,LIMIT_UP_CLOSE_BOARD_INTENT,TRUE,96.75035264025347576791383754,24.324,24.3,27.83,False
600113.SH,2025-08-25,9d31adddf3c1d9673d23b7dbeb3ef6fcc0c47f6edf0601d2f09484d78c156630,ENTRY_A_PULLBACK_TO_MA5_V1,LIMIT_UP_CLOSE_BOARD_INTENT,TRUE,82.76329152599778078832544430,51.57,50.63,54.51,False
600117.SH,2025-07-24,bbe36a3aa8e948baa95d47ee7db1cbce077b7a17392e52d3c45c9629c269de90,ENTRY_A_PULLBACK_TO_MA5_V1,LIMIT_UP_CLOSE_BOARD_INTENT,TRUE,91.52584499987003186795947873,2.876,2.87,3.45,False
600118.SH,2026-01-08,d53256ff5f18d2cf02c0d7745ea35957547f93f5446b61405feeffdd605e9bcc,ENTRY_A_PULLBACK_TO_MA5_V1,NORMAL_CLOSE_INTENT,FALSE,79.44465471005650344746135890,100.728,97.45,102.0,False
600126.SH,2025-02-14,6ea9ed6549abfc5a3b11bc18df3162c0666bcacb19dfbe27096ce16efd771b05,ENTRY_A_PULLBACK_TO_MA5_V1,LIMIT_UP_CLOSE_BOARD_INTENT,TRUE,92.01060184914999830997292329,9.292,9.23,11.14,False
600126.SH,2025-02-27,668806b563a7b49b37ab8bb57827b95d9d61f3431ab9d4a0f1913e9706d736cd,ENTRY_A_PULLBACK_TO_MA5_V1,LIMIT_UP_CLOSE_BOARD_INTENT,TRUE,78.18114237879661002443651636,12.716,12.04,14.72,False
600127.SH,2026-08-24,2c2efefe0d7b1125d33440fb5a775345bce56286f9876bfd6fef1bc4110974b0,ENTRY_A_PULLBACK_TO_MA5_V1,NORMAL_CLOSE_INTENT,FALSE,78.17743145002015061098780577,8.038,7.77,8.46,False
600151.SH,2025-12-09,2b05214f12243a5b999e4b4abed0cd2b671333b866a68c0950d5785e66445805,ENTRY_A_PULLBACK_TO_MA5_V1,LIMIT_UP_CLOSE_BOARD_INTENT,TRUE,87.63819174055404674687141440,13.13,12.83,14.83,False
600162.SH,2026-06-01,984811b511612dae2778443627dbbf788bf2606a0912067ad8fee5dc83e5aae2,ENTRY_A_PULLBACK_TO_MA5_V1,NORMAL_CLOSE_INTENT,FALSE,86.47988874487364398621656485,2.532,2.51,2.92,False
600171.SH,2024-10-24,2d51756c09dd92c411d814cea88f35e5d52c7d5c538b5960d8710202ec3b7d16,ENTRY_A_PULLBACK_TO_MA5_V1,LIMIT_UP_CLOSE_BOARD_INTENT,TRUE,76.51063705862123456117583303,35.274,35.12,38.95,False
600172.SH,2026-06-03,36d6207415e7c213beed313b260dd64d7a117421f84960f8bf0a251ef84132b5,ENTRY_B_RSI_RECROSS_70_V1,NORMAL_CLOSE_INTENT,FALSE,73.52102866283641937749236870,14.218,13.5,15.04,False
600178.SH,2024-11-05,0b1fe0282e1b95acf98b5a473af1614e360af8d04d8a6d31ba523054d2863da0,ENTRY_A_PULLBACK_TO_MA5_V1,NORMAL_CLOSE_INTENT,FALSE,76.24679060373050143253425434,14.666,13.59,15.28,False
600198.SH,2024-10-30,1795e8d8508231fa3fb5e8f2788d5f089b62a5b65630401bf4b0a5ae80eb5290,ENTRY_A_PULLBACK_TO_MA5_V1,NORMAL_CLOSE_INTENT,FALSE,86.29218484684769990369671324,13.064,12.95,15.29,False
600203.SH,2024-11-04,70bfbec1f5867850762082fc9783b577c2c964ffcf262d87b259997785cb4ee1,ENTRY_B_RSI_RECROSS_70_V1,LIMIT_UP_CLOSE_BOARD_INTENT,TRUE,72.90670112441636692067595444,13.08,11.46,14.0,False
600203.SH,2025-08-12,fdd37d17bde41e8ab60f3dc37790fd1aa2b5d5beaf1c5953922b2aa444be9aea,ENTRY_A_PULLBACK_TO_MA5_V1,LIMIT_UP_CLOSE_BOARD_INTENT,TRUE,89.71331014907356978731235912,15.642,15.11,17.34,False
600208.SH,2024-10-16,fff068016e04a68cf5840d045a4b4966c63842d523ae1ce2e9cee23fa3f26b0b,ENTRY_B_RSI_RECROSS_70_V1,NORMAL_CLOSE_INTENT,FALSE,70.96510003084402458960208961,2.676,2.64,2.73,False
600210.SH,2024-11-13,1db5caf0ddf8603f09d0177c029e68312abd2b4b06617de9b52233a0da9763eb,ENTRY_A_PULLBACK_TO_MA5_V1,NORMAL_CLOSE_INTENT,FALSE,74.33540893458838893684616029,8.518,8.0,8.63,False
600232.SH,2025-06-11,2cd183627e1a816fdcb5086bceba867726943d8391eb6cd5be671e03f059d9df,ENTRY_A_PULLBACK_TO_MA5_V1,LIMIT_UP_CLOSE_BOARD_INTENT,TRUE,89.51250416609964814363289273,7.062,6.93,8.47,False
600246.SH,2024-11-04,a316abda97b01e6ebc207d291808223fe657011a55f2db49d24a09232b21fc57,ENTRY_A_PULLBACK_TO_MA5_V1,NORMAL_CLOSE_INTENT,FALSE,76.60087526833808896643797552,13.444,11.76,13.78,False
600255.SH,2024-12-24,8b85b6ce971d971679b3e8e4f91e4a106c7568f24e4131bfc6711e2924632b65,ENTRY_B_RSI_RECROSS_70_V1,NORMAL_CLOSE_INTENT,FALSE,70.91526590863738923328174159,3.90,3.53,3.86,False
600272.SH,2024-12-17,e5e792d51049a3554624c513f4dcf99239a11c8aad3bd490e1e628f86a286b9a,ENTRY_A_PULLBACK_TO_MA5_V1,NORMAL_CLOSE_INTENT,FALSE,88.28198290083197976187782560,16.256,15.97,19.42,False
600272.SH,2026-08-14,3494198a9d54d6393a09b21fff61d3a0c7baf76a690ae6dbf840b8e78ec86f75,ENTRY_A_PULLBACK_TO_MA5_V1,LIMIT_UP_CLOSE_BOARD_INTENT,TRUE,78.82974603932244157393739360,16.168,15.04,17.6,False
600326.SH,2025-07-29,34418e0e53165d88209d567d1f1bc980cc08618b629fbd002caafffd8e5a6595,ENTRY_A_PULLBACK_TO_MA5_V1,LIMIT_UP_CLOSE_BOARD_INTENT,TRUE,93.09009694213592169802367931,15.02,15.02,17.23,False
600327.SH,2024-11-26,458fe6e0920ab2f2c349b038ee9e074bbd1468fc2858d1f4122842813d411734,ENTRY_B_RSI_RECROSS_70_V1,LIMIT_UP_CLOSE_BOARD_INTENT,TRUE,72.75593698972338189146394191,5.606,4.91,6.0,False
600340.SH,2025-11-18,8efc7f31249f370c1dea5ee43797dbd8fbd5e7a6e0be034b238f67b2427259ef,ENTRY_A_PULLBACK_TO_MA5_V1,LIMIT_UP_CLOSE_BOARD_INTENT,TRUE,88.23919280066860348288836705,2.762,2.72,3.31,False
600353.SH,2026-06-25,6273e7eaf3c8ebf2e6eecfe5648ef5f6f4e77858301499f4eca3b495cf7598e7,ENTRY_A_PULLBACK_TO_MA5_V1,NORMAL_CLOSE_INTENT,FALSE,77.59364954159443333961834699,47.734,47.61,48.75,False
600363.SH,2024-11-11,f3738b39fd5357048ca02f26151aecf624d1f7b2e3cbfbb3c810dac21628aa9c,ENTRY_A_PULLBACK_TO_MA5_V1,NORMAL_CLOSE_INTENT,FALSE,74.74184322092419555345366445,56.892,53.0,57.03,False
600371.SH,2026-09-04,d0ad460de0b6793b62740d9656f89b300e44df935d44863464a6f951738781e4,ENTRY_A_PULLBACK_TO_MA5_V1,NORMAL_CLOSE_INTENT,FALSE,75.67407827369391793726054907,13.57,12.05,13.7,False
600376.SH,2025-09-22,9abf1067d92de30ed07959e719780874bdf6a1eba05e21a1b96122829661a0ef,ENTRY_A_PULLBACK_TO_MA5_V1,LIMIT_UP_CLOSE_BOARD_INTENT,TRUE,83.21899763864055857509582141,7.466,6.74,7.99,False
600379.SH,2026-05-11,166334cf355173d60a0a88ee4eab9d9169ae3728e53f18d1fd6fe8fa11693701,ENTRY_B_RSI_RECROSS_70_V1,LIMIT_UP_CLOSE_BOARD_INTENT,TRUE,73.42202272880239276301152979,17.654,16.81,18.43,False
600396.SH,2026-05-15,f53cb744bcdb83a92dfea64fd093a4b1da1a1b5c4a1f0f2c2ff9fad302874dd5,ENTRY_A_PULLBACK_TO_MA5_V1,NORMAL_CLOSE_INTENT,FALSE,85.12639671222920405826524488,15.872,14.99,17.43,False
600397.SH,2025-01-03,e5dc95538a44fdb433b557847fcf4a3c0365167521acd53938e67d4c1c4969aa,ENTRY_B_RSI_RECROSS_70_V1,LIMIT_UP_CLOSE_BOARD_INTENT,TRUE,73.56619293844874119153852357,3.906,3.42,4.18,False
600397.SH,2026-03-02,1d57883ddc6e8153ef813db06b5159c56a84f107375191b677bd0454dc231058,ENTRY_A_PULLBACK_TO_MA5_V1,NORMAL_CLOSE_INTENT,FALSE,92.33070370183755140983858907,19.676,19.38,21.5,False
600400.SH,2025-09-24,06327255ff39da375895b3e8cbf5d630877bd448b67e8f4e7e5fc846b331752d,ENTRY_A_PULLBACK_TO_MA5_V1,LIMIT_UP_CLOSE_BOARD_INTENT,TRUE,78.41093407192326610528267878,3.466,3.2,3.83,False
600408.SH,2025-11-17,c4f43e52ac387d94f45d11e29fb56977c11a6bee0846451d29465e8237f3d31c,ENTRY_A_PULLBACK_TO_MA5_V1,LIMIT_UP_CLOSE_BOARD_INTENT,TRUE,87.17967794301471621049460481,5.742,5.65,6.89,False
600410.SH,2024-12-04,4311f4f4b7d30cde098aa65880edcbfa268ff813351c87568f7b63f5f858a283,ENTRY_A_PULLBACK_TO_MA5_V1,NORMAL_CLOSE_INTENT,FALSE,77.29920917756599516227566914,11.178,10.21,11.25,False
600423.SH,2025-01-17,97e404b61cc69e6e3ef397a576a3e299e96e0668f544f319f0738b3384c774c0,ENTRY_A_PULLBACK_TO_MA5_V1,LIMIT_UP_CLOSE_BOARD_INTENT,TRUE,80.03213137676433068416672194,3.674,3.5,4.28,False
600448.SH,2025-05-14,ee35e7414b5732f19b973b8b62fc9a86d6bba5c442c879be5c5428a88cf427ea,ENTRY_A_PULLBACK_TO_MA5_V1,NORMAL_CLOSE_INTENT,FALSE,88.76100325697580769362443141,4.186,4.06,4.8,False
600470.SH,2024-11-25,9b2794ffad45d536774679f78728e4dab412834846db168e3f9bbf0ebde3f51a,ENTRY_A_PULLBACK_TO_MA5_V1,LIMIT_UP_CLOSE_BOARD_INTENT,TRUE,87.54553538772976008555531072,6.548,6.43,7.85,False
600475.SH,2025-08-15,dd4134c1dc8b36a83001b18fb2a7b8b533d6167ccc3f19a9016baeea28df5890,ENTRY_B_RSI_RECROSS_70_V1,NORMAL_CLOSE_INTENT,FALSE,72.19044540335058140189023375,22.026,20.83,21.69,False
600479.SH,2026-09-01,e4e2549c5c4483649dfed4b557da694f9df39de9900bf09742dc41b36863cdd5,ENTRY_A_PULLBACK_TO_MA5_V1,LIMIT_UP_CLOSE_BOARD_INTENT,TRUE,74.60625769973514377493769271,12.398,11.58,13.37,False
600481.SH,2024-11-05,4fa7b2bfbbe9f649a0cd2758e92d8000fd3d4170aedd8c2af5cc20efb5f51d2b,ENTRY_A_PULLBACK_TO_MA5_V1,NORMAL_CLOSE_INTENT,FALSE,83.40456450079370265585780623,7.48,7.15,8.0,False
600500.SH,2026-06-18,908d8d27854d35d109c24e280b7cb605fa1086e80586f9dd63ce2760b573a54c,ENTRY_A_PULLBACK_TO_MA5_V1,NORMAL_CLOSE_INTENT,FALSE,74.34283580391266486814842884,8.652,8.34,8.83,False
600513.SH,2025-07-16,7ce8d2b6adea52cea0e8a902c0da3e2e522f02e2f39490546f35ffe971a0d024,ENTRY_A_PULLBACK_TO_MA5_V1,LIMIT_UP_CLOSE_BOARD_INTENT,TRUE,74.83272995982260128074871209,15.244,14.23,16.31,False
600530.SH,2025-01-03,0b5ca63c41f5f41135d7aa8fc4d58c2cffba7b81b47acb20939d997f7f92b2a2,ENTRY_A_PULLBACK_TO_MA5_V1,LIMIT_UP_CLOSE_BOARD_INTENT,TRUE,82.06519965209927595701775821,4.872,4.87,5.84,False
600530.SH,2025-05-19,894585938613614e801f9e2a66f0d0482be74c2ed9584682974243bb19a559e6,ENTRY_A_PULLBACK_TO_MA5_V1,LIMIT_UP_CLOSE_BOARD_INTENT,TRUE,84.36558624573244329501116983,7.128,6.68,7.92,False
600530.SH,2026-05-15,ff31d8d0d894652cc3389f07751047788efc7f44f2ec9232327f0fcbcd46eded,ENTRY_A_PULLBACK_TO_MA5_V1,NORMAL_CLOSE_INTENT,FALSE,74.72372386690815100836229022,7.41,7.27,7.46,False
600540.SH,2025-04-14,4a4400fd73dfa6329d803351fc1721c34d3a5a063b87e955f6fb04865b1fa2f3,ENTRY_B_RSI_RECROSS_70_V1,NORMAL_CLOSE_INTENT,FALSE,72.37825184593202316553266740,5.73,5.07,5.93,False
600540.SH,2026-09-07,e70bd9b7eca1818b397e05f5c1b787526570953475a20d70c96d5251d4004d7c,ENTRY_A_PULLBACK_TO_MA5_V1,LIMIT_UP_CLOSE_BOARD_INTENT,TRUE,76.30524921796278164489909898,6.348,5.93,6.72,False
600545.SH,2024-12-11,bde2d91ca41b630a7bf819c188549f0bce301c1405c88d4f7c5729d6f10e66f9,ENTRY_A_PULLBACK_TO_MA5_V1,LIMIT_UP_CLOSE_BOARD_INTENT,TRUE,89.99945020881927967153339439,3.084,3.05,3.64,False
600550.SH,2024-09-18,78f3c1dcd470ff63d839e54f1d1594887cb156aa961486a30494db98ff914e70,ENTRY_A_PULLBACK_TO_MA5_V1,NORMAL_CLOSE_INTENT,FALSE,88.22617465411776747879815765,7.776,7.66,9.19,False
600570.SH,2024-10-15,4c3b5b67806dc2621abc309f3be1f1575ea57e7c4b49e5f459f0e6e2c41fb917,ENTRY_B_RSI_RECROSS_70_V1,NORMAL_CLOSE_INTENT,FALSE,70.06258856791470264823538864,25.408,24.25,25.58,False
600578.SH,2026-05-19,ac66740d751ee8a714e03494400a80ede279a5bc9f5de5b9abbe8f969c836c6b,ENTRY_A_PULLBACK_TO_MA5_V1,NORMAL_CLOSE_INTENT,FALSE,87.42872305124586456344012227,7.03,6.98,8.27,False
600579.SH,2024-12-23,c42e891f6203b7740056ee7daa1e241b58d861ffa0b40bac970f02bf03d70673,ENTRY_A_PULLBACK_TO_MA5_V1,LIMIT_UP_CLOSE_BOARD_INTENT,TRUE,87.54201877764912055035419266,10.02,9.83,12.01,False
600589.SH,2024-09-26,3095e62ed0dc3f0d908b17764786d376823236e0a8ab0d7d5e4d4da4781766e3,ENTRY_A_PULLBACK_TO_MA5_V1,NORMAL_CLOSE_INTENT,FALSE,72.73651794509487785165338465,2.922,2.9,3.13,False
600589.SH,2025-03-13,211153d5514d8843202499022e6a78cf4cb70ea283f22d129bf036a677dd423b,ENTRY_A_PULLBACK_TO_MA5_V1,NORMAL_CLOSE_INTENT,FALSE,70.86547279046272150541846599,7.988,7.56,8.24,False
600590.SH,2025-02-26,a87bef4501682b83e448e68ef1662ed328a81213f516f5b734a86d273d1dc040,ENTRY_A_PULLBACK_TO_MA5_V1,LIMIT_UP_CLOSE_BOARD_INTENT,TRUE,87.19378434423110389225678521,8.804,8.8,9.88,False
600613.SH,2026-08-21,7f523f8928d4cc2b667efe387d5959dd3dac47220067561949713c23fe015d14,ENTRY_A_PULLBACK_TO_MA5_V1,NORMAL_CLOSE_INTENT,FALSE,93.36074227904791943759585845,8.03,7.7,9.0,False
600617.SH,2025-10-20,28f881887ae5b7eba5108e8f8988368d7fc9ffd054b61feb7a5dfaaad1dffe90,ENTRY_A_PULLBACK_TO_MA5_V1,LIMIT_UP_CLOSE_BOARD_INTENT,TRUE,86.26387805345938101985346718,3.82,3.8,4.4,False
600619.SH,2024-09-23,9be63a640360e660adc6817482a398384822b58f21b03a3328dc3494618e2cf2,ENTRY_A_PULLBACK_TO_MA5_V1,LIMIT_UP_CLOSE_BOARD_INTENT,TRUE,88.69523263772831218755003535,6.58,6.45,7.89,False
600619.SH,2024-11-07,b16fd96f2e10baf184405129144563fc9126fbb6f38a254092fb99ba45947cdc,ENTRY_A_PULLBACK_TO_MA5_V1,LIMIT_UP_CLOSE_BOARD_INTENT,TRUE,84.77941131247525767784090895,14.118,14.0,16.93,False
600619.SH,2025-08-19,edd24bb71c0497957d41279382e4ce98489936685d3891545140ced46e26a81e,ENTRY_B_RSI_RECROSS_70_V1,LIMIT_UP_CLOSE_BOARD_INTENT,TRUE,74.25872930377882679961690447,23.604,21.88,24.99,False
600629.SH,2024-11-13,d1f409c4458fd8ac1c49a6548013b001d174c04c773856f2640e71919446b288,ENTRY_A_PULLBACK_TO_MA5_V1,LIMIT_UP_CLOSE_BOARD_INTENT,TRUE,79.86004484840993619045810202,9.062,8.88,9.43,False
600629.SH,2025-09-19,a201b5fe7b65e418546893c5fba14e0a846b1ea68ec014b471fc5f1579a271ca,ENTRY_B_RSI_RECROSS_70_V1,NORMAL_CLOSE_INTENT,FALSE,71.60588340707671251796011008,18.302,18.3,19.25,False
600629.SH,2025-10-10,6b9c4dd50a3221d4f407ca31c0390806f80a87a03f12027361ec733e74170ec4,ENTRY_A_PULLBACK_TO_MA5_V1,NORMAL_CLOSE_INTENT,FALSE,86.87853891588964460008532511,27.304,25.48,29.74,False
600633.SH,2025-02-14,277aa9b058df274b2e6fceb829a41ea302984a760f8807557e332cbb9e068bc2,ENTRY_A_PULLBACK_TO_MA5_V1,NORMAL_CLOSE_INTENT,FALSE,80.52927284774358996427027688,16.85,16.01,17.95,False
600637.SH,2026-01-15,a23c4780494c15b1f45148edd9629a01e7855d32e6861377619f80b3754fd031,ENTRY_A_PULLBACK_TO_MA5_V1,NORMAL_CLOSE_INTENT,FALSE,81.36134624069248613140675875,14.624,14.17,14.9,False
600644.SH,2025-04-18,c05831bbb58556eddf600c8aa398bbf9f0905653012657fd63565161d271d971,ENTRY_A_PULLBACK_TO_MA5_V1,NORMAL_CLOSE_INTENT,FALSE,83.69984700166152636695935632,9.302,9.29,10.69,False
600650.SH,2024-07-19,f2befb70b9f890ca70ede0a2a7af672f7a1749d8da2ec830e5d4b2eb1303a97f,ENTRY_A_PULLBACK_TO_MA5_V1,NORMAL_CLOSE_INTENT,FALSE,78.90302879947530613203935943,12.768,11.82,13.54,False
600654.SH,2024-11-20,1a3556c3c3b3fb0f238955b20e650270300571454314a843fdd70dd2c824aea1,ENTRY_A_PULLBACK_TO_MA5_V1,NORMAL_CLOSE_INTENT,FALSE,77.28628354446732219428801087,4.758,4.36,4.78,False
600658.SH,2024-09-25,37b9a53e95853cb20775f0afbe2dc58e6c0d972c3d1026f5f5dee4d06ad0d3b6,ENTRY_B_RSI_RECROSS_70_V1,NORMAL_CLOSE_INTENT,FALSE,72.78572992629454933140427078,4.132,3.8,4.29,False
600664.SH,2026-07-20,cacead20b74bc9020b23ee948ca30b03b58c23bb43bdea6056627a4ffc2e8b70,ENTRY_A_PULLBACK_TO_MA5_V1,NORMAL_CLOSE_INTENT,FALSE,86.93839166094917971358731646,4.83,4.8,5.31,False
600678.SH,2025-02-24,a635487164374c2158b22d77b3b300b7bed797c85643079833c1708af81781c7,ENTRY_A_PULLBACK_TO_MA5_V1,NORMAL_CLOSE_INTENT,FALSE,70.72498413901682578700755518,8.91,8.6,8.91,False
600679.SH,2024-12-17,1d04acba65c89d4c26926b0c5cdfaf46f93f2653a6088013a6b2e9d58ade1af7,ENTRY_A_PULLBACK_TO_MA5_V1,LIMIT_UP_CLOSE_BOARD_INTENT,TRUE,86.49149407634394385847875021,14.39,14.12,17.26,False
600683.SH,2026-02-09,8cdb82efbfd6cc3adfdfa20266523e873bc66d01ba33d771ec3bd3eff7eff355,ENTRY_A_PULLBACK_TO_MA5_V1,LIMIT_UP_CLOSE_BOARD_INTENT,TRUE,77.98817180695566414540355821,6.152,6.01,6.66,False
600686.SH,2024-07-26,259c3e935a26bc086f6e3c4bc8fa77a3ef3e72a134520db29ca979e291031e97,ENTRY_A_PULLBACK_TO_MA5_V1,LIMIT_UP_CLOSE_BOARD_INTENT,TRUE,80.12105605639148140568806247,12.55,12.15,14.11,False
600693.SH,2025-12-18,caf4e3e84f1238db6ed6a3024f29825cb32ae113237e849615b3e0c4460b6b4b,ENTRY_A_PULLBACK_TO_MA5_V1,NORMAL_CLOSE_INTENT,FALSE,76.67625409436184511483363047,16.562,16.55,17.21,False
600702.SH,2024-10-10,042fffab1c1fcb4620b7cf8cb94706f97ed7f386c319e582efae8d4372972642,ENTRY_A_PULLBACK_TO_MA5_V1,NORMAL_CLOSE_INTENT,FALSE,87.56394201539346986906179908,64.48,64.01,72.79,False
600721.SH,2024-08-06,294ebd2e068c02e3f0fce4fdd986625864218a0402836e2254fb50bd465c3704,ENTRY_A_PULLBACK_TO_MA5_V1,NORMAL_CLOSE_INTENT,FALSE,74.24791844063796783170455890,7.272,7.18,8.0,False
600721.SH,2026-08-14,2d590975eb8e54ca320bba159ded35323c84f4080ab46c4ee07565ba58274ee7,ENTRY_A_PULLBACK_TO_MA5_V1,NORMAL_CLOSE_INTENT,FALSE,80.68670839660273741064410281,13.336,13.3,13.81,False
600722.SH,2025-06-23,607fd4af06010f56784f79b67af7848ab8f69599cb4435e40cdd11b928920c37,ENTRY_A_PULLBACK_TO_MA5_V1,NORMAL_CLOSE_INTENT,FALSE,75.06937491112759596295834650,7.578,6.97,7.76,False
600726.SH,2026-03-17,082c1feeaab3daf28b409fb1c8dab03548a99a06cbab9ef2fe1eba1e90a83b94,ENTRY_A_PULLBACK_TO_MA5_V1,NORMAL_CLOSE_INTENT,FALSE,86.25552185916564109992721009,4.066,3.96,4.25,False
600726.SH,2026-05-07,648b46d397500ce9d5a41757ba74b7bb2818b16ab5eb5cdbc01c8c0341022d28,ENTRY_B_RSI_RECROSS_70_V1,LIMIT_UP_CLOSE_BOARD_INTENT,TRUE,73.77327336806430469436863978,7.048,6.72,7.61,False
600726.SH,2026-06-04,6c3b96ed5dd3ef6f8b3ce881d2162edfe312de0c65e2cca3aaad6ec1393c002e,ENTRY_B_RSI_RECROSS_70_V1,NORMAL_CLOSE_INTENT,FALSE,70.90893165250324203028447345,9.794,9.2,10.39,False
600734.SH,2025-12-03,262ed9446a12e10cbff83c34c3ece512e1dae9c1f7c1d1b463ef2b85dd0f1398,ENTRY_B_RSI_RECROSS_70_V1,NORMAL_CLOSE_INTENT,FALSE,70.88486456965275565546892251,5.658,5.69,6.15,False
600743.SH,2024-12-11,4fcde63f58f89d29e8694799e9d7bec294c5106cf5e9749e15a2a85005171af5,ENTRY_A_PULLBACK_TO_MA5_V1,LIMIT_UP_CLOSE_BOARD_INTENT,TRUE,71.19893378214773781773849987,2.334,2.13,2.61,False
600744.SH,2025-07-11,5f005204f73bb0604d9cd6b5a235b8127069d3b0102d9d8db1bdf4ea995dd874,ENTRY_A_PULLBACK_TO_MA5_V1,NORMAL_CLOSE_INTENT,FALSE,89.18733236453925092912328840,7.746,7.46,8.58,False
600770.SH,2024-10-24,b7759946205155dbc7e2784f44a9be3bbda9028598266a1bcd06479f681e79ee,ENTRY_A_PULLBACK_TO_MA5_V1,NORMAL_CLOSE_INTENT,FALSE,73.93766089488158370460817309,4.658,4.52,4.69,False
600783.SH,2026-01-06,c09f633a0f313671e774b3fff4a803eed95af5a3a4dd4bd6d7e7b08c7873e958,ENTRY_B_RSI_RECROSS_70_V1,LIMIT_UP_CLOSE_BOARD_INTENT,TRUE,73.55582494292963198919280580,23.434,20.61,24.49,False
600783.SH,2026-01-13,de27e099d630d67c385f5458f0fcebd6339ee12a9cbced2b8c2c2f0e978e37d9,ENTRY_A_PULLBACK_TO_MA5_V1,LIMIT_UP_CLOSE_BOARD_INTENT,TRUE,88.61865421774562365101645491,32.89,32.55,39.44,False
600785.SH,2026-01-22,aac4a1c85918c7f7fc19c3892e42f09680c12acfa8e9eeabd15e7ec75f846e6e,ENTRY_A_PULLBACK_TO_MA5_V1,NORMAL_CLOSE_INTENT,FALSE,86.26087682598829570757107200,21.152,21.0,22.1,False
600793.SH,2024-12-19,f66273857136b15cbbcaf0eb922397effd8e7a4b41c2fe0be5d1a7bd6bf42935,ENTRY_A_PULLBACK_TO_MA5_V1,LIMIT_UP_CLOSE_BOARD_INTENT,TRUE,78.36810190560870052172144996,24.828,22.55,25.54,False
600800.SH,2024-11-25,dfd0294149a5f246d8c8b171f5c5ac4e5c1f72d0c3f44537348f8ea538af016a,ENTRY_A_PULLBACK_TO_MA5_V1,LIMIT_UP_CLOSE_BOARD_INTENT,TRUE,91.17716769297859283381014394,4.43,4.43,5.31,False
600807.SH,2024-10-31,3e656045d9c373335bb821cd4d7e3656fb1d89f85b4f53e626e04ab51e6fe51c,ENTRY_A_PULLBACK_TO_MA5_V1,NORMAL_CLOSE_INTENT,FALSE,78.84630634604676177035113132,5.098,5.01,5.2,False
600822.SH,2025-07-21,22dd51f90827d933329d3f8ba30cbc90d056d5389dbf7408e9be345a797e8b67,ENTRY_A_PULLBACK_TO_MA5_V1,NORMAL_CLOSE_INTENT,FALSE,81.97560143102117458594922113,15.036,14.56,15.76,False
600826.SH,2024-11-20,fb56c0d50ddadb65b7ba5b809c305796949f78755d08e867dde00634a8c4eead,ENTRY_A_PULLBACK_TO_MA5_V1,NORMAL_CLOSE_INTENT,FALSE,81.27071164242906573611099270,10.668,10.45,11.25,False
600826.SH,2025-07-22,826328c9ab017836d4781db96afa923bb6deb8327b1cca1313e1106426011b24,ENTRY_A_PULLBACK_TO_MA5_V1,LIMIT_UP_CLOSE_BOARD_INTENT,TRUE,88.94020563012574667713176443,13.764,12.51,15.29,False
600828.SH,2025-04-29,7470c23aa61ecabef26bceaea3094c3bdab6b598a185b7d4442ca1051c3e27d5,ENTRY_A_PULLBACK_TO_MA5_V1,LIMIT_UP_CLOSE_BOARD_INTENT,TRUE,81.00122805928602311404592946,4.39,4.31,5.27,False
600828.SH,2025-12-02,571a40f4231eb2e30bd3ab8953fc9e506b6545d3bafec7faf0f847b5b9e54584,ENTRY_A_PULLBACK_TO_MA5_V1,LIMIT_UP_CLOSE_BOARD_INTENT,TRUE,81.54161549937811432441226051,5.858,5.55,6.53,False
600829.SH,2025-11-18,33c8aa3d91bcb540d9ddeafdb9e9899f6c5894d2ba41c0cd70d8edb934472ca6,ENTRY_A_PULLBACK_TO_MA5_V1,NORMAL_CLOSE_INTENT,FALSE,91.62661366232680772746781319,15.148,14.98,17.72,False
600839.SH,2024-10-25,08fcad63dc166b5e02e06fb180180a370d7470e0c95b9195f6dc54194c17e3f4,ENTRY_A_PULLBACK_TO_MA5_V1,NORMAL_CLOSE_INTENT,FALSE,88.89877250493002679589778364,10.352,10.27,11.25,False
600839.SH,2024-11-04,4b592593d7820aa2a29bc65cef70580feda21693c2b7551de580cf1c127df037,ENTRY_A_PULLBACK_TO_MA5_V1,NORMAL_CLOSE_INTENT,FALSE,79.37643403221458007013167903,14.98,13.35,14.99,False
600865.SH,2024-11-04,0b1b19e3f662dedb3cce923660863403503bd755f0773f6c42e888670a32fc8e,ENTRY_A_PULLBACK_TO_MA5_V1,NORMAL_CLOSE_INTENT,FALSE,74.14229426781637060069826465,10.484,9.48,10.54,False
600865.SH,2025-12-23,619a314fd6839e8f3c06bbf4c9b367816102a1596d3ebb683699d43bd67aa1ba,ENTRY_A_PULLBACK_TO_MA5_V1,NORMAL_CLOSE_INTENT,FALSE,87.92258661348776947711945126,17.72,17.11,18.37,False
600868.SH,2024-12-11,9ffaee9991febae3a51875c880661d7ad7c9d42bec2d4503491fe322852e7828,ENTRY_A_PULLBACK_TO_MA5_V1,LIMIT_UP_CLOSE_BOARD_INTENT,TRUE,82.66994676232041544505081844,3.178,3.15,3.55,False
600879.SH,2026-01-14,542f47da3d01eb053c2a4c87fb01afe857cd691930fe8b14753e47128e224c1b,ENTRY_A_PULLBACK_TO_MA5_V1,NORMAL_CLOSE_INTENT,FALSE,76.53393114334986094411786765,28.896,27.9,29.75,False
600881.SH,2024-10-08,18988d63b42bbba6018c66bb867d79a9d45baa133b93bca308af2b112ae0dae6,ENTRY_A_PULLBACK_TO_MA5_V1,LIMIT_UP_CLOSE_BOARD_INTENT,TRUE,95.21144993303537034904936607,1.734,1.7,2.08,False
600889.SH,2024-12-05,c6815143efb17c5c08623fadbefbdabdbec4104c4efce6e7025c3476a67dc8fc,ENTRY_A_PULLBACK_TO_MA5_V1,LIMIT_UP_CLOSE_BOARD_INTENT,TRUE,87.80870763682831187273651444,20.636,19.32,22.54,False
600903.SH,2026-05-21,3b0cdaf58232c7f07cf12ef26733504f436f1dfccdced78981c269930688fb15,ENTRY_A_PULLBACK_TO_MA5_V1,NORMAL_CLOSE_INTENT,FALSE,91.81841652848033380349822702,9.266,9.06,9.99,False
600916.SH,2026-01-30,0b45281f7ff5f97da3c34a541f8666e3a8c4e24ff292c52f037c3b1f517c1626,ENTRY_A_PULLBACK_TO_MA5_V1,NORMAL_CLOSE_INTENT,FALSE,96.03900444930100423168720375,12.348,12.3,14.68,False
600939.SH,2024-10-18,8dd4d4026383a23c436b48914b092e6af8a2d6ada925e7a6f7c0a0e797726df8,ENTRY_A_PULLBACK_TO_MA5_V1,LIMIT_UP_CLOSE_BOARD_INTENT,TRUE,87.14830733631892405493466236,3.442,3.44,4.13,False
600961.SH,2026-04-27,8bba08362abfc2b66eeb6b5378aa8121b290efd10660bb27906ed4269a74ebca,ENTRY_A_PULLBACK_TO_MA5_V1,NORMAL_CLOSE_INTENT,FALSE,77.49659459548930110679631944,28.87,28.51,29.06,False
600962.SH,2025-07-16,4bb4399f63c253c21bc38bd3f9fd06c4c255ed7d7195310e715fc2814843a29f,ENTRY_B_RSI_RECROSS_70_V1,NORMAL_CLOSE_INTENT,FALSE,72.02198051020824177427447778,20.602,19.3,20.8,False
601003.SH,2025-07-08,5bef8ea0755fb456c6f85ca7c12907fdbdda0bc57a0aa36203f3de05d6ddc871,ENTRY_A_PULLBACK_TO_MA5_V1,LIMIT_UP_CLOSE_BOARD_INTENT,TRUE,78.42636559007442546610863722,4.818,4.38,5.23,False
601003.SH,2025-07-24,669b3ed94c1c63b044907a114b3e68a0376c78816525064ba58fd2a8d924f0cc,ENTRY_A_PULLBACK_TO_MA5_V1,NORMAL_CLOSE_INTENT,FALSE,81.86714285600561914265111722,7.244,7.12,8.15,False
601008.SH,2025-04-16,18f71b21432146cad06e3ae8a2a214c46a642c864a54ee18bf156f772c4b56ff,ENTRY_B_RSI_RECROSS_70_V1,LIMIT_UP_CLOSE_BOARD_INTENT,TRUE,74.17710654979565590984304175,6.428,5.43,6.52,False
601010.SH,2024-12-16,1d1f08afc8e839f5b6ca670a79e7f3323c45c23f347c387d3138b1f06fdc89ee,ENTRY_A_PULLBACK_TO_MA5_V1,LIMIT_UP_CLOSE_BOARD_INTENT,TRUE,89.52756739841267128076841040,3.648,3.39,4.15,False
601011.SH,2025-10-16,8594d514693a947b69320f57a8d34803eea2b2eba3544a81d6166fb3294a3b4c,ENTRY_A_PULLBACK_TO_MA5_V1,LIMIT_UP_CLOSE_BOARD_INTENT,TRUE,72.69782225188113684025960651,3.674,3.43,3.95,False
601069.SH,2025-09-05,27659f019c801723b21503cf1c1e67a3f93f925c4b170d17d6a8f87fb934c3e8,ENTRY_A_PULLBACK_TO_MA5_V1,LIMIT_UP_CLOSE_BOARD_INTENT,TRUE,88.55935406077504004312763191,25.89,25.6,29.82,False
601086.SH,2025-04-16,18b6c37d0460ce7c69fe40ac69a587a2603bfb9fad627bf6fdb7bef5545b173f,ENTRY_A_PULLBACK_TO_MA5_V1,LIMIT_UP_CLOSE_BOARD_INTENT,TRUE,84.35524831977023750509329326,8.74,8.0,9.59,False
601086.SH,2025-04-18,fe1a13c5f42bf7c1f5a8763d452f7ec5c305840190e65e802c4e9aeaafee60b4,ENTRY_A_PULLBACK_TO_MA5_V1,LIMIT_UP_CLOSE_BOARD_INTENT,TRUE,89.10170708786372125537812151,9.95,9.94,11.61,False
601086.SH,2026-09-04,32e807d32255f523ccadcca1dac7b1593eb5b30dde46d3af5ca5ef3c88cac460,ENTRY_A_PULLBACK_TO_MA5_V1,NORMAL_CLOSE_INTENT,FALSE,89.20160877958103506141360467,11.044,10.99,12.65,False
601106.SH,2026-01-14,15bd327d7fbcd5f90e8971e1ad774b8ad619dc0bf622bd2472ab8a219bc5b0bf,ENTRY_A_PULLBACK_TO_MA5_V1,LIMIT_UP_CLOSE_BOARD_INTENT,TRUE,88.43237973681325168452491147,5.776,5.7,6.6,False
601116.SH,2025-09-15,97d16c3af8d98e8fabdd36d3f4475a2b26bddf5abb7b88ba1e9e43ac7b14ec8f,ENTRY_A_PULLBACK_TO_MA5_V1,LIMIT_UP_CLOSE_BOARD_INTENT,TRUE,88.47314871432200038760182245,15.83,15.66,18.19,False
601566.SH,2025-11-20,117536668a584738a129fb785817c639b3caa83d82ef5cf4b94d42483fbb505a,ENTRY_A_PULLBACK_TO_MA5_V1,LIMIT_UP_CLOSE_BOARD_INTENT,TRUE,96.17810310488276563214308260,15.358,15.07,18.41,False
601669.SH,2025-07-28,5d56fb6cab747730148268ef312dcab718e5c906e0760558540021569b5cb43e,ENTRY_A_PULLBACK_TO_MA5_V1,NORMAL_CLOSE_INTENT,FALSE,81.29042504585456066388603341,6.924,6.88,7.03,False
601700.SH,2026-08-10,f9c4c69a0b343574c9defd245ce22bc97ac89d5152313124f45a9d8ce617ccac,ENTRY_B_RSI_RECROSS_70_V1,LIMIT_UP_CLOSE_BOARD_INTENT,TRUE,73.16701584504716779812473811,6.622,6.3,7.08,False
601727.SH,2024-10-25,73ffe56e40551458676c28641daaacae5d510866febcab702cc167184222b735,ENTRY_A_PULLBACK_TO_MA5_V1,LIMIT_UP_CLOSE_BOARD_INTENT,TRUE,82.04898827287203195407162737,5.732,5.58,6.39,False
601929.SH,2025-08-19,ac561b123c3a4a76f2018d63982ce01e722014e9a0535e658df200c65708f977,ENTRY_A_PULLBACK_TO_MA5_V1,NORMAL_CLOSE_INTENT,FALSE,80.30931657302796784521718416,3.896,3.88,3.99,False
601991.SH,2026-05-15,92bd0a3b88ceedcb43a47fe55a949dbb6f8ac6282ec2554722bd18153c673c90,ENTRY_A_PULLBACK_TO_MA5_V1,LIMIT_UP_CLOSE_BOARD_INTENT,TRUE,88.06638188591733265750971910,7.056,6.73,7.92,False
603002.SH,2026-06-26,66a0ca1553b3ffcb1c388c162c58380789828ae698f40c3011bd235ef6dd883d,ENTRY_B_RSI_RECROSS_70_V1,NORMAL_CLOSE_INTENT,FALSE,71.71576044584068462315055240,24.792,23.68,26.23,False
603011.SH,2025-03-31,82389ca0f92606f20bfb8892d1008acc8e70d89f18ef99df410c79f17d057306,ENTRY_A_PULLBACK_TO_MA5_V1,NORMAL_CLOSE_INTENT,FALSE,79.40979736167572583683528413,12.376,12.03,12.76,False
603011.SH,2025-10-15,7640ba45072092fd3a2d43e0b0cdd00727631fb9157dfa61e6d104239323a55a,ENTRY_A_PULLBACK_TO_MA5_V1,NORMAL_CLOSE_INTENT,FALSE,75.34737949529660871437806499,25.198,24.91,26.75,False
603011.SH,2026-06-02,91ff50f145940e3955ba9ece61b37192f9ef9928c85b0a93a708378c43bbf78e,ENTRY_A_PULLBACK_TO_MA5_V1,NORMAL_CLOSE_INTENT,FALSE,76.88841730139466321804418256,24.912,24.67,28.99,False
603015.SH,2025-01-14,4fc56bab8b90219793e9a548d3ab1637ea4ed30b3fa6b498b8317e4d4a85c22c,ENTRY_A_PULLBACK_TO_MA5_V1,LIMIT_UP_CLOSE_BOARD_INTENT,TRUE,70.85122518213487142735604698,12.74,11.84,14.47,False
603017.SH,2025-06-09,7145d6dd6587e84bc6678f0a4358f3e5f3b9fb5337e82f3d1a2d44a5ec10bdac,ENTRY_A_PULLBACK_TO_MA5_V1,NORMAL_CLOSE_INTENT,FALSE,73.50329601967763726854385806,11.696,11.65,12.13,False
603021.SH,2024-10-30,dfddf39f3915b750658872ecc8294e62304decfcd79fe0a0309c38c357fa6f80,ENTRY_A_PULLBACK_TO_MA5_V1,LIMIT_UP_CLOSE_BOARD_INTENT,TRUE,86.38818054790895402670264664,5.95,5.8,6.6,False
603038.SH,2024-10-23,cf2a77b4e7e8c6c358bab8ed85727a707247d5d46a38374eef1c750be31de3bc,ENTRY_A_PULLBACK_TO_MA5_V1,LIMIT_UP_CLOSE_BOARD_INTENT,TRUE,91.73630829068812585946052634,16.248,16.0,19.48,False
603038.SH,2024-10-30,2b9e81f7bf750ca316518795b8bba079ae610900c69dce343c36b15d8d5e9751,ENTRY_A_PULLBACK_TO_MA5_V1,LIMIT_UP_CLOSE_BOARD_INTENT,TRUE,96.21778679698721806032672007,25.526,24.85,29.7,False
603063.SH,2025-01-14,23fc764c06145bec7af14cda2d95e04b6ce11ecfa76ead36fe8e2155930282bc,ENTRY_A_PULLBACK_TO_MA5_V1,NORMAL_CLOSE_INTENT,FALSE,77.37412824529329994819647676,28.544,27.47,30.4,False
603078.SH,2026-01-27,d7ff22840c314480f142bba9208e12459c0218696181c9e92fc1ea302c5def9b,ENTRY_A_PULLBACK_TO_MA5_V1,NORMAL_CLOSE_INTENT,FALSE,78.89561638959441446250080261,28.844,27.93,29.03,False
603086.SH,2025-04-29,a802c315119eb0ef4cf86662afda92e61bd338c4cee329e08b4cd7fd98ab1a2d,ENTRY_A_PULLBACK_TO_MA5_V1,LIMIT_UP_CLOSE_BOARD_INTENT,TRUE,82.54915868542807591482921345,8.046,7.6,8.78,False
603093.SH,2025-06-09,c41092a1970a6373c9a922e9ad43ec31e9d4100d3a044d8a204daf43d70e84ca,ENTRY_A_PULLBACK_TO_MA5_V1,LIMIT_UP_CLOSE_BOARD_INTENT,TRUE,87.97629042329999568896234892,17.322,17.27,20.56,False
603095.SH,2024-11-04,dc16dad8e6dc567f1914f71674d025df4700537281c5a67f156b0f088c072c00,ENTRY_B_RSI_RECROSS_70_V1,NORMAL_CLOSE_INTENT,FALSE,70.55087038353044861557389126,21.046,20.68,21.82,False
603095.SH,2026-05-07,7b141e1e6be0bbc8bcaf0f7b5f9b0911365cdf2e1d22d38e9a81c4a1fbdf26dd,ENTRY_A_PULLBACK_TO_MA5_V1,LIMIT_UP_CLOSE_BOARD_INTENT,TRUE,77.32733807895364372186983038,24.034,24.0,26.6,False
603103.SH,2026-02-05,748b3b94e65b7597f025ea9d21dc7254945c1fb9c78755682754cd076503188a,ENTRY_A_PULLBACK_TO_MA5_V1,LIMIT_UP_CLOSE_BOARD_INTENT,TRUE,84.33231676574790713782553763,28.97,28.78,31.66,False
603106.SH,2024-10-30,c1e881d8b96973f1457607cb4e322ac66b10b23e01bc58c5516f93bce45e7e1e,ENTRY_B_RSI_RECROSS_70_V1,LIMIT_UP_CLOSE_BOARD_INTENT,TRUE,73.79647580688075019577201739,12.13,11.1,12.98,False
603106.SH,2026-08-06,88373ebf88f1e14aaaa150242b6009f2d52505645f8ee4ddf78fe48e52582156,ENTRY_A_PULLBACK_TO_MA5_V1,LIMIT_UP_CLOSE_BOARD_INTENT,TRUE,82.07514067759450808228691375,8.78,8.57,10.04,False
603122.SH,2025-11-07,cb553393191aeb5bccc67d24f58d825d6ee1f1899ba3c3b1ad471a98ce20b5d4,ENTRY_A_PULLBACK_TO_MA5_V1,LIMIT_UP_CLOSE_BOARD_INTENT,TRUE,96.73260507080131836262932203,13.154,13.0,15.77,False
603122.SH,2025-11-14,c0f3e94400a558268c0d75d6da502e609ea6cce3b3b6151933fbf88884988444,ENTRY_A_PULLBACK_TO_MA5_V1,NORMAL_CLOSE_INTENT,FALSE,98.59471061946173077854551033,20.17,20.15,23.8,False
603122.SH,2025-11-27,874267768440fbc953214cee9b10087a52d279f67153e4bdec185551e7a0b606,ENTRY_B_RSI_RECROSS_70_V1,NORMAL_CLOSE_INTENT,FALSE,70.74953499949197090613947460,21.772,20.63,22.16,False
603123.SH,2025-06-05,29af185eaa75920fd244f3e19460dbd39ac22a27ae4ed775ca145bf1e57cebda,ENTRY_A_PULLBACK_TO_MA5_V1,LIMIT_UP_CLOSE_BOARD_INTENT,TRUE,85.28614951847006753651259861,12.186,11.89,14.18,False
603158.SH,2025-08-22,71bdcd57343be17396e2c0bccd9739a8b76dadc671c24ce5293ae5ebaafdb03d,ENTRY_A_PULLBACK_TO_MA5_V1,NORMAL_CLOSE_INTENT,FALSE,76.21323725481281235297688131,12.892,11.91,13.06,False
603172.SH,2026-02-03,0a4fd6cd584ee35851c42df48c7b76bba6546d3b8e6b1882bd47ae761fc47a14,ENTRY_A_PULLBACK_TO_MA5_V1,LIMIT_UP_CLOSE_BOARD_INTENT,TRUE,94.52807134308039764708350925,25.962,25.74,31.13,False
603216.SH,2025-11-27,b7996b71b57ca86977faec0a289767498c4eb4652177d5d7eeb4a299e940cf88,ENTRY_A_PULLBACK_TO_MA5_V1,NORMAL_CLOSE_INTENT,FALSE,77.88300859742416757475015149,23.784,22.98,26.05,False
603226.SH,2025-06-16,5df7664b05179098a0de1e7c6b0160882123cecc1d3f552e0c5630498fe54926,ENTRY_A_PULLBACK_TO_MA5_V1,NORMAL_CLOSE_INTENT,FALSE,73.63815630469006173842048868,11.026,10.18,11.42,False
603238.SH,2024-12-18,3a49b77cada1d2d6887de5788c8c8445d8d96524bc122f08d44d1f16affa3474,ENTRY_A_PULLBACK_TO_MA5_V1,LIMIT_UP_CLOSE_BOARD_INTENT,TRUE,91.22590407702696196102707790,15.918,15.62,19.09,False
603248.SH,2026-09-22,72306fb84cfafe8b6e5223d435742e5290957594ec8ca92e42baef53ed14b819,ENTRY_A_PULLBACK_TO_MA5_V1,NORMAL_CLOSE_INTENT,FALSE,75.82995967435934986511148687,23.07,22.89,23.88,False
603268.SH,2024-11-04,dd6f2db6dc0447b756432fdb55c803f08d0b2b8c6b217c7c860137083cfaf679,ENTRY_A_PULLBACK_TO_MA5_V1,LIMIT_UP_CLOSE_BOARD_INTENT,TRUE,98.15114936756481071818192066,41.336,40.55,49.57,False
603278.SH,2025-12-31,a0e8d503b34c721dcfcee96862f82d4a7b9b041af5c3d132dc8741f4cfcea3cc,ENTRY_A_PULLBACK_TO_MA5_V1,LIMIT_UP_CLOSE_BOARD_INTENT,TRUE,85.50080142736621751755780181,14.21,13.95,17.04,False
603300.SH,2025-02-13,e6ef5397d5b8ddb1cbfd59677010af9c11552988e215ce9e438894c06bfad863,ENTRY_A_PULLBACK_TO_MA5_V1,LIMIT_UP_CLOSE_BOARD_INTENT,TRUE,89.95753748368307808515979630,7.774,7.76,8.95,False
603316.SH,2026-05-25,29508994f1ffa5a828335223c9ac2b9dfeb07365bf64765cbb7aff25655bf252,ENTRY_A_PULLBACK_TO_MA5_V1,NORMAL_CLOSE_INTENT,FALSE,76.37291326881947495468745272,25.44,25.12,25.76,False
603318.SH,2026-03-06,0665208ec53d5f7812496cdee19712eecc519623222fd3ec6ba97c7b4e2ed533,ENTRY_A_PULLBACK_TO_MA5_V1,NORMAL_CLOSE_INTENT,FALSE,73.54803947507657033513619742,9.784,8.65,10.13,False
603318.SH,2026-05-06,264e8e6ab428abb4342be9c9c4a9ed370fdc8aa91b5c6fa25884d911bb894692,ENTRY_A_PULLBACK_TO_MA5_V1,NORMAL_CLOSE_INTENT,FALSE,84.80955215834094466044989866,13.924,13.63,14.5,False
603332.SH,2025-05-19,b3f65865fec2b5e4be319f00f1f554f9bf38c89e875dc3cb5d097837d4d89a54,ENTRY_A_PULLBACK_TO_MA5_V1,NORMAL_CLOSE_INTENT,FALSE,78.11616142310538407187405244,14.586,13.4,15.03,False
603333.SH,2025-06-05,8b49cb07551d82bb5d14f07eea38739950c15641f070154ccb2bed7b11192de2,ENTRY_A_PULLBACK_TO_MA5_V1,NORMAL_CLOSE_INTENT,FALSE,74.49674630780116843275414250,9.222,8.41,9.44,False
603366.SH,2024-11-12,384686a476591e05100407e682b5421e8a62f2610f3640b5fab388c474c52867,ENTRY_A_PULLBACK_TO_MA5_V1,LIMIT_UP_CLOSE_BOARD_INTENT,TRUE,79.64750434446277249549846278,6.692,6.0,7.25,False
603366.SH,2024-11-20,ca16a2f35d66537a9b5d4a385221d2450d7b77ea771112fbe3e4f3ddaf83ec3d,ENTRY_A_PULLBACK_TO_MA5_V1,LIMIT_UP_CLOSE_BOARD_INTENT,TRUE,91.96753464128455495683808015,10.35,9.72,11.88,False
603390.SH,2025-06-03,a46c18d0cfbac28378f3186d880061ad4437fe96db4c6c4ca7fdd5461e867cc6,ENTRY_A_PULLBACK_TO_MA5_V1,NORMAL_CLOSE_INTENT,FALSE,74.70677412084475985529065264,16.548,16.2,16.71,False
603399.SH,2026-05-12,dc42c67dac23375a0c4a1f53e8f505b669b7b5532b753e954315f43ac10be64f,ENTRY_A_PULLBACK_TO_MA5_V1,NORMAL_CLOSE_INTENT,FALSE,88.49311242019151967696454869,23.308,23.07,24.08,False
603429.SH,2024-11-06,1236fb59fa820d239b4d6e6b3f50fc75d9e0bcfed0395ef3601c63f73ab3d951,ENTRY_B_RSI_RECROSS_70_V1,NORMAL_CLOSE_INTENT,FALSE,70.12995468221962463502221080,7.376,7.38,7.49,False
603488.SH,2026-01-13,2319d381c6621ab4848b90fd2ae6aeee69b806ad7fdcbc9582b42b8b415ecd99,ENTRY_A_PULLBACK_TO_MA5_V1,LIMIT_UP_CLOSE_BOARD_INTENT,TRUE,89.86801153793270804049713674,10.076,10.05,11.74,False
603496.SH,2025-03-03,7ef66501df19d874edb77ebfdebdc9379d5863f007b3be1ff8588ed970116738,ENTRY_A_PULLBACK_TO_MA5_V1,LIMIT_UP_CLOSE_BOARD_INTENT,TRUE,84.27012280519893110610812231,34.954,34.31,41.91,False
603516.SH,2025-09-17,79d2e33e1d4d3aef58176c2fe532f18833733fa9a244447a4011afa71bd4ae21,ENTRY_A_PULLBACK_TO_MA5_V1,NORMAL_CLOSE_INTENT,FALSE,77.54891022039805498537410314,149.678,148.0,166.5,False
603538.SH,2026-04-01,a58dc3eeaadd9f744030f40d3f02d9a45376b08ac149acac92f3bead748f433b,ENTRY_A_PULLBACK_TO_MA5_V1,NORMAL_CLOSE_INTENT,FALSE,75.95592162073812660132326428,39.718,36.81,39.79,False
603598.SH,2026-01-15,f608a4b876de2e65d029ebb7c2a61d6b9f1fe7f08658f68659a4452887ecf641,ENTRY_A_PULLBACK_TO_MA5_V1,NORMAL_CLOSE_INTENT,FALSE,84.73009414610344887060408356,29.946,29.5,31.51,False
603601.SH,2025-07-08,3356e3b6682be3ea1adc22cf4f0ddad5499b2bff7ba577d32944c429b16ca1bb,ENTRY_A_PULLBACK_TO_MA5_V1,NORMAL_CLOSE_INTENT,FALSE,82.71725344431983018455998389,5.06,4.98,5.51,False
603601.SH,2025-12-17,49c37dc19bd097dec01dc694c3037cb8881d0d339af973b8987b4c59ade0e057,ENTRY_A_PULLBACK_TO_MA5_V1,NORMAL_CLOSE_INTENT,FALSE,85.51183453536470589802405186,8.748,8.4,9.05,False
603610.SH,2025-05-13,27bd58c5bc5c7974767f0ddd8b8f862d67429d1a45b083b6d3fc456f4709535a,ENTRY_A_PULLBACK_TO_MA5_V1,NORMAL_CLOSE_INTENT,FALSE,72.34039932734469639819454222,13.946,13.43,14.5,False
603616.SH,2025-07-28,94de8adeddf1468b642801b7c632baa8ad37aec567f948f30229842311a37360,ENTRY_B_RSI_RECROSS_70_V1,LIMIT_UP_CLOSE_BOARD_INTENT,TRUE,72.42303446331013941395219890,6.116,5.6,6.55,False
603618.SH,2026-02-10,c37f1e1882ef0c46aa4c62cbd36eff3ad41f7e806a40deda4c4130fbc51951e9,ENTRY_A_PULLBACK_TO_MA5_V1,NORMAL_CLOSE_INTENT,FALSE,82.39830369668111053625469663,13.582,13.57,14.64,False
603626.SH,2025-08-27,f174ee1a3d02bbd5284edeeaedb770c30cdf27374e05165b25c4b19aa57b49bd,ENTRY_A_PULLBACK_TO_MA5_V1,NORMAL_CLOSE_INTENT,FALSE,88.03556842433289779571466541,15.352,14.96,16.12,False
603666.SH,2024-11-08,3e7666d98ae14086fca11a7804caa552539ea848fa2626c4884e0495ac5c8fff,ENTRY_A_PULLBACK_TO_MA5_V1,NORMAL_CLOSE_INTENT,FALSE,74.92006601845015828107121690,27.734,26.72,28.42,False
603667.SH,2024-12-10,3ce9ecfa865ce61e78171470858353d57add5eadcbc579df8254ab950db632b1,ENTRY_A_PULLBACK_TO_MA5_V1,NORMAL_CLOSE_INTENT,FALSE,70.43878678606747027100168008,27.352,25.85,27.5,False
603667.SH,2025-01-21,c5b9b23f4df21dbf95a8216ea8cea117e3e3d44249a3e834868c406f44cdfd6a,ENTRY_A_PULLBACK_TO_MA5_V1,NORMAL_CLOSE_INTENT,FALSE,82.62249689165981820596360704,41.86,41.58,45.9,False
603681.SH,2025-05-29,464136c021d288bdce99e950884ebf95973ec2285e0c64015c1e09c7ae3acfd4,ENTRY_A_PULLBACK_TO_MA5_V1,LIMIT_UP_CLOSE_BOARD_INTENT,TRUE,73.34160232019436962724518221,17.238,16.02,18.45,False
603687.SH,2026-03-26,2d511755a7a59767df1a0b275115f10bff77ab7b7e222d4b3b596a2fc85085a6,ENTRY_A_PULLBACK_TO_MA5_V1,LIMIT_UP_CLOSE_BOARD_INTENT,TRUE,86.05759751892516941601539086,14.874,14.81,16.5,False
603696.SH,2025-04-22,30a346fcf1f0a0ba592f45c2b079a7e655eef46ed69ae9b7c59bd4ea107cc1ae,ENTRY_A_PULLBACK_TO_MA5_V1,LIMIT_UP_CLOSE_BOARD_INTENT,TRUE,89.32929191687253960263933822,12.532,12.37,15.03,False
603698.SH,2025-12-31,8ed1ffdc5bdd3330b4977942e05566995ad26cda09100016ca0b440e85de5627,ENTRY_A_PULLBACK_TO_MA5_V1,NORMAL_CLOSE_INTENT,FALSE,76.90009787321820851995436702,37.894,36.71,38.75,False
603716.SH,2025-07-09,1a5b66cafc6801e8ad00fad4defb7cf5ecef55a4fc6ed2f9ca6dd9eb65920f70,ENTRY_A_PULLBACK_TO_MA5_V1,NORMAL_CLOSE_INTENT,FALSE,81.19467700713417782361164639,21.448,21.44,23.28,False
603717.SH,2024-12-12,6568b56f5e056b413b0802f81e02483c6d8576e70609f892a971fb7733030a2a,ENTRY_A_PULLBACK_TO_MA5_V1,LIMIT_UP_CLOSE_BOARD_INTENT,TRUE,90.88781057079971284204790725,9.314,9.14,11.17,False
603757.SH,2025-08-20,5b765d124024acc58e8329d5e5f4aed3e0cb2919563694ccd05ec64ebd1d93c9,ENTRY_A_PULLBACK_TO_MA5_V1,NORMAL_CLOSE_INTENT,FALSE,79.68560567510008682624939110,47.338,46.71,48.18,False
603758.SH,2026-08-17,b0a98cf25aad426c1ab3af373f036d50acaff16ad2fcce78f614ada1a6f0bcb0,ENTRY_A_PULLBACK_TO_MA5_V1,NORMAL_CLOSE_INTENT,FALSE,72.56648367177167394088655476,14.004,12.99,14.22,False
603767.SH,2025-08-12,0f4a4de557178e130eda541094cba45d3f57a9475f543f6aedef72f2b81a1200,ENTRY_A_PULLBACK_TO_MA5_V1,NORMAL_CLOSE_INTENT,FALSE,88.29387073701986507105713979,29.50,28.98,31.9,False
603778.SH,2025-11-18,4c8910831ddaaae20d273f8730d7fdc7ca42c33eb60c051973b6f4921221947a,ENTRY_A_PULLBACK_TO_MA5_V1,NORMAL_CLOSE_INTENT,FALSE,79.89049067546681791986868101,7.862,7.48,8.15,False
603778.SH,2025-12-03,7bedab0d9828d11346042e3230b407f982db50be7fa6439123386e25de20cd09,ENTRY_A_PULLBACK_TO_MA5_V1,NORMAL_CLOSE_INTENT,FALSE,78.44951660815354889241660610,12.126,11.82,12.64,False
603779.SH,2026-05-25,765526d5d70e4bbe042ab7a57971574ccfde2759d8fcdec2e50651342848cd15,ENTRY_A_PULLBACK_TO_MA5_V1,NORMAL_CLOSE_INTENT,FALSE,79.89087940492045643018749064,13.322,12.93,13.82,False
603803.SH,2024-12-24,f7b7355e470b459e2a9b16d92367dc540d6c855896e4ff799baebf33ac97df0e,ENTRY_A_PULLBACK_TO_MA5_V1,LIMIT_UP_CLOSE_BOARD_INTENT,TRUE,79.62037913062415276102955202,13.366,13.0,14.72,False
603859.SH,2024-11-14,731a063aeecac990d2c5c7a6dbe95bab679e4eefa89723410022866d6638f9f8,ENTRY_B_RSI_RECROSS_70_V1,NORMAL_CLOSE_INTENT,FALSE,71.87453832406957033085578902,31.586,28.75,31.44,False
603879.SH,2025-06-06,efbe2a29b16e3df196a1aa7d83f454350993df0a8ce9e568e14d70f3954910b8,ENTRY_A_PULLBACK_TO_MA5_V1,LIMIT_UP_CLOSE_BOARD_INTENT,TRUE,70.16123968056192906581501840,6.044,5.6,6.47,False
603881.SH,2025-02-19,42327a4230ae91344eb7e5205e7ca5de22796fad4241b5399f20fdd701331d58,ENTRY_A_PULLBACK_TO_MA5_V1,NORMAL_CLOSE_INTENT,FALSE,75.85647391876069992069082686,34.53,33.25,36.28,False
603900.SH,2025-06-04,4f4eaea5c39943588b961ea9ab3dfdf5e90b8ed50706fa5beba1f2a5f858d7ab,ENTRY_B_RSI_RECROSS_70_V1,LIMIT_UP_CLOSE_BOARD_INTENT,TRUE,70.32261779411072642272574257,12.36,11.4,13.04,False
603918.SH,2024-11-15,bca0d34baac9e6090fd6361f7d69cffa7c2e95db657624b87df62066a162c138,ENTRY_A_PULLBACK_TO_MA5_V1,NORMAL_CLOSE_INTENT,FALSE,72.99730673460769247512007278,16.952,16.15,17.53,False
603928.SH,2025-06-27,cfcdcb0b6c8745fe4ce84770f173302d0822c76abee4276b3f8f1007fe9be503,ENTRY_A_PULLBACK_TO_MA5_V1,NORMAL_CLOSE_INTENT,FALSE,77.72953610771445277024696588,17.012,15.87,17.99,False
603928.SH,2026-07-02,55528bcb287516dddcfd90235853a647adcf2d471197266e979c7aab9cfa7bba,ENTRY_A_PULLBACK_TO_MA5_V1,LIMIT_UP_CLOSE_BOARD_INTENT,TRUE,72.98288091502012331654291766,14.144,12.99,15.84,False
603933.SH,2025-10-22,87bdeaad59e9ba35d18813dfdef428349aa0a7b446d3a89a853d7ab6a7315c2a,ENTRY_A_PULLBACK_TO_MA5_V1,LIMIT_UP_CLOSE_BOARD_INTENT,TRUE,79.53395716312865933313448725,20.97,20.72,23.43,False
603933.SH,2025-12-04,f7c36984e315b34e41c05eb85e8ed73b050c6fe19e05a0ab1a85cdf7fe096f06,ENTRY_B_RSI_RECROSS_70_V1,LIMIT_UP_CLOSE_BOARD_INTENT,TRUE,71.43584441387461681768819889,26.20,27.13,28.71,False
603938.SH,2025-10-22,4e5a07f568113c3bfff55f06c1c23b1b32bcc121344e3323fc1c34fa755fa7ea,ENTRY_B_RSI_RECROSS_70_V1,NORMAL_CLOSE_INTENT,FALSE,71.56673187068956374361784360,19.418,17.5,19.7,False
603948.SH,2025-06-26,f1a91b201ad7b90381832efcbc278d1cf459e1ed02d34bdb4622e867835b113d,ENTRY_A_PULLBACK_TO_MA5_V1,LIMIT_UP_CLOSE_BOARD_INTENT,TRUE,88.32826376871543098031696828,23.176,21.84,26.7,False
603949.SH,2025-03-24,20dd628b2ca51c6d9c15a90eddc5e028fc82cde8cc899ff13205ab548b64ba1a,ENTRY_A_PULLBACK_TO_MA5_V1,LIMIT_UP_CLOSE_BOARD_INTENT,TRUE,86.33615791280808848246959496,19.548,19.18,23.44,False
603955.SH,2024-11-19,4d68046bcad26b24255b78e87ea7af4d685f791a93a2e706571b9e92722025a0,ENTRY_A_PULLBACK_TO_MA5_V1,LIMIT_UP_CLOSE_BOARD_INTENT,TRUE,94.74294823605994989410984179,22.924,22.49,27.49,False
603956.SH,2025-02-21,5d387456717e9b16663d50e4b3041c090134f58aec59df9e10402fc1dc974390,ENTRY_A_PULLBACK_TO_MA5_V1,LIMIT_UP_CLOSE_BOARD_INTENT,TRUE,78.41145662087588089763610966,9.64,8.63,10.16,False
603958.SH,2024-10-31,fceb1ce204d8916b00955db47f914ba517c1f108be1540a18b2c15144d3c5cb7,ENTRY_A_PULLBACK_TO_MA5_V1,NORMAL_CLOSE_INTENT,FALSE,71.90364470678269157240814355,15.124,14.99,15.44,False
603980.SH,2026-02-24,67944ce9d747e94377cb3cf1e334e70d268e4fe0612960eb36a69718ba1e385b,ENTRY_B_RSI_RECROSS_70_V1,NORMAL_CLOSE_INTENT,FALSE,72.59262390810105703938836473,8.266,7.76,8.26,False
603988.SH,2024-07-31,839a148ac316ea0d4f3282a7f8fd5140ac0c1c385750d52375bd09db3a24957d,ENTRY_A_PULLBACK_TO_MA5_V1,LIMIT_UP_CLOSE_BOARD_INTENT,TRUE,85.14157518459113497939277249,10.052,9.86,12.06,False
603989.SH,2026-06-24,aaaa3204fe37df40e60228eb16c37666ca5b7fec0886daed3c68538193feac27,ENTRY_A_PULLBACK_TO_MA5_V1,LIMIT_UP_CLOSE_BOARD_INTENT,TRUE,75.63954450821010208055955178,43.632,43.0,48.86,False
605055.SH,2025-05-19,6636014910c3e013843f31609c7faa7fc3743594da73b0696f01867dd25380d7,ENTRY_A_PULLBACK_TO_MA5_V1,LIMIT_UP_CLOSE_BOARD_INTENT,TRUE,84.77522652217595336691791652,8.822,8.24,9.77,False
605058.SH,2026-09-21,0401e55579b7b0079e321b931b859fdba950a8bd35a623e9c90b112b93d26a6a,ENTRY_A_PULLBACK_TO_MA5_V1,NORMAL_CLOSE_INTENT,FALSE,85.97055475408408497792018300,45.844,45.0,48.43,False
605066.SH,2025-03-04,459501abd10f52c08e1a8364f5747972251a660cd9256c86ac08fbbadc83db29,ENTRY_A_PULLBACK_TO_MA5_V1,LIMIT_UP_CLOSE_BOARD_INTENT,TRUE,87.68662915261149664524522551,8.136,8.1,9.76,False
605099.SH,2025-06-12,85faf7365c198a9b519be48709eef70f38cb7c83fd7a7ff7929e31630ec7fc72,ENTRY_A_PULLBACK_TO_MA5_V1,NORMAL_CLOSE_INTENT,FALSE,94.50887052147659632616005932,42.108,42.1,45.0,False
605100.SH,2025-03-04,41b844db3776643f89c7892e790a411e66e0d8117886565483e7b5a8a91aa2f8,ENTRY_A_PULLBACK_TO_MA5_V1,LIMIT_UP_CLOSE_BOARD_INTENT,TRUE,79.47591716880936946752725014,23.514,20.7,25.3,False
605122.SH,2025-07-11,30f3c9071cdedbe68e4fccb63c4d01d52b7e1cd5f5ad0e87b72f1119e0da64e5,ENTRY_A_PULLBACK_TO_MA5_V1,LIMIT_UP_CLOSE_BOARD_INTENT,TRUE,91.38359648987771681551646919,15.832,15.53,18.99,False
605136.SH,2025-05-23,7acc1b46d141f899919452c24a787a19060a6fead303f5b1da0da41d456d6032,ENTRY_A_PULLBACK_TO_MA5_V1,LIMIT_UP_CLOSE_BOARD_INTENT,TRUE,92.08627236231747919957089230,12.406,12.31,14.51,False
605162.SH,2025-07-15,cfd2eab57cb31502a4eb2d0e07c6630cc994144305f2dbb983734d8d68c66b1f,ENTRY_B_RSI_RECROSS_70_V1,NORMAL_CLOSE_INTENT,FALSE,73.14943340993891660938677743,10.552,9.91,11.1,False
605162.SH,2026-04-07,cca3663dce66087ca87b816e0820a8357cd94a43e3cf86d1dc2c0b0ff54b1ec2,ENTRY_A_PULLBACK_TO_MA5_V1,LIMIT_UP_CLOSE_BOARD_INTENT,TRUE,72.10893911260211407133907715,13.058,12.12,14.07,False
605169.SH,2025-08-12,d868d981bca850e508d13897084eb735cf298afc69fc90a0ce631b334ee00ca3,ENTRY_A_PULLBACK_TO_MA5_V1,LIMIT_UP_CLOSE_BOARD_INTENT,TRUE,87.89226762844660285060215029,16.106,15.73,17.97,False
605178.SH,2025-11-04,c8b48e9a78c15dc6dfe86df35c920d58cfdff53a6fd369b7056fe6484d800cb3,ENTRY_A_PULLBACK_TO_MA5_V1,NORMAL_CLOSE_INTENT,FALSE,82.06902795870378533768253687,64.272,64.1,66.49,False
605179.SH,2024-12-11,8c4efaa977ad9960eb68cecf8cbd98e2f4ead25388f153a89e15ea7021af850d,ENTRY_A_PULLBACK_TO_MA5_V1,LIMIT_UP_CLOSE_BOARD_INTENT,TRUE,96.58241590786867521284421951,26.458,26.01,31.72,False
605179.SH,2026-08-06,f0f8226beaca8854023dd648e23b766afd1656715198283c81fb68708ade536f,ENTRY_A_PULLBACK_TO_MA5_V1,NORMAL_CLOSE_INTENT,FALSE,72.35018103638394626866254355,21.474,21.21,21.66,False
605188.SH,2025-04-22,602dca1d4b1691421e66e7808f898daf43f3e660f3b429bb5399cf4e603f7ed2,ENTRY_A_PULLBACK_TO_MA5_V1,NORMAL_CLOSE_INTENT,FALSE,93.06428791710498246876311150,13.768,13.65,15.94,False
605188.SH,2025-09-01,9ac04c3bdd637d93872aa2bd8123ef5f73d64fcbcd097d5aa7857071b3f70657,ENTRY_A_PULLBACK_TO_MA5_V1,LIMIT_UP_CLOSE_BOARD_INTENT,TRUE,79.40938246308519954229318270,17.698,17.53,19.86,False
605218.SH,2024-09-05,cbbbc23d9e4d31efd48d7f7433c5dc847dc61dfb2dd5c44d55bfb2348737d8f2,ENTRY_A_PULLBACK_TO_MA5_V1,LIMIT_UP_CLOSE_BOARD_INTENT,TRUE,80.71271648151128680305887158,20.558,20.51,24.65,False
605255.SH,2025-10-23,c5ae9e4acb2b525ab353f75dc41bee025618829f6ac65a60535fe1f7c2ec4dfb,ENTRY_B_RSI_RECROSS_70_V1,NORMAL_CLOSE_INTENT,FALSE,70.85771328768295029995288472,89.498,86.24,95.57,False
605303.SH,2025-08-26,7a91f9656eab49848b2076d827cf7f324ffcacf47920a44fc87bf36917c1a91e,ENTRY_A_PULLBACK_TO_MA5_V1,LIMIT_UP_CLOSE_BOARD_INTENT,TRUE,92.63390732474744365478340026,20.22,19.97,24.24,False
605388.SH,2025-06-03,868840e49ffe9ec2a1b5b5149ac3966f8bad87890131db0fd46e60fea8ceafba,ENTRY_A_PULLBACK_TO_MA5_V1,LIMIT_UP_CLOSE_BOARD_INTENT,TRUE,80.28812047609712283306431832,8.788,7.92,9.68,False
605500.SH,2025-07-14,135f402a85f1703a2138fd2a5ecfbb2f1a4459312307ae59c49b2b6a01af4207,ENTRY_A_PULLBACK_TO_MA5_V1,LIMIT_UP_CLOSE_BOARD_INTENT,TRUE,80.55439536676270575360864202,12.304,11.1,13.2,False
