candidate_id,security_id,trigger_date,vendor_status,conflict_reason,missing_field,v3_state,v3_reference_state,official_document_id,review_priority
b682831e7486a11c34be10d93001141457552b126d61b0a31edb16a9f8391be4,000811.SZ,2026-06-25,False,REFERENCE_OR_V3_UNRESOLVED,,UNRESOLVED,CORPORATE_ACTION_SPECIAL,,NORMAL
96ea2d029d053ebcd909838ffd91aee46a59e8dec7f7fe46ab207e8542063839,000960.SZ,2026-01-27,False,REFERENCE_OR_V3_UNRESOLVED,,UNRESOLVED,CORPORATE_ACTION_SPECIAL,,NORMAL
71cced0659751ff6430ac1f9871b70515456df2fb12aba520752106699004a9d,001696.SZ,2026-06-12,False,REFERENCE_OR_V3_UNRESOLVED,,UNRESOLVED,CORPORATE_ACTION_SPECIAL,,NORMAL
e53ea098490447c47e68a3002284ff75d1a5dd423d41847cc2f536b7a9403456,002225.SZ,2025-07-11,False,REFERENCE_OR_V3_UNRESOLVED,,UNRESOLVED,CORPORATE_ACTION_SPECIAL,,NORMAL
584802a7728ffad3772be8f9e8de1d8380aef4cda796eb3e8a230fbfbfa769a0,002645.SZ,2026-06-05,False,REFERENCE_OR_V3_UNRESOLVED,,UNRESOLVED,CORPORATE_ACTION_SPECIAL,,NORMAL
ba8b5fc8b6ca9db47b1d8a4298c2b66f2ae1dbd8be8986907254bd799b1a33b8,002907.SZ,2025-05-30,False,REFERENCE_OR_V3_UNRESOLVED,,UNRESOLVED,CORPORATE_ACTION_SPECIAL,,NORMAL
8a87e76e091317afb9b111584cc82323c1c7681aaaacbc32cd5b2c749098cf3b,003036.SZ,2026-05-29,False,REFERENCE_OR_V3_UNRESOLVED,,UNRESOLVED,CORPORATE_ACTION_SPECIAL,,NORMAL
ea707af2008d5af3e256ae79c6fd10d30bac7538e750ecb96a5aef5c3628a0a7,600105.SH,2025-10-14,False,REFERENCE_OR_V3_UNRESOLVED,,UNRESOLVED,CORPORATE_ACTION_SPECIAL,,NORMAL
9d527d38f6c4ac16d4e0e22a8e78a811781357cb249a7d99e8d44e652a2a1216,600114.SH,2026-05-25,False,REFERENCE_OR_V3_UNRESOLVED,,UNRESOLVED,CORPORATE_ACTION_SPECIAL,,NORMAL
c80f9a1a041555b77cd5481ae0ad8d3f04d2357990cd62a01ffd2bfd55cb2ef9,600367.SH,2026-06-04,False,REFERENCE_OR_V3_UNRESOLVED,,UNRESOLVED,CORPORATE_ACTION_SPECIAL,,NORMAL
133f714319758815f16c3ab91902c2961a34f947efdb4d4646ec3b7df3bbb7aa,600378.SH,2026-06-12,False,REFERENCE_OR_V3_UNRESOLVED,,UNRESOLVED,CORPORATE_ACTION_SPECIAL,,NORMAL
aee83c534f8dca457c7e125b23928b4493c4f632738df88778fafa32da60b1cc,600667.SH,2026-06-30,False,REFERENCE_OR_V3_UNRESOLVED,,UNRESOLVED,CORPORATE_ACTION_SPECIAL,,NORMAL
0b9a2c560d43bb9e612294e0d5680f784a437293ae5516c35714d373bc53a207,601579.SH,2025-05-30,False,REFERENCE_OR_V3_UNRESOLVED,,UNRESOLVED,CORPORATE_ACTION_SPECIAL,,NORMAL
0ceb404dcfe44c1f35285db4358d80f82d161cee05cb98a2a67a4ea262454f85,603065.SH,2026-06-11,False,REFERENCE_OR_V3_UNRESOLVED,,UNRESOLVED,CORPORATE_ACTION_SPECIAL,,NORMAL
a966c0671c7c8c041f7c5ccf1493665d3d41e73a5883371e73c233d56ac9f47a,603083.SH,2025-09-17,False,REFERENCE_OR_V3_UNRESOLVED,,UNRESOLVED,CORPORATE_ACTION_SPECIAL,,NORMAL
fc2c115df043652f69b178f999728e5b54e2563590d5d2a43061219959d1df98,603130.SH,2026-04-23,False,REFERENCE_OR_V3_UNRESOLVED,,UNRESOLVED,CORPORATE_ACTION_SPECIAL,,NORMAL
d6240c634d4b78b5c7f65d63f756b87d7c03b81323f743049044396a30b91b25,603221.SH,2026-08-18,False,REFERENCE_OR_V3_UNRESOLVED,,UNRESOLVED,CORPORATE_ACTION_SPECIAL,,NORMAL
a97ee748ac4214e4deb94dac9ab456dcfb6c18b5a01c3662488b656ca6ec3fd9,603678.SH,2026-06-05,False,REFERENCE_OR_V3_UNRESOLVED,,UNRESOLVED,CORPORATE_ACTION_SPECIAL,,NORMAL
8ff4828c1546bdeafb30d8d93a62177ac90138ccb0dcc4e3b349200464a4fb0d,603679.SH,2024-06-20,False,REFERENCE_OR_V3_UNRESOLVED,,UNRESOLVED,CORPORATE_ACTION_SPECIAL,,NORMAL
b1ce59eb3cdb04a0c7afe221f6842d092a2d54afaf4ea6ce495235034dd896cb,603986.SH,2026-05-26,False,REFERENCE_OR_V3_UNRESOLVED,,UNRESOLVED,CORPORATE_ACTION_SPECIAL,,NORMAL
11a8c0c908dbaf721a65a072b117155d5736ea992cdda0ad359159e436691db3,605099.SH,2025-06-06,False,REFERENCE_OR_V3_UNRESOLVED,,UNRESOLVED,CORPORATE_ACTION_SPECIAL,,HIGH
