population_layer,exit_contract_id,reason_or_status,n
EXECUTABLE_PNL_BASELINE_RESEARCH_ASSUMPTION,TIME_H1,DEFERRED_TIMEOUT_OPEN,4
EXECUTABLE_PNL_BASELINE_RESEARCH_ASSUMPTION,TIME_H1,TIMEOUT_CLOSE,238
EXECUTABLE_PNL_BASELINE_RESEARCH_ASSUMPTION,TIME_H3,DEFERRED_TIMEOUT_OPEN,3
EXECUTABLE_PNL_BASELINE_RESEARCH_ASSUMPTION,TIME_H3,OPEN_AT_SNAPSHOT_CUTOFF,2
EXECUTABLE_PNL_BASELINE_RESEARCH_ASSUMPTION,TIME_H3,TIMEOUT_CLOSE,237
EXECUTABLE_PNL_BASELINE_RESEARCH_ASSUMPTION,TIME_H5,OPEN_AT_SNAPSHOT_CUTOFF,2
EXECUTABLE_PNL_BASELINE_RESEARCH_ASSUMPTION,TIME_H5,TIMEOUT_CLOSE,240
EXECUTABLE_PNL_BASELINE_RESEARCH_ASSUMPTION,TP5_H5,OPEN_AT_SNAPSHOT_CUTOFF,1
EXECUTABLE_PNL_BASELINE_RESEARCH_ASSUMPTION,TP5_H5,TIMEOUT_CLOSE,100
EXECUTABLE_PNL_BASELINE_RESEARCH_ASSUMPTION,TP5_H5,TP_GAP_OPEN,11
EXECUTABLE_PNL_BASELINE_RESEARCH_ASSUMPTION,TP5_H5,TP_INTRADAY,130
EXECUTABLE_PNL_BASELINE_RESEARCH_ASSUMPTION,TP10_H5,OPEN_AT_SNAPSHOT_CUTOFF,1
EXECUTABLE_PNL_BASELINE_RESEARCH_ASSUMPTION,TP10_H5,TIMEOUT_CLOSE,141
EXECUTABLE_PNL_BASELINE_RESEARCH_ASSUMPTION,TP10_H5,TP_GAP_OPEN,19
EXECUTABLE_PNL_BASELINE_RESEARCH_ASSUMPTION,TP10_H5,TP_INTRADAY,81
EXECUTABLE_PNL_BASELINE_RESEARCH_ASSUMPTION,TP5_SL5_H5,DEFERRED_LIMIT_DOWN_OPEN,3
EXECUTABLE_PNL_BASELINE_RESEARCH_ASSUMPTION,TP5_SL5_H5,SAME_BAR_AMBIGUOUS_STOP_FIRST,23
EXECUTABLE_PNL_BASELINE_RESEARCH_ASSUMPTION,TP5_SL5_H5,SL_GAP_OPEN,50
EXECUTABLE_PNL_BASELINE_RESEARCH_ASSUMPTION,TP5_SL5_H5,SL_INTRADAY,88
EXECUTABLE_PNL_BASELINE_RESEARCH_ASSUMPTION,TP5_SL5_H5,TP_GAP_OPEN,8
EXECUTABLE_PNL_BASELINE_RESEARCH_ASSUMPTION,TP5_SL5_H5,TP_INTRADAY,70
EXECUTABLE_PNL_BASELINE_RESEARCH_ASSUMPTION,TP10_SL10_H5,DEFERRED_LIMIT_DOWN_OPEN,2
EXECUTABLE_PNL_BASELINE_RESEARCH_ASSUMPTION,TP10_SL10_H5,SAME_BAR_AMBIGUOUS_STOP_FIRST,1
EXECUTABLE_PNL_BASELINE_RESEARCH_ASSUMPTION,TP10_SL10_H5,SL_GAP_OPEN,42
EXECUTABLE_PNL_BASELINE_RESEARCH_ASSUMPTION,TP10_SL10_H5,SL_INTRADAY,83
EXECUTABLE_PNL_BASELINE_RESEARCH_ASSUMPTION,TP10_SL10_H5,TIMEOUT_CLOSE,22
EXECUTABLE_PNL_BASELINE_RESEARCH_ASSUMPTION,TP10_SL10_H5,TP_GAP_OPEN,17
EXECUTABLE_PNL_BASELINE_RESEARCH_ASSUMPTION,TP10_SL10_H5,TP_INTRADAY,75
EXECUTABLE_PNL_BASELINE_RESEARCH_ASSUMPTION,TP10_SL5_H5,DEFERRED_LIMIT_DOWN_OPEN,3
EXECUTABLE_PNL_BASELINE_RESEARCH_ASSUMPTION,TP10_SL5_H5,SAME_BAR_AMBIGUOUS_STOP_FIRST,6
EXECUTABLE_PNL_BASELINE_RESEARCH_ASSUMPTION,TP10_SL5_H5,SL_GAP_OPEN,57
EXECUTABLE_PNL_BASELINE_RESEARCH_ASSUMPTION,TP10_SL5_H5,SL_INTRADAY,118
EXECUTABLE_PNL_BASELINE_RESEARCH_ASSUMPTION,TP10_SL5_H5,TIMEOUT_CLOSE,2
EXECUTABLE_PNL_BASELINE_RESEARCH_ASSUMPTION,TP10_SL5_H5,TP_GAP_OPEN,7
EXECUTABLE_PNL_BASELINE_RESEARCH_ASSUMPTION,TP10_SL5_H5,TP_INTRADAY,49
CONDITIONAL_ON_FILL_ONLY,TIME_H1,DEFERRED_TIMEOUT_OPEN,2
CONDITIONAL_ON_FILL_ONLY,TIME_H1,TIMEOUT_CLOSE,261
CONDITIONAL_ON_FILL_ONLY,TIME_H3,DEFERRED_TIMEOUT_OPEN,7
CONDITIONAL_ON_FILL_ONLY,TIME_H3,TIMEOUT_CLOSE,256
CONDITIONAL_ON_FILL_ONLY,TIME_H5,DEFERRED_TIMEOUT_OPEN,3
CONDITIONAL_ON_FILL_ONLY,TIME_H5,TIMEOUT_CLOSE,260
CONDITIONAL_ON_FILL_ONLY,TP5_H5,TIMEOUT_CLOSE,57
CONDITIONAL_ON_FILL_ONLY,TP5_H5,TP_GAP_OPEN,56
CONDITIONAL_ON_FILL_ONLY,TP5_H5,TP_INTRADAY,150
CONDITIONAL_ON_FILL_ONLY,TP10_H5,TIMEOUT_CLOSE,118
CONDITIONAL_ON_FILL_ONLY,TP10_H5,TP_GAP_OPEN,30
CONDITIONAL_ON_FILL_ONLY,TP10_H5,TP_INTRADAY,115
CONDITIONAL_ON_FILL_ONLY,TP5_SL5_H5,DEFERRED_LIMIT_DOWN_OPEN,2
CONDITIONAL_ON_FILL_ONLY,TP5_SL5_H5,SAME_BAR_AMBIGUOUS_STOP_FIRST,40
CONDITIONAL_ON_FILL_ONLY,TP5_SL5_H5,SL_GAP_OPEN,50
CONDITIONAL_ON_FILL_ONLY,TP5_SL5_H5,SL_INTRADAY,39
CONDITIONAL_ON_FILL_ONLY,TP5_SL5_H5,TP_GAP_OPEN,51
CONDITIONAL_ON_FILL_ONLY,TP5_SL5_H5,TP_INTRADAY,81
CONDITIONAL_ON_FILL_ONLY,TP10_SL10_H5,DEFERRED_LIMIT_DOWN_OPEN,6
CONDITIONAL_ON_FILL_ONLY,TP10_SL10_H5,SAME_BAR_AMBIGUOUS_STOP_FIRST,2
CONDITIONAL_ON_FILL_ONLY,TP10_SL10_H5,SL_GAP_OPEN,58
CONDITIONAL_ON_FILL_ONLY,TP10_SL10_H5,SL_INTRADAY,57
CONDITIONAL_ON_FILL_ONLY,TP10_SL10_H5,TIMEOUT_CLOSE,8
CONDITIONAL_ON_FILL_ONLY,TP10_SL10_H5,TP_GAP_OPEN,30
CONDITIONAL_ON_FILL_ONLY,TP10_SL10_H5,TP_INTRADAY,102
CONDITIONAL_ON_FILL_ONLY,TP10_SL5_H5,DEFERRED_LIMIT_DOWN_OPEN,3
CONDITIONAL_ON_FILL_ONLY,TP10_SL5_H5,SAME_BAR_AMBIGUOUS_STOP_FIRST,11
CONDITIONAL_ON_FILL_ONLY,TP10_SL5_H5,SL_GAP_OPEN,58
CONDITIONAL_ON_FILL_ONLY,TP10_SL5_H5,SL_INTRADAY,97
CONDITIONAL_ON_FILL_ONLY,TP10_SL5_H5,TIMEOUT_CLOSE,1
CONDITIONAL_ON_FILL_ONLY,TP10_SL5_H5,TP_GAP_OPEN,24
CONDITIONAL_ON_FILL_ONLY,TP10_SL5_H5,TP_INTRADAY,69
