population_layer,execution_intent,exit_contract_id,n_total,n_closed,n_open_censored,n_adjustment_unresolved,n_path_unresolved,n_terminal_unresolved,gross_n,gross_mean,gross_median,gross_std_population,gross_p10,gross_p25,gross_p50,gross_p75,gross_p90,net_n,net_mean,net_median,net_std_population,net_p10,net_p25,net_p50,net_p75,net_p90,net_positive_fraction,net_zero_fraction,net_negative_fraction,holding_mean,holding_median,tp_exits,sl_exits,timeout_exits,gap_exits,same_bar_exits,limit_down_blocked_events,suspended_events,small_sample_flag
EXECUTABLE_PNL_BASELINE_RESEARCH_ASSUMPTION,NORMAL_CLOSE_INTENT,TIME_H1,242,242,0,0,0,0,242,-0.016947552729386906,-0.02604195968120019,0.07535432458294543,-0.1,-0.09687901302513299,-0.02604195968120019,0.04914912886625327,0.09990790072649246,242,-0.018053825211676103,-0.027140865693858415,0.07529328758003324,-0.101039,-0.09792054102458264,-0.027140865693858415,0.04798931807187161,0.09870697532690399,0.4049586776859504,0.0,0.5950413223140496,1.024793388429752,1.0,0,0,242,0,0,3,1,
EXECUTABLE_PNL_BASELINE_RESEARCH_ASSUMPTION,NORMAL_CLOSE_INTENT,TIME_H3,242,240,2,0,0,0,240,-0.030595309670912747,-0.042246792246792245,0.1342369128445659,-0.1810365201695929,-0.13468049957821726,-0.042246792246792245,0.04013362596978358,0.16269375213383402,240,-0.031690527470079305,-0.043332572345072345,0.13412818094516182,-0.18200988058825554,-0.1356914083735589,-0.043332572345072345,0.03898111773274806,0.16144197019460563,0.3625,0.0,0.6375,3.0125,3.0,0,0,240,0,0,2,1,
EXECUTABLE_PNL_BASELINE_RESEARCH_ASSUMPTION,NORMAL_CLOSE_INTENT,TIME_H5,242,240,2,0,0,0,240,-0.043026310305490284,-0.06265792156176317,0.16107387942174728,-0.22435849087929263,-0.15690208825847124,-0.06265792156176317,0.040594438768063054,0.18637846172092745,240,-0.04411145899414283,-0.06372716864529814,0.16094340957941566,-0.2252967605016804,-0.1578949975669819,-0.06372716864529814,0.039441557272660924,0.1851074951669335,0.3333333333333333,0.0,0.6666666666666666,5.0,5.0,0,0,240,0,0,0,1,
EXECUTABLE_PNL_BASELINE_RESEARCH_ASSUMPTION,NORMAL_CLOSE_INTENT,TP5_H5,242,241,1,0,0,0,241,-0.03330395236127949,0.05004269854824936,0.11317173961002928,-0.216,-0.1362530413625304,0.05004269854824936,0.05044136191677175,0.05091258405379443,241,-0.03439697615986685,0.04888216396242528,0.11308007050094517,-0.21694504,-0.13726267639902676,0.04888216396242528,0.04928050441361917,0.04975134486071085,0.5892116182572614,0.0,0.4107883817427386,3.0,3,141,0,100,11,0,0,1,
EXECUTABLE_PNL_BASELINE_RESEARCH_ASSUMPTION,NORMAL_CLOSE_INTENT,TP10_H5,242,241,1,0,0,0,241,-0.03397069190295451,-0.04354136429608128,0.13799935381408793,-0.22340425531914893,-0.14977973568281938,-0.04354136429608128,0.10014556040756914,0.10103626943005181,241,-0.035063175642513114,-0.04462609579100145,0.13788757433749851,-0.22434329787234042,-0.1507784140969163,-0.04462609579100145,0.09894444250363901,0.09983443005181347,0.45228215767634855,0.0,0.5477178423236515,3.892116182572614,5,100,0,141,19,0,0,1,
EXECUTABLE_PNL_BASELINE_RESEARCH_ASSUMPTION,NORMAL_CLOSE_INTENT,TP5_SL5_H5,242,242,0,0,0,0,242,-0.023373707139379567,-0.0501834635952283,0.055390501066661664,-0.06977342625727492,-0.050978012564249,-0.0501834635952283,0.05007235822646137,0.050543253231915844,242,-0.024474774436596673,-0.05126281498971617,0.055345634760797666,-0.07083690978200653,-0.052056720374071955,-0.05126281498971617,0.048911799616297935,0.049382313196797985,0.32231404958677684,0.0,0.6776859504132231,1.140495867768595,1.0,78,164,0,58,23,3,1,
EXECUTABLE_PNL_BASELINE_RESEARCH_ASSUMPTION,NORMAL_CLOSE_INTENT,TP10_SL10_H5,242,242,0,0,0,0,242,-0.021846184797665587,-0.1,0.10960517491033775,-0.11921644885997087,-0.10051222607884785,-0.1,0.10010706005590976,0.10072146765299644,242,-0.02294848938797948,-0.101039,0.10951639471866037,-0.12023988353639431,-0.10155081117572398,-0.101039,0.09890597333726446,0.09951988326419751,0.4049586776859504,0.0,0.5950413223140496,2.371900826446281,2.0,92,128,22,59,1,2,1,
EXECUTABLE_PNL_BASELINE_RESEARCH_ASSUMPTION,NORMAL_CLOSE_INTENT,TP10_SL5_H5,242,242,0,0,0,0,242,-0.01995521768279019,-0.05025950159537945,0.0739348276559456,-0.07653591553148421,-0.05126381442170916,-0.05025950159537945,-0.05,0.10026344104444368,242,-0.02105905395646713,-0.0513387913990872,0.07387494044554428,-0.0775939214399037,-0.05234229073202758,-0.0513387913990872,-0.0510795,0.09906222765719769,0.2396694214876033,0.0,0.7603305785123967,1.4504132231404958,1.0,56,184,2,64,6,3,1,
CONDITIONAL_ON_FILL_ONLY,LIMIT_UP_CLOSE_BOARD_INTENT,TIME_H1,263,263,0,0,0,0,263,0.003988524834783865,0.0006898930665746809,0.07745764398397068,-0.09986330621436831,-0.0664133123776041,0.0006898930665746809,0.09961927401158605,0.10020208600567197,263,0.002865294129667689,-0.00043066574680924454,0.07739490329234365,-0.10090241693633469,-0.06747951759457824,-0.00043066574680924454,0.09841858239963666,0.09900092231600738,0.49429657794676807,0.0,0.5057034220532319,1.0076045627376427,1,0,0,263,0,0,2,0,
CONDITIONAL_ON_FILL_ONLY,LIMIT_UP_CLOSE_BOARD_INTENT,TIME_H3,263,263,0,0,0,0,263,-0.02429685808891961,-0.047979797979797977,0.1597712272718237,-0.22054652316617052,-0.14505486137322288,-0.047979797979797977,0.05452055414704817,0.22856277160915203,263,-0.02539717763386758,-0.049060934343434344,0.15964181257773352,-0.22148788048240592,-0.14605736693551058,-0.049060934343434344,0.05335639249818906,0.22725763576414865,0.38783269961977185,0.0,0.6121673003802282,3.026615969581749,3,0,0,263,0,0,7,0,
CONDITIONAL_ON_FILL_ONLY,LIMIT_UP_CLOSE_BOARD_INTENT,TIME_H5,263,263,0,0,0,0,263,-0.03691165971812838,-0.06858407079646017,0.1987516003009944,-0.24747786287185947,-0.1785134812693868,-0.06858407079646017,0.05088857354183299,0.22947312580101514,263,-0.0380017612737567,-0.06964851769911505,0.1985906115047506,-0.24839740580293326,-0.1794888853495586,-0.06964851769911505,0.049727353797264104,0.22816725256911632,0.33460076045627374,0.0,0.6653992395437263,5.019011406844107,5,0,0,263,0,0,3,0,
CONDITIONAL_ON_FILL_ONLY,LIMIT_UP_CLOSE_BOARD_INTENT,TP5_H5,263,263,0,0,0,0,263,0.0069534595004329776,0.050352467270896276,0.10749545762791386,-0.2038298887214896,0.05,0.050352467270896276,0.05135736173183755,0.07878552248073489,263,0.005827827198237627,0.04919168177240685,0.10740838630723525,-0.2047847865116252,0.0488395,0.04919168177240685,0.050195762268834765,0.0776017062075255,0.7832699619771863,0.0,0.21673003802281368,2.0190114068441063,1,206,0,57,56,0,0,0,
CONDITIONAL_ON_FILL_ONLY,LIMIT_UP_CLOSE_BOARD_INTENT,TP10_H5,263,263,0,0,0,0,263,-0.011063766285782647,0.10003449465332874,0.14652273678293748,-0.2447734498847501,-0.13901124234814,0.10003449465332874,0.10040805210127209,0.10115518275513148,263,-0.012174804635091163,0.09883346671265954,0.1464040533661433,-0.2456951833903435,-0.140018643241838,0.09883346671265954,0.09920672157907005,0.09995324705709982,0.5741444866920152,0.0,0.42585551330798477,3.285171102661597,4,145,0,118,30,0,0,0,
CONDITIONAL_ON_FILL_ONLY,LIMIT_UP_CLOSE_BOARD_INTENT,TP5_SL5_H5,263,263,0,0,0,0,263,-1.9807753159329515e-05,0.05,0.06448419875958858,-0.07336801673676487,-0.05088145174554248,0.05,0.05083285887385218,0.07654551859141492,263,-0.0011397917088792702,0.0488395,0.06443196655859332,-0.07442858864320807,-0.051960237769628596,0.0488395,0.04967168425816436,0.07536351672135588,0.5019011406844106,0.0,0.49809885931558934,1.015209125475285,1,132,131,0,101,40,2,0,
CONDITIONAL_ON_FILL_ONLY,LIMIT_UP_CLOSE_BOARD_INTENT,TP10_SL10_H5,263,263,0,0,0,0,263,-0.0073971564361660835,0.1,0.11900897417635231,-0.1512445297447463,-0.10138189780229391,0.1,0.10037878787878787,0.10115518275513148,263,-0.008511164739452789,0.098799,0.11891257690726946,-0.15224202167565307,-0.10241977846507405,0.098799,0.09917748106060606,0.09995324705709982,0.5095057034220533,0.0,0.49049429657794674,2.1102661596958177,2,132,123,8,88,2,6,0,
CONDITIONAL_ON_FILL_ONLY,LIMIT_UP_CLOSE_BOARD_INTENT,TP10_SL5_H5,263,263,0,0,0,0,263,-0.0022730994066472877,-0.05024051309460182,0.08289331620879574,-0.08449291782962874,-0.05132364884263112,-0.05024051309460182,0.10019229987947402,0.10074861805738353,263,-0.0033912581961279033,-0.05131981827899519,0.08282617262266662,-0.08554447856618673,-0.05240207668706859,-0.05131981827899519,0.09899114411657164,0.09954701167675703,0.3574144486692015,0.0,0.6425855513307985,1.3422053231939164,1,93,169,1,82,11,3,0,
