population_layer,execution_intent,exit_contract_id,dimension,value,n_total,n_closed,n_open_censored,n_adjustment_unresolved,n_path_unresolved,n_terminal_unresolved,gross_n,gross_mean,gross_median,gross_std_population,gross_p10,gross_p25,gross_p50,gross_p75,gross_p90,net_n,net_mean,net_median,net_std_population,net_p10,net_p25,net_p50,net_p75,net_p90,net_positive_fraction,net_zero_fraction,net_negative_fraction,holding_mean,holding_median,tp_exits,sl_exits,timeout_exits,gap_exits,same_bar_exits,limit_down_blocked_events,suspended_events,small_sample_flag
EXECUTABLE_PNL_BASELINE_RESEARCH_ASSUMPTION,NORMAL_CLOSE_INTENT,TIME_H1,ENTRY_TYPE,ENTRY_A_PULLBACK_TO_MA5_V1,202,202,0,0,0,0,202,-0.01611221067833176,-0.030218511862224143,0.07860148650052762,-0.1,-0.09821101006005137,-0.030218511862224143,0.05732032935234387,0.1,202,-0.017219159787682313,-0.03131403486761574,0.07853781929646218,-0.101039,-0.09925145914190271,-0.03131403486761574,0.05615389988556847,0.098799,0.41089108910891087,0.0,0.5891089108910891,1.0297029702970297,1.0,0,0,202,0,0,3,1,
EXECUTABLE_PNL_BASELINE_RESEARCH_ASSUMPTION,NORMAL_CLOSE_INTENT,TIME_H1,ENTRY_TYPE,ENTRY_B_RSI_RECROSS_70_V1,40,40,0,0,0,0,40,-0.021166030087215383,-0.02284041356097775,0.05596750489850583,-0.09988377098579423,-0.06807136744510509,-0.02284041356097775,0.016360453530638225,0.055285306494805946,40,-0.02226888560284474,-0.02394191282599336,0.05592217121953804,-0.10092286513129574,-0.06913622963747454,-0.02394191282599336,0.01522720156327841,0.05412052539654515,0.375,0.0,0.625,1.0,1.0,0,0,40,0,0,0,0,
EXECUTABLE_PNL_BASELINE_RESEARCH_ASSUMPTION,NORMAL_CLOSE_INTENT,TIME_H1,TRIGGER_QUALIFICATION,QUALIFIED_BY_V3_PRICE_PATH,236,236,0,0,0,0,236,-0.017074533856738575,-0.02604195968120019,0.07581759699884696,-0.1,-0.09722090035214619,-0.02604195968120019,0.0503834574995004,0.0999231979481096,236,-0.018180703484314616,-0.027140865693858415,0.0757561847452779,-0.101039,-0.09826215142286095,-0.027140865693858415,0.049222646898925804,0.09872226015777164,0.4025423728813559,0.0,0.597457627118644,1.0254237288135593,1.0,0,0,236,0,0,3,1,
EXECUTABLE_PNL_BASELINE_RESEARCH_ASSUMPTION,NORMAL_CLOSE_INTENT,TIME_H1,TRIGGER_QUALIFICATION,QUALIFIED_BY_OPERATIONAL_STATUS,6,6,0,0,0,0,6,-0.01195296172022134,-0.018417946823515864,0.05383337263864194,-0.06906437566757702,-0.03827296422529283,-0.018417946823515864,0.036623176833648304,0.05162343733042886,6,-0.01306327982122796,-0.01952302828658882,0.053789767606804643,-0.07012843352328628,-0.039361963124270344,-0.01952302828658882,0.03547351206041305,0.05046162234619121,0.5,0.0,0.5,1.0,1.0,0,0,6,0,0,0,0,SMALL_SAMPLE_DESCRIPTIVE_ONLY
EXECUTABLE_PNL_BASELINE_RESEARCH_ASSUMPTION,NORMAL_CLOSE_INTENT,TIME_H3,ENTRY_TYPE,ENTRY_A_PULLBACK_TO_MA5_V1,202,200,2,0,0,0,200,-0.03198451841819166,-0.04698017880863893,0.1411174983419217,-0.1861772925764192,-0.1456784239451051,-0.04698017880863893,0.04964971101794945,0.17229810568295115,200,-0.03307861095827292,-0.048062124863803936,0.14100319316826473,-0.1871464889694323,-0.1466804244217096,-0.048062124863803936,0.04848949475202491,0.17103854421734796,0.355,0.0,0.645,3.015,3.0,0,0,200,0,0,2,1,
EXECUTABLE_PNL_BASELINE_RESEARCH_ASSUMPTION,NORMAL_CLOSE_INTENT,TIME_H3,ENTRY_TYPE,ENTRY_B_RSI_RECROSS_70_V1,40,40,0,0,0,0,40,-0.023649265934518195,-0.020104895104895104,0.09213389116129127,-0.13702127659574467,-0.10245345257510223,-0.020104895104895104,0.03331000349947508,0.09033925132058203,40,-0.024750110029111233,-0.02120861013986014,0.09205926270945061,-0.1380302893617021,-0.1034904652785164,-0.02120861013986014,0.032163022396640505,0.08914607652701236,0.4,0.0,0.6,3.0,3.0,0,0,40,0,0,0,0,
EXECUTABLE_PNL_BASELINE_RESEARCH_ASSUMPTION,NORMAL_CLOSE_INTENT,TIME_H3,TRIGGER_QUALIFICATION,QUALIFIED_BY_V3_PRICE_PATH,236,234,2,0,0,0,234,-0.03029805986495073,-0.04577414772727273,0.1356184431366376,-0.1817499060463787,-0.13593948899799962,-0.04577414772727273,0.050847867231063534,0.16644247183339034,234,-0.03139351843646012,-0.04685707066761363,0.1355085921976969,-0.18272268862248112,-0.13694937801191126,-0.04685707066761363,0.04968668045860637,0.1651876534312053,0.36324786324786323,0.0,0.6367521367521367,3.0128205128205128,3.0,0,0,234,0,0,2,1,
EXECUTABLE_PNL_BASELINE_RESEARCH_ASSUMPTION,NORMAL_CLOSE_INTENT,TIME_H3,TRIGGER_QUALIFICATION,QUALIFIED_BY_OPERATIONAL_STATUS,6,6,0,0,0,0,6,-0.042188052103431385,-0.020540623005996357,0.05780995200333048,-0.12010498383770143,-0.09323734815226523,-0.020540623005996357,0.0063460117636899216,0.014081450533403643,6,-0.043273879781227605,-0.0216439851013615,0.057763125942207776,-0.12112769880079291,-0.0942818259002619,-0.0216439851013615,0.0052208714941613344,0.012950044558471586,0.3333333333333333,0.0,0.6666666666666666,3.0,3.0,0,0,6,0,0,0,0,SMALL_SAMPLE_DESCRIPTIVE_ONLY
EXECUTABLE_PNL_BASELINE_RESEARCH_ASSUMPTION,NORMAL_CLOSE_INTENT,TIME_H5,ENTRY_TYPE,ENTRY_A_PULLBACK_TO_MA5_V1,202,200,2,0,0,0,200,-0.04124294749345065,-0.06721307043471991,0.16872933856173394,-0.226542877784097,-0.15693893646359644,-0.06721307043471991,0.0450541876559484,0.19571810442718804,200,-0.04232954070598096,-0.06827862784766779,0.16859266779749896,-0.2274793780530919,-0.15793181592506095,-0.06827862784766779,0.04389769376394708,0.19443957276260201,0.335,0.0,0.665,5.0,5.0,0,0,200,0,0,0,1,
EXECUTABLE_PNL_BASELINE_RESEARCH_ASSUMPTION,NORMAL_CLOSE_INTENT,TIME_H5,ENTRY_TYPE,ENTRY_B_RSI_RECROSS_70_V1,40,40,0,0,0,0,40,-0.05194312436568843,-0.05664872884552519,0.11500177323349108,-0.19658197325579013,-0.14957855427843708,-0.05664872884552519,0.014300522701492995,0.07870490520310017,40,-0.05302105043495222,-0.05772284337516031,0.11490862179717196,-0.19754274185745294,-0.15057739564947153,-0.05772284337516031,0.013168939278104785,0.07752115422988565,0.325,0.0,0.675,5.0,5.0,0,0,40,0,0,0,0,
EXECUTABLE_PNL_BASELINE_RESEARCH_ASSUMPTION,NORMAL_CLOSE_INTENT,TIME_H5,TRIGGER_QUALIFICATION,QUALIFIED_BY_V3_PRICE_PATH,236,234,2,0,0,0,234,-0.042868841460322514,-0.060378596752042754,0.16171187149111482,-0.22480960478911255,-0.1576198450223273,-0.060378596752042754,0.041240329878849805,0.18214821482148238,234,-0.04395411769873966,-0.0614496900886736,0.161580884875207,-0.22574750900923338,-0.1586121729478592,-0.0614496900886736,0.04008692521164794,0.18088067476747696,0.33760683760683763,0.0,0.6623931623931624,5.0,5.0,0,0,234,0,0,0,1,
EXECUTABLE_PNL_BASELINE_RESEARCH_ASSUMPTION,NORMAL_CLOSE_INTENT,TIME_H5,TRIGGER_QUALIFICATION,QUALIFIED_BY_OPERATIONAL_STATUS,6,6,0,0,0,0,6,-0.0491675952670331,-0.10201124786385293,0.13369613671172084,-0.15672749299342614,-0.1459029575355901,-0.10201124786385293,-0.0171863555509051,0.11123595505617978,6,-0.05024776951486681,-0.10304861875308322,0.13358784284098435,-0.15772054372410146,-0.1469047761399863,-0.10304861875308322,-0.018292434602908858,0.11002585393258428,0.16666666666666666,0.0,0.8333333333333334,5.0,5.0,0,0,6,0,0,0,0,SMALL_SAMPLE_DESCRIPTIVE_ONLY
EXECUTABLE_PNL_BASELINE_RESEARCH_ASSUMPTION,NORMAL_CLOSE_INTENT,TP5_H5,ENTRY_TYPE,ENTRY_A_PULLBACK_TO_MA5_V1,202,201,1,0,0,0,201,-0.03691459046808147,0.05003523608174771,0.11541307568504731,-0.2198581560283688,-0.13916947250280584,0.05003523608174771,0.050434782608695654,0.05087440381558029,201,-0.038004689649802324,0.04887470754052149,0.11531959109374243,-0.2208000709219858,-0.14017674523007856,0.04887470754052149,0.049273930434782606,0.049713195548489665,0.5870646766169154,0.0,0.4129353233830846,2.9651741293532337,3,117,0,84,8,0,0,1,
EXECUTABLE_PNL_BASELINE_RESEARCH_ASSUMPTION,NORMAL_CLOSE_INTENT,TP5_H5,ENTRY_TYPE,ENTRY_B_RSI_RECROSS_70_V1,40,40,0,0,0,0,40,-0.015160495874599564,0.050171912891365536,0.09919003392109166,-0.18674465643262952,-0.06325234539862083,0.050171912891365536,0.05045078964506675,0.05195127328850182,40,-0.01626821587294114,0.04901127364192352,0.09910968999361558,-0.1877133932609191,-0.06432111099884795,0.04901127364192352,0.04928992450545425,0.050789192757138134,0.6,0.0,0.4,3.175,3.0,24,0,16,3,0,0,0,
EXECUTABLE_PNL_BASELINE_RESEARCH_ASSUMPTION,NORMAL_CLOSE_INTENT,TP5_H5,TRIGGER_QUALIFICATION,QUALIFIED_BY_V3_PRICE_PATH,236,235,1,0,0,0,235,-0.034155252905908165,0.05003971405877681,0.11362276403136616,-0.21748758421559192,-0.13633182553830964,0.05003971405877681,0.05044062230735948,0.05089731195850877,235,-0.03524758715105438,0.0488791818903892,0.11353072959250075,-0.21843141927237728,-0.1373413967596236,0.0488791818903892,0.04927976540329052,0.04973608513582238,0.5872340425531914,0.0,0.4127659574468085,3.0127659574468084,3,137,0,98,10,0,0,1,
EXECUTABLE_PNL_BASELINE_RESEARCH_ASSUMPTION,NORMAL_CLOSE_INTENT,TP5_H5,TRIGGER_QUALIFICATION,QUALIFIED_BY_OPERATIONAL_STATUS,6,6,0,0,0,0,6,3.865230334335751e-05,0.05005756803544304,0.08752928619693487,-0.11637774465885717,-0.03904839201565295,0.05005756803544304,0.05043945769526592,0.06643613353344421,6,-0.0010813790050223486,0.048897021405334334,0.08745838747511535,-0.11740347868568349,-0.040136762818120265,0.048897021405334334,0.04927860173453276,0.06526232026528211,0.6666666666666666,0.0,0.3333333333333333,2.5,1.5,4,0,2,1,0,0,0,SMALL_SAMPLE_DESCRIPTIVE_ONLY
EXECUTABLE_PNL_BASELINE_RESEARCH_ASSUMPTION,NORMAL_CLOSE_INTENT,TP10_H5,ENTRY_TYPE,ENTRY_A_PULLBACK_TO_MA5_V1,202,201,1,0,0,0,201,-0.03815072631281156,-0.04573170731707317,0.1396471804094453,-0.2263681592039801,-0.15301085883514315,-0.04573170731707317,0.10011778563015312,0.10066127847171198,201,-0.039239824224498177,-0.04681466463414634,0.13953406619331363,-0.22730480099502487,-0.15400692003948668,-0.04681466463414634,0.0989166902237927,0.09945974283614989,0.44776119402985076,0.0,0.5522388059701493,3.8407960199004973,5,82,0,119,14,0,0,1,
EXECUTABLE_PNL_BASELINE_RESEARCH_ASSUMPTION,NORMAL_CLOSE_INTENT,TP10_H5,ENTRY_TYPE,ENTRY_B_RSI_RECROSS_70_V1,40,40,0,0,0,0,40,-0.012966018993422826,-0.012359288675958577,0.12734135449235665,-0.188272583470244,-0.12567767532324872,-0.012359288675958577,0.10027120296504925,0.11313395094365648,40,-0.014075516518038154,-0.01346927765213105,0.12723820799521784,-0.1892400826776331,-0.12669587640623686,-0.01346927765213105,0.09906998329064756,0.11192231244339211,0.475,0.0,0.525,4.15,5.0,18,0,22,5,0,0,0,
EXECUTABLE_PNL_BASELINE_RESEARCH_ASSUMPTION,NORMAL_CLOSE_INTENT,TP10_H5,TRIGGER_QUALIFICATION,QUALIFIED_BY_V3_PRICE_PATH,236,235,1,0,0,0,235,-0.034550428058285364,-0.04354136429608128,0.1384893473855575,-0.22438279917407306,-0.15139529725898127,-0.04354136429608128,0.10014808140860385,0.1011203901249619,235,-0.03564244221155815,-0.04462609579100145,0.13837717101417518,-0.22532104910674208,-0.15239266706820148,-0.04462609579100145,0.09894696146266288,0.09991848260896068,0.451063829787234,0.0,0.548936170212766,3.8978723404255318,5,97,0,138,19,0,0,1,
EXECUTABLE_PNL_BASELINE_RESEARCH_ASSUMPTION,NORMAL_CLOSE_INTENT,TP10_H5,TRIGGER_QUALIFICATION,QUALIFIED_BY_OPERATIONAL_STATUS,6,6,0,0,0,0,6,-0.011264359152496031,0.01562728889818981,0.11492985273208636,-0.1496435703190897,-0.1186441606939692,0.015627288898189803,0.10006404782237405,0.1002232039634118,6,-0.012375235021582512,0.014494630794182277,0.11483675955137337,-0.15064235902713125,-0.1196680589238071,0.01449463079418227,0.09886299594363791,0.09902202316820144,0.5,0.0,0.5,3.6666666666666665,4.5,3,0,3,0,0,0,0,SMALL_SAMPLE_DESCRIPTIVE_ONLY
EXECUTABLE_PNL_BASELINE_RESEARCH_ASSUMPTION,NORMAL_CLOSE_INTENT,TP5_SL5_H5,ENTRY_TYPE,ENTRY_A_PULLBACK_TO_MA5_V1,202,202,0,0,0,0,202,-0.02484768129144174,-0.0501834635952283,0.05582453903405401,-0.07859384808537351,-0.05095655500532853,-0.0501834635952283,0.05005782582167875,0.05051264380808101,202,-0.02594755466959567,-0.05126281498971617,0.055779321157436425,-0.07965018706842435,-0.05203528019577422,-0.05126281498971617,0.048897278982763186,0.04935172856659646,0.3118811881188119,0.0,0.6881188118811881,1.0891089108910892,1.0,63,139,0,45,22,3,1,
EXECUTABLE_PNL_BASELINE_RESEARCH_ASSUMPTION,NORMAL_CLOSE_INTENT,TP5_SL5_H5,ENTRY_TYPE,ENTRY_B_RSI_RECROSS_70_V1,40,40,0,0,0,0,40,-0.01593013767146562,-0.050202788634530676,0.052516263440539036,-0.06015791700974407,-0.0531627372052904,-0.050202788634530676,0.05027825228206907,0.05063359721675927,40,-0.017037234259951732,-0.051282124375736704,0.0524737252671522,-0.06122918909696618,-0.054239675388154114,-0.051282124375736704,0.0491175268977206,0.0494725840030137,0.375,0.0,0.625,1.4,1.0,15,25,0,13,1,0,0,
EXECUTABLE_PNL_BASELINE_RESEARCH_ASSUMPTION,NORMAL_CLOSE_INTENT,TP5_SL5_H5,TRIGGER_QUALIFICATION,QUALIFIED_BY_V3_PRICE_PATH,236,236,0,0,0,0,236,-0.024035718370178615,-0.05019397438261536,0.05512587499900932,-0.07137379437818918,-0.05098152818485448,-0.05019397438261536,0.05007228530439761,0.05053047380985243,236,-0.025136249438298768,-0.05127331726336544,0.05508122304026012,-0.07243598160474285,-0.05206023314702474,-0.05127331726336544,0.04891172675330105,0.04936954412606644,0.3177966101694915,0.0,0.6822033898305084,1.1398305084745763,1.0,75,161,0,56,22,3,1,
EXECUTABLE_PNL_BASELINE_RESEARCH_ASSUMPTION,NORMAL_CLOSE_INTENT,TP5_SL5_H5,TRIGGER_QUALIFICATION,QUALIFIED_BY_OPERATIONAL_STATUS,6,6,0,0,0,0,6,0.0026654012720494966,1.350162318819459e-05,0.05935619437247927,-0.05820875122539778,-0.050425272140074986,1.350162318819459e-05,0.050065002779039885,0.06619145341835808,6,0.0015432422970191352,-0.0011065093131265892,0.05930811585503756,-0.05928160213690521,-0.05150442766964152,-0.0011065093131265857,0.04890445012678886,0.0650178383410892,0.5,0.0,0.5,1.1666666666666667,1.0,3,3,0,2,1,0,0,SMALL_SAMPLE_DESCRIPTIVE_ONLY
EXECUTABLE_PNL_BASELINE_RESEARCH_ASSUMPTION,NORMAL_CLOSE_INTENT,TP10_SL10_H5,ENTRY_TYPE,ENTRY_A_PULLBACK_TO_MA5_V1,202,202,0,0,0,0,202,-0.024235826836777313,-0.1,0.11022853264139879,-0.12934458509142055,-0.10056099322890966,-0.1,0.1000857822638154,0.10064959549034305,202,-0.025336195817039525,-0.101039,0.11013924752995925,-0.13035981597749646,-0.10159953882439424,-0.101039,0.09888471278018171,0.09944806931799588,0.400990099009901,0.0,0.599009900990099,2.267326732673267,2.0,76,109,17,50,1,2,1,
EXECUTABLE_PNL_BASELINE_RESEARCH_ASSUMPTION,NORMAL_CLOSE_INTENT,TP10_SL10_H5,ENTRY_TYPE,ENTRY_B_RSI_RECROSS_70_V1,40,40,0,0,0,0,40,-0.009778492500151368,-0.05664872884552519,0.10557841042135746,-0.10171985815602837,-0.10033121552403468,-0.05664872884552519,0.10020806483592742,0.10322073579126889,40,-0.010890571921226246,-0.05772284337516031,0.10549289190891617,-0.10275746507092198,-0.10136994723946022,-0.05772284337516031,0.09900689630341034,0.10201712699527796,0.425,0.0,0.575,2.9,3.0,16,19,5,9,0,0,0,
EXECUTABLE_PNL_BASELINE_RESEARCH_ASSUMPTION,NORMAL_CLOSE_INTENT,TP10_SL10_H5,TRIGGER_QUALIFICATION,QUALIFIED_BY_V3_PRICE_PATH,236,236,0,0,0,0,236,-0.022025252363843978,-0.1,0.10935736667204464,-0.11909479660110961,-0.1005173358812007,-0.1,0.10011386851065324,0.10073921164632306,236,-0.023127411909429265,-0.101039,0.10926878720504028,-0.12011832981586272,-0.10155591683913692,-0.101039,0.09891277627715961,0.09953761288488955,0.4025423728813559,0.0,0.597457627118644,2.3686440677966103,2.0,89,125,22,58,1,2,1,
EXECUTABLE_PNL_BASELINE_RESEARCH_ASSUMPTION,NORMAL_CLOSE_INTENT,TP10_SL10_H5,TRIGGER_QUALIFICATION,QUALIFIED_BY_OPERATIONAL_STATUS,6,6,0,0,0,0,6,-0.014802860527982189,-1.5695301872967193e-05,0.1187294393663048,-0.1446160902454854,-0.10004859375741965,-1.5695301872967193e-05,0.10006404782237405,0.1002232039634118,6,-0.01591087021095453,-0.0011356825886784591,0.1186332685204181,-0.14561895121238658,-0.10108755439647614,-0.0011356825886784522,0.09886299594363791,0.09902202316820144,0.5,0.0,0.5,2.5,2.5,3,3,0,1,0,0,0,SMALL_SAMPLE_DESCRIPTIVE_ONLY
EXECUTABLE_PNL_BASELINE_RESEARCH_ASSUMPTION,NORMAL_CLOSE_INTENT,TP10_SL5_H5,ENTRY_TYPE,ENTRY_A_PULLBACK_TO_MA5_V1,202,202,0,0,0,0,202,-0.021052834516446038,-0.05024865419651617,0.07484277790048481,-0.08097297297297297,-0.051058232189086505,-0.05024865419651617,-0.05,0.10027201834045055,202,-0.022155781720487717,-0.05132795278661699,0.07478215525038541,-0.08202738486486487,-0.05213687502101335,-0.05132795278661699,-0.0510795,0.09907079800559479,0.23267326732673269,0.0,0.7673267326732673,1.3465346534653466,1.0,46,155,1,50,6,3,1,
EXECUTABLE_PNL_BASELINE_RESEARCH_ASSUMPTION,NORMAL_CLOSE_INTENT,TP10_SL5_H5,ENTRY_TYPE,ENTRY_B_RSI_RECROSS_70_V1,40,40,0,0,0,0,40,-0.014412252672828144,-0.050365280244491356,0.06890125381883466,-0.06015791700974407,-0.053840436625030505,-0.050365280244491356,0.030006675567423233,0.10026015145804064,40,-0.015520578748163155,-0.05144448436749331,0.06884544380324141,-0.06122918909696618,-0.05491682587136423,-0.05144448436749331,0.028862370160213615,0.09905894073535962,0.275,0.0,0.725,1.975,1.0,10,29,1,14,0,0,0,
EXECUTABLE_PNL_BASELINE_RESEARCH_ASSUMPTION,NORMAL_CLOSE_INTENT,TP10_SL5_H5,TRIGGER_QUALIFICATION,QUALIFIED_BY_V3_PRICE_PATH,236,236,0,0,0,0,236,-0.020394506152062473,-0.05027459012278747,0.07390652687049888,-0.07795274933446829,-0.051310796826491895,-0.05027459012278747,-0.05,0.10026179625124215,236,-0.021497986602079303,-0.05135386770478801,0.07384666258373378,-0.07900960760750736,-0.05238923508106244,-0.05135386770478801,-0.0510795,0.09906058419627865,0.23728813559322035,0.0,0.7627118644067796,1.4533898305084745,1.0,54,180,2,63,6,3,1,
EXECUTABLE_PNL_BASELINE_RESEARCH_ASSUMPTION,NORMAL_CLOSE_INTENT,TP10_SL5_H5,TRIGGER_QUALIFICATION,QUALIFIED_BY_OPERATIONAL_STATUS,6,6,0,0,0,0,6,-0.0026765378914136045,-0.050044066412254846,0.07297114051184427,-0.05820875122539778,-0.05043945769526592,-0.050044066412254846,0.0625601239969058,0.1002232039634118,6,-0.0037943698957215617,-0.05112353071846092,0.07291203388802968,-0.05928160213690521,-0.05151860173453276,-0.05112353071846092,0.061389450296468306,0.09902202316820144,0.3333333333333333,0.0,0.6666666666666666,1.3333333333333333,1.0,2,4,0,1,0,0,0,SMALL_SAMPLE_DESCRIPTIVE_ONLY
CONDITIONAL_ON_FILL_ONLY,LIMIT_UP_CLOSE_BOARD_INTENT,TIME_H1,ENTRY_TYPE,ENTRY_A_PULLBACK_TO_MA5_V1,224,224,0,0,0,0,224,0.004076057556128898,0.00034494653328734045,0.07889040338089723,-0.0998696104492568,-0.07033627556168907,0.00034494653328734045,0.09967129716075436,0.10020577946320956,224,0.0029527559495084337,-0.0007753328734046222,0.0788265021541587,-0.10090871606479292,-0.0713993031784841,-0.0007753328734046222,0.09847056341005415,0.09900461278184437,0.49107142857142855,0.0,0.5089285714285714,1.0089285714285714,1.0,0,0,224,0,0,2,0,
CONDITIONAL_ON_FILL_ONLY,LIMIT_UP_CLOSE_BOARD_INTENT,TIME_H1,ENTRY_TYPE,ENTRY_B_RSI_RECROSS_70_V1,39,39,0,0,0,0,39,0.0034857727942380298,0.003205128205128205,0.06864964151298246,-0.09933455106187253,-0.0565432472133414,0.003205128205128205,0.0551057807070355,0.10006529282185292,39,0.0023629493182746953,0.0020825320512820513,0.06859403530335693,-0.1003740900755124,-0.057617447183098594,0.0020825320512820513,0.053941145024662795,0.09886423993466721,0.5128205128205128,0.0,0.48717948717948717,1.0,1,0,0,39,0,0,0,0,
CONDITIONAL_ON_FILL_ONLY,LIMIT_UP_CLOSE_BOARD_INTENT,TIME_H1,TRIGGER_QUALIFICATION,QUALIFIED_BY_V3_PRICE_PATH,262,262,0,0,0,0,262,0.0036210482895763815,0.00034494653328734045,0.0773761650561798,-0.09986371832457547,-0.06642494781951819,0.00034494653328734045,0.09960202420913436,0.10019599891862666,262,0.002498115240461824,-0.0007753328734046222,0.07731349036248429,-0.10090282871273255,-0.06749114361178438,-0.0007753328734046222,0.09840134656952497,0.09899484015950256,0.49236641221374045,0.0,0.5076335877862596,1.0076335877862594,1.0,0,0,262,0,0,2,0,
CONDITIONAL_ON_FILL_ONLY,LIMIT_UP_CLOSE_BOARD_INTENT,TIME_H1,TRIGGER_QUALIFICATION,QUALIFIED_BY_OPERATIONAL_STATUS,1,1,0,0,0,0,1,0.10026737967914438,0.10026737967914438,0.0,0.10026737967914438,0.10026737967914438,0.10026737967914438,0.10026737967914438,0.10026737967914438,1,0.09906616310160428,0.09906616310160428,0.0,0.09906616310160428,0.09906616310160428,0.09906616310160428,0.09906616310160428,0.09906616310160428,1.0,0.0,0.0,1.0,1,0,0,1,0,0,0,0,SMALL_SAMPLE_DESCRIPTIVE_ONLY
CONDITIONAL_ON_FILL_ONLY,LIMIT_UP_CLOSE_BOARD_INTENT,TIME_H3,ENTRY_TYPE,ENTRY_A_PULLBACK_TO_MA5_V1,224,224,0,0,0,0,224,-0.022198082497508393,-0.04517474126293686,0.16212545127624495,-0.22218831917793855,-0.14890597821111415,-0.04517474126293686,0.057627416473219575,0.24017374598003607,224,-0.02330010205068541,-0.046258149722513874,0.1619941296607112,-0.22312834663940442,-0.14990536436876317,-0.046258149722513874,0.05646073826587627,0.23885920524579224,0.40625,0.0,0.59375,3.0267857142857144,3.0,0,0,224,0,0,6,0,
CONDITIONAL_ON_FILL_ONLY,LIMIT_UP_CLOSE_BOARD_INTENT,TIME_H3,ENTRY_TYPE,ENTRY_B_RSI_RECROSS_70_V1,39,39,0,0,0,0,39,-0.03635136404984557,-0.07109557109557109,0.14492634316808717,-0.17768359065975806,-0.12359305812239842,-0.07109557109557109,0.007325701389043557,0.15144916517137566,39,-0.03744191944496519,-0.07215798368298368,0.14480895283012102,-0.17865966695132365,-0.12461294774531927,-0.07215798368298368,0.006199767570918432,0.15020649134758685,0.28205128205128205,0.0,0.717948717948718,3.0256410256410255,3,0,0,39,0,0,1,0,
CONDITIONAL_ON_FILL_ONLY,LIMIT_UP_CLOSE_BOARD_INTENT,TIME_H3,TRIGGER_QUALIFICATION,QUALIFIED_BY_V3_PRICE_PATH,262,262,0,0,0,0,262,-0.02397372693944473,-0.047341547341547344,0.1599900464302031,-0.22087932218914588,-0.14529738373825463,-0.047341547341547344,0.0547223982856453,0.23099608321091608,262,-0.025074308220623783,-0.04842320068820069,0.15986045449259462,-0.22182040993817267,-0.14629969285742667,-0.04842320068820069,0.05355807314303393,0.22968897638351524,0.3893129770992366,0.0,0.6106870229007634,3.0267175572519083,3.0,0,0,262,0,0,7,0,
CONDITIONAL_ON_FILL_ONLY,LIMIT_UP_CLOSE_BOARD_INTENT,TIME_H3,TRIGGER_QUALIFICATION,QUALIFIED_BY_OPERATIONAL_STATUS,1,1,0,0,0,0,1,-0.1089572192513369,-0.1089572192513369,0.0,-0.1089572192513369,-0.1089572192513369,-0.1089572192513369,-0.1089572192513369,-0.1089572192513369,1,-0.10998896390374331,-0.10998896390374331,0.0,-0.10998896390374331,-0.10998896390374331,-0.10998896390374331,-0.10998896390374331,-0.10998896390374331,0.0,0.0,1.0,3.0,3,0,0,1,0,0,0,0,SMALL_SAMPLE_DESCRIPTIVE_ONLY
CONDITIONAL_ON_FILL_ONLY,LIMIT_UP_CLOSE_BOARD_INTENT,TIME_H5,ENTRY_TYPE,ENTRY_A_PULLBACK_TO_MA5_V1,224,224,0,0,0,0,224,-0.03791917348806922,-0.07557723047776924,0.20128111834771867,-0.24990542244640604,-0.18668617341562546,-0.07557723047776924,0.06322208702705835,0.23732471592390655,224,-0.03900845895754388,-0.07663601292108223,0.20111808064185702,-0.25082299905422445,-0.18765495761515882,-0.07663601292108223,0.06205087713656643,0.23601248290400817,0.3392857142857143,0.0,0.6607142857142857,5.022321428571429,5.0,0,0,224,0,0,3,0,
CONDITIONAL_ON_FILL_ONLY,LIMIT_UP_CLOSE_BOARD_INTENT,TIME_H5,ENTRY_TYPE,ENTRY_B_RSI_RECROSS_70_V1,39,39,0,0,0,0,39,-0.031124913962570784,-0.05982905982905983,0.1834420918236481,-0.22897849696954586,-0.14902869404433083,-0.05982905982905983,0.024981590758394116,0.14154809843400454,39,-0.0322197027822611,-0.06090059829059829,0.18329350372927095,-0.2299130243870005,-0.1500279808021549,-0.06090059829059829,0.023841355669879816,0.140313444474273,0.3076923076923077,0.0,0.6923076923076923,5.0,5,0,0,39,0,0,0,0,
CONDITIONAL_ON_FILL_ONLY,LIMIT_UP_CLOSE_BOARD_INTENT,TIME_H5,TRIGGER_QUALIFICATION,QUALIFIED_BY_V3_PRICE_PATH,262,262,0,0,0,0,262,-0.036274387406565536,-0.06754619216782629,0.19886216800817952,-0.24757836344029893,-0.17708482462419473,-0.06754619216782629,0.05106846548313725,0.23099082911211166,262,-0.03736500515276622,-0.06861147975217036,0.19870108965209288,-0.24849782496591227,-0.17806138591624912,-0.06861147975217036,0.04990710002609591,0.22968372654053087,0.33587786259541985,0.0,0.6641221374045801,5.019083969465649,5.0,0,0,262,0,0,3,0,
CONDITIONAL_ON_FILL_ONLY,LIMIT_UP_CLOSE_BOARD_INTENT,TIME_H5,TRIGGER_QUALIFICATION,QUALIFIED_BY_OPERATIONAL_STATUS,1,1,0,0,0,0,1,-0.2038770053475936,-0.2038770053475936,0.0,-0.2038770053475936,-0.2038770053475936,-0.2038770053475936,-0.2038770053475936,-0.2038770053475936,1,-0.20483186497326203,-0.20483186497326203,0.0,-0.20483186497326203,-0.20483186497326203,-0.20483186497326203,-0.20483186497326203,-0.20483186497326203,0.0,0.0,1.0,5.0,5,0,0,1,0,0,0,0,SMALL_SAMPLE_DESCRIPTIVE_ONLY
CONDITIONAL_ON_FILL_ONLY,LIMIT_UP_CLOSE_BOARD_INTENT,TP5_H5,ENTRY_TYPE,ENTRY_A_PULLBACK_TO_MA5_V1,224,224,0,0,0,0,224,0.004498596568832021,0.05032735416398783,0.11145378259656073,-0.2088627510336092,0.05,0.05032735416398783,0.0512638491501704,0.08028076002539933,224,0.0033749527056112665,0.049166589007115,0.11136350503265752,-0.209813572205272,0.0488395,0.049166589007115,0.05010232543235876,0.07909573260977876,0.78125,0.0,0.21875,2.0401785714285716,1.0,175,0,49,46,0,0,0,
CONDITIONAL_ON_FILL_ONLY,LIMIT_UP_CLOSE_BOARD_INTENT,TP5_H5,ENTRY_TYPE,ENTRY_B_RSI_RECROSS_70_V1,39,39,0,0,0,0,39,0.021053185056294884,0.05037513397642015,0.07964953510230066,-0.07503153265395769,0.05,0.05037513397642015,0.05172833199542679,0.06712638967160203,39,0.019916131976399284,0.049214330117899246,0.0795850189788678,-0.07609075711250798,0.0488395,0.049214330117899246,0.0505664320465105,0.06595201729596803,0.7948717948717948,0.0,0.20512820512820512,1.8974358974358974,1,31,0,8,10,0,0,0,
CONDITIONAL_ON_FILL_ONLY,LIMIT_UP_CLOSE_BOARD_INTENT,TP5_H5,TRIGGER_QUALIFICATION,QUALIFIED_BY_V3_PRICE_PATH,262,262,0,0,0,0,262,0.006788649460970614,0.05035448675487773,0.10766723647334171,-0.203897947193606,0.05,0.05035448675487773,0.05135843917407588,0.07883982799694196,262,0.005663150654907228,0.049193699620606275,0.10758002601179831,-0.20485278985637917,0.0488395,0.049193699620606275,0.05019683883834487,0.07765596773626443,0.7824427480916031,0.0,0.21755725190839695,2.0229007633587788,1.0,205,0,57,56,0,0,0,
CONDITIONAL_ON_FILL_ONLY,LIMIT_UP_CLOSE_BOARD_INTENT,TP5_H5,TRIGGER_QUALIFICATION,QUALIFIED_BY_OPERATIONAL_STATUS,1,1,0,0,0,0,1,0.05013368983957219,0.05013368983957219,0.0,0.05013368983957219,0.05013368983957219,0.05013368983957219,0.05013368983957219,0.05013368983957219,1,0.04897308155080214,0.04897308155080214,0.0,0.04897308155080214,0.04897308155080214,0.04897308155080214,0.04897308155080214,0.04897308155080214,1.0,0.0,0.0,1.0,1,1,0,0,0,0,0,0,SMALL_SAMPLE_DESCRIPTIVE_ONLY
CONDITIONAL_ON_FILL_ONLY,LIMIT_UP_CLOSE_BOARD_INTENT,TP10_H5,ENTRY_TYPE,ENTRY_A_PULLBACK_TO_MA5_V1,224,224,0,0,0,0,224,-0.01098808630578001,0.10006705199669327,0.1497887399316407,-0.24781575861400149,-0.14179669001654377,0.10006705199669327,0.10041054073556271,0.10124321880650995,224,-0.012099185955872328,0.09886599768457595,0.14966741105229608,-0.24873502784952417,-0.14280183469763036,0.09886599768457595,0.09920920819756691,0.10004121179927668,0.5848214285714286,0.0,0.41517857142857145,3.2455357142857144,4.0,126,0,98,26,0,0,0,
CONDITIONAL_ON_FILL_ONLY,LIMIT_UP_CLOSE_BOARD_INTENT,TP10_H5,ENTRY_TYPE,ENTRY_B_RSI_RECROSS_70_V1,39,39,0,0,0,0,39,-0.011498441042720868,0.01977401129943503,0.1261360668762643,-0.214753296550245,-0.08937731986218145,0.01977401129943503,0.10038632853604174,0.10103807477749092,39,-0.012609127305476265,0.018637994350282485,0.12603389666209452,-0.2156993463800393,-0.09042492423309309,0.018637994350282485,0.09918501560992754,0.09983623393692116,0.5128205128205128,0.0,0.48717948717948717,3.5128205128205128,5,19,0,20,4,0,0,0,
CONDITIONAL_ON_FILL_ONLY,LIMIT_UP_CLOSE_BOARD_INTENT,TP10_H5,TRIGGER_QUALIFICATION,QUALIFIED_BY_V3_PRICE_PATH,262,262,0,0,0,0,262,-0.011488694323816719,0.10001724732666437,0.14664026227068896,-0.2447810072532744,-0.1399027330874274,0.10001724732666437,0.10040894408342294,0.10116891857861698,262,-0.012599388481414429,0.09881623335632977,0.1465214836582497,-0.24570273463739925,-0.14090941187362657,0.09881623335632977,0.09920761283871535,0.0999669717545683,0.5725190839694656,0.0,0.42748091603053434,3.2938931297709924,4.0,144,0,118,30,0,0,0,
CONDITIONAL_ON_FILL_ONLY,LIMIT_UP_CLOSE_BOARD_INTENT,TP10_H5,TRIGGER_QUALIFICATION,QUALIFIED_BY_OPERATIONAL_STATUS,1,1,0,0,0,0,1,0.10026737967914438,0.10026737967914438,0.0,0.10026737967914438,0.10026737967914438,0.10026737967914438,0.10026737967914438,0.10026737967914438,1,0.09906616310160428,0.09906616310160428,0.0,0.09906616310160428,0.09906616310160428,0.09906616310160428,0.09906616310160428,0.09906616310160428,1.0,0.0,0.0,1.0,1,1,0,0,0,0,0,0,SMALL_SAMPLE_DESCRIPTIVE_ONLY
CONDITIONAL_ON_FILL_ONLY,LIMIT_UP_CLOSE_BOARD_INTENT,TP5_SL5_H5,ENTRY_TYPE,ENTRY_A_PULLBACK_TO_MA5_V1,224,224,0,0,0,0,224,-0.001368320200741114,-0.05,0.06526686769011565,-0.07591641370860608,-0.050898997339361575,-0.05,0.05073273404423093,0.07903074723413708,224,-0.0024872118613785132,-0.0510795,0.06521400152728665,-0.07697492141350211,-0.05197776915151669,-0.0510795,0.049571640529655105,0.07784673232887743,0.49107142857142855,0.0,0.5089285714285714,1.0178571428571428,1.0,110,114,0,86,35,2,0,
CONDITIONAL_ON_FILL_ONLY,LIMIT_UP_CLOSE_BOARD_INTENT,TP5_SL5_H5,ENTRY_TYPE,ENTRY_B_RSI_RECROSS_70_V1,39,39,0,0,0,0,39,0.007725494509874509,0.05,0.05919884950584879,-0.06184319147535338,-0.05067672732460862,0.05,0.051072792089056,0.06712638967160203,39,0.006599236859321511,0.0488395,0.05915089843774906,-0.06291309849025835,-0.05175567917547569,0.0488395,0.04991142312746387,0.06595201729596803,0.5641025641025641,0.0,0.4358974358974359,1.0,1,22,17,0,15,5,0,0,
CONDITIONAL_ON_FILL_ONLY,LIMIT_UP_CLOSE_BOARD_INTENT,TP5_SL5_H5,TRIGGER_QUALIFICATION,QUALIFIED_BY_V3_PRICE_PATH,262,262,0,0,0,0,262,-0.00021123331649036586,0.0,0.06453251600656011,-0.0735365980098167,-0.05088982766917843,0.0,0.050840158250485414,0.07658081995013684,262,-0.0013310622175040086,-0.0011199999999999995,0.0644802446685948,-0.07459703336542874,-0.051968606908766396,-0.001119999999999996,0.049678977722302516,0.07539878948597722,0.5,0.0,0.5,1.015267175572519,1.0,131,131,0,101,40,2,0,
CONDITIONAL_ON_FILL_ONLY,LIMIT_UP_CLOSE_BOARD_INTENT,TP5_SL5_H5,TRIGGER_QUALIFICATION,QUALIFIED_BY_OPERATIONAL_STATUS,1,1,0,0,0,0,1,0.05013368983957219,0.05013368983957219,0.0,0.05013368983957219,0.05013368983957219,0.05013368983957219,0.05013368983957219,0.05013368983957219,1,0.04897308155080214,0.04897308155080214,0.0,0.04897308155080214,0.04897308155080214,0.04897308155080214,0.04897308155080214,0.04897308155080214,1.0,0.0,0.0,1.0,1,1,0,0,0,0,0,0,SMALL_SAMPLE_DESCRIPTIVE_ONLY
CONDITIONAL_ON_FILL_ONLY,LIMIT_UP_CLOSE_BOARD_INTENT,TP10_SL10_H5,ENTRY_TYPE,ENTRY_A_PULLBACK_TO_MA5_V1,224,224,0,0,0,0,224,-0.005961267724358314,0.1,0.11995902567677094,-0.16357905104499956,-0.10107854580037176,0.1,0.10037878787878787,0.10124321880650995,224,-0.007076439097501584,0.098799,0.11986185886597275,-0.16456655201365314,-0.10211667217827346,0.098799,0.09917748106060606,0.10004121179927668,0.5178571428571429,0.0,0.48214285714285715,2.0580357142857144,2.0,114,104,6,76,2,5,0,
CONDITIONAL_ON_FILL_ONLY,LIMIT_UP_CLOSE_BOARD_INTENT,TP10_SL10_H5,ENTRY_TYPE,ENTRY_B_RSI_RECROSS_70_V1,39,39,0,0,0,0,39,-0.01564431211424148,-0.05982905982905983,0.11304556704511114,-0.14093212697820479,-0.1018348482276508,-0.05982905982905983,0.10035316058886552,0.10103807477749092,39,-0.01675164022142895,-0.06090059829059829,0.11295400013580459,-0.1419379719553524,-0.10287236200058641,-0.06090059829059829,0.09915187452878854,0.09983623393692116,0.46153846153846156,0.0,0.5384615384615384,2.41025641025641,2,18,19,2,12,0,1,0,
CONDITIONAL_ON_FILL_ONLY,LIMIT_UP_CLOSE_BOARD_INTENT,TP10_SL10_H5,TRIGGER_QUALIFICATION,QUALIFIED_BY_V3_PRICE_PATH,262,262,0,0,0,0,262,-0.007808089780117651,0.06874279123414072,0.11904949345203472,-0.15144411004734665,-0.10143090661784886,0.06874279123414072,0.10037878787878787,0.10116891857861698,262,-0.008921765227395755,0.06756710957324105,0.11895306336233856,-0.15244144031820828,-0.10246874758348841,0.06756710957324105,0.09917748106060606,0.0999669717545683,0.5076335877862596,0.0,0.49236641221374045,2.114503816793893,2.0,131,123,8,88,2,6,0,
CONDITIONAL_ON_FILL_ONLY,LIMIT_UP_CLOSE_BOARD_INTENT,TP10_SL10_H5,TRIGGER_QUALIFICATION,QUALIFIED_BY_OPERATIONAL_STATUS,1,1,0,0,0,0,1,0.10026737967914438,0.10026737967914438,0.0,0.10026737967914438,0.10026737967914438,0.10026737967914438,0.10026737967914438,0.10026737967914438,1,0.09906616310160428,0.09906616310160428,0.0,0.09906616310160428,0.09906616310160428,0.09906616310160428,0.09906616310160428,0.09906616310160428,1.0,0.0,0.0,1.0,1,1,0,0,0,0,0,0,SMALL_SAMPLE_DESCRIPTIVE_ONLY
CONDITIONAL_ON_FILL_ONLY,LIMIT_UP_CLOSE_BOARD_INTENT,TP10_SL5_H5,ENTRY_TYPE,ENTRY_A_PULLBACK_TO_MA5_V1,224,224,0,0,0,0,224,-0.0014172847164771866,-0.050203027707310645,0.08437675354337616,-0.08642970584173457,-0.05136687242524031,-0.050203027707310645,0.1002037827100062,0.10074261083743842,224,-0.0025361367158568404,-0.05128236325486772,0.08430840837300603,-0.08747969778000277,-0.05244526525857587,-0.05128236325486772,0.09900261764601109,0.0995410093226601,0.36607142857142855,0.0,0.6339285714285714,1.3214285714285714,1.0,81,142,1,70,8,3,0,
CONDITIONAL_ON_FILL_ONLY,LIMIT_UP_CLOSE_BOARD_INTENT,TP10_SL5_H5,ENTRY_TYPE,ENTRY_B_RSI_RECROSS_70_V1,39,39,0,0,0,0,39,-0.007188547883521712,-0.05037513397642015,0.07360536529507199,-0.06540093491549802,-0.0512652043532464,-0.05037513397642015,0.10002041649652921,0.10068958450740303,39,-0.008302725159736062,-0.05145433011789925,0.07354574494918298,-0.06646796015821646,-0.052343679537720275,-0.05145433011789925,0.098819399959167,0.09948802594395205,0.3076923076923077,0.0,0.6923076923076923,1.4615384615384615,1,12,27,0,12,3,0,0,
CONDITIONAL_ON_FILL_ONLY,LIMIT_UP_CLOSE_BOARD_INTENT,TP10_SL5_H5,TRIGGER_QUALIFICATION,QUALIFIED_BY_V3_PRICE_PATH,262,262,0,0,0,0,262,-0.0026644752810205384,-0.050241812463022145,0.08280847281757316,-0.0847579043039576,-0.05133942784499602,-0.050241812463022145,0.10018159138944974,0.10075598841800473,262,-0.003782317056042912,-0.051321116594927094,0.08274139795459093,-0.08580925040147139,-0.05241784290844157,-0.051321116594927094,0.09898044430042428,0.09955437606738615,0.3549618320610687,0.0,0.6450381679389313,1.3435114503816794,1.0,92,169,1,82,11,3,0,
CONDITIONAL_ON_FILL_ONLY,LIMIT_UP_CLOSE_BOARD_INTENT,TP10_SL5_H5,TRIGGER_QUALIFICATION,QUALIFIED_BY_OPERATIONAL_STATUS,1,1,0,0,0,0,1,0.10026737967914438,0.10026737967914438,0.0,0.10026737967914438,0.10026737967914438,0.10026737967914438,0.10026737967914438,0.10026737967914438,1,0.09906616310160428,0.09906616310160428,0.0,0.09906616310160428,0.09906616310160428,0.09906616310160428,0.09906616310160428,0.09906616310160428,1.0,0.0,0.0,1.0,1,1,0,0,0,0,0,0,SMALL_SAMPLE_DESCRIPTIVE_ONLY
