population_layer,exit_contract_id,n_closed,mfe_n,mfe_mean,mfe_median,mfe_std_population,mfe_p10,mfe_p25,mfe_p50,mfe_p75,mfe_p90,mae_n,mae_mean,mae_median,mae_std_population,mae_p10,mae_p25,mae_p50,mae_p75,mae_p90,capture_n,capture_mean,capture_median,capture_std_population,capture_p10,capture_p25,capture_p50,capture_p75,capture_p90,excursion_basis_counts
EXECUTABLE_PNL_BASELINE_RESEARCH_ASSUMPTION,TIME_H1,242,242,0.04243885074238955,0.030177397286394486,0.04094829552640068,0.0,0.0,0.030177397286394486,0.08787416694905682,0.1,242,-0.06528982196969023,-0.06932734916486763,0.037539379508752545,-0.10008145344913752,-0.09981273210482779,-0.06932734916486763,-0.03764448747286276,-0.009890196078431368,163,-1.352968404574535,0.3684210526315789,5.561748618238565,-4.672727272727274,-0.8278082191780822,0.3684210526315789,0.9389784946236559,1.0,"{""FULL_SESSIONS_THROUGH_EXIT_CLOSE"": 238, ""PRIOR_FULL_SESSIONS_PLUS_EXIT_OPEN"": 4}"
EXECUTABLE_PNL_BASELINE_RESEARCH_ASSUMPTION,TIME_H3,240,240,0.08220390848579112,0.061862301604943756,0.08755036550083703,0.0,0.0,0.061862301604943756,0.12620811370166707,0.21035805296603335,240,-0.11169087180614583,-0.10002215512220367,0.07160761688252865,-0.20759238476953906,-0.1756486751839332,-0.10002215512220367,-0.052087666202900215,-0.017165205197283824,176,-2.1241459734281674,-0.03344877870944222,7.26535181411303,-6.457142857142857,-1.1156674208144797,-0.03344877870944222,0.6733624326224513,1.0,"{""FULL_SESSIONS_THROUGH_EXIT_CLOSE"": 237, ""PRIOR_FULL_SESSIONS_PLUS_EXIT_OPEN"": 3}"
EXECUTABLE_PNL_BASELINE_RESEARCH_ASSUMPTION,TIME_H5,240,240,0.1076916701860014,0.07605136753313751,0.120186641774396,0.0,0.003372252747252747,0.07605136753313751,0.17691620603684477,0.2621011090348327,240,-0.13472087950102407,-0.12681917211328975,0.08088437856814669,-0.2464439225642653,-0.19656289826241025,-0.12681917211328975,-0.07154454447601592,-0.03788890893660245,182,-2.732826625400269,-0.15573917729477277,8.11572803594657,-7.656767676767676,-2.005455054084297,-0.15573917729477277,0.5354869907031884,0.8659804407908724,"{""FULL_SESSIONS_THROUGH_EXIT_CLOSE"": 240}"
EXECUTABLE_PNL_BASELINE_RESEARCH_ASSUMPTION,TP5_H5,241,241,0.03449257102169956,0.05004269854824936,0.023841285934075654,0.0,0.003663003663003663,0.05004269854824936,0.05044136191677175,0.05091258405379443,241,-0.09419346649369123,-0.06645569620253164,0.09821953478090482,-0.23310344827586207,-0.18387494858083092,-0.06645569620253164,0.0,0.0,183,-1.8103661065497945,1.0,8.335686218585103,-7.586262626262627,1.0,1.0,1.0,1.0,"{""FULL_SESSIONS_THROUGH_EXIT_CLOSE"": 100, ""PRIOR_FULL_SESSIONS_PLUS_EXIT_OPEN"": 11, ""PRIOR_FULL_SESSIONS_PLUS_EXIT_PRINT_BOUND"": 130}"
EXECUTABLE_PNL_BASELINE_RESEARCH_ASSUMPTION,TP10_H5,241,241,0.06236356897096867,0.07622504537205081,0.04974632872995718,0.0,0.003663003663003663,0.07622504537205081,0.10014556040756914,0.10103626943005181,241,-0.12113898502540271,-0.11006517016654598,0.08979311996993253,-0.2462710250714059,-0.19158200290275762,-0.11006517016654598,-0.045180722891566265,0.0,183,-2.308180232726039,1.0,8.238001587707107,-7.586262626262627,-1.8467133620689655,1.0,1.0,1.0,"{""FULL_SESSIONS_THROUGH_EXIT_CLOSE"": 141, ""PRIOR_FULL_SESSIONS_PLUS_EXIT_OPEN"": 19, ""PRIOR_FULL_SESSIONS_PLUS_EXIT_PRINT_BOUND"": 81}"
EXECUTABLE_PNL_BASELINE_RESEARCH_ASSUMPTION,TP5_SL5_H5,242,242,0.017873123540133987,0.0,0.0246714176545061,0.0,0.0,0.0,0.05007235822646137,0.050543253231915844,242,-0.04208846557961201,-0.0501834635952283,0.03217377269004951,-0.06977342625727492,-0.050978012564249,-0.0501834635952283,0.0,0.0,86,0.7343826415638802,1.0,0.8578203686300147,1.0,1.0,1.0,1.0,1.0,"{""PRIOR_FULL_SESSIONS_PLUS_EXIT_OPEN"": 61, ""PRIOR_FULL_SESSIONS_PLUS_EXIT_PRINT_BOUND"": 181}"
EXECUTABLE_PNL_BASELINE_RESEARCH_ASSUMPTION,TP10_SL10_H5,242,242,0.05691054965814959,0.06218569803475464,0.05109780907701394,0.0,0.0,0.06218569803475464,0.10010706005590976,0.10072146765299644,242,-0.08041588220711103,-0.1,0.049525208660438594,-0.11921644885997087,-0.10051222607884785,-0.1,-0.04569497447357583,0.0,162,-1.0088990631304482,1.0,4.334924462589211,-4.017052512704686,-1.4284102881223948,1.0,1.0,1.0,"{""FULL_SESSIONS_THROUGH_EXIT_CLOSE"": 22, ""PRIOR_FULL_SESSIONS_PLUS_EXIT_OPEN"": 61, ""PRIOR_FULL_SESSIONS_PLUS_EXIT_PRINT_BOUND"": 159}"
EXECUTABLE_PNL_BASELINE_RESEARCH_ASSUMPTION,TP10_SL5_H5,242,242,0.03336639911829491,0.0,0.04885487820109211,0.0,0.0,0.0,0.09619160289971808,0.10026344104444368,242,-0.048983322715891786,-0.05025950159537945,0.028120041191479386,-0.07653591553148421,-0.05126381442170916,-0.05025950159537945,-0.05,0.0,85,0.3295708137015965,1.0,1.020526643667101,-1.0586304470854555,-0.577639751552795,1.0,1.0,1.0,"{""FULL_SESSIONS_THROUGH_EXIT_CLOSE"": 2, ""PRIOR_FULL_SESSIONS_PLUS_EXIT_OPEN"": 67, ""PRIOR_FULL_SESSIONS_PLUS_EXIT_PRINT_BOUND"": 173}"
CONDITIONAL_ON_FILL_ONLY,TIME_H1,263,263,0.06784340507402355,0.09460243760882182,0.04058467806575614,0.0,0.025279636859391462,0.09460243760882182,0.1,0.10028294166989454,263,-0.055834700529144556,-0.054104477611940295,0.039422567830518666,-0.1,-0.09926588933795916,-0.054104477611940295,-0.020572214289491776,0.0,213,-0.6951296510420681,0.32,5.907868257009687,-1.1965027322404367,-0.38613861386138615,0.32,1.0,1.0,"{""FULL_SESSIONS_THROUGH_EXIT_CLOSE"": 261, ""PRIOR_FULL_SESSIONS_PLUS_EXIT_OPEN"": 2}"
CONDITIONAL_ON_FILL_ONLY,TIME_H3,263,263,0.11934602787081854,0.09982014388489209,0.09793061476876212,0.0,0.050428973132735366,0.09982014388489209,0.18292955994402116,0.29933927947763267,263,-0.11459036769682474,-0.10019907100199071,0.07999852621642096,-0.2402204923121781,-0.17280379317739256,-0.10019907100199071,-0.05096151708499144,-0.0006952491309385467,218,-2.0412975205459003,-0.07445549242424243,14.006488359462034,-2.801470588235294,-1.139274385408406,-0.07445549242424243,0.5809543309543309,1.0,"{""FULL_SESSIONS_THROUGH_EXIT_CLOSE"": 256, ""PRIOR_FULL_SESSIONS_PLUS_EXIT_OPEN"": 7}"
CONDITIONAL_ON_FILL_ONLY,TIME_H5,263,263,0.14675255645407478,0.10120481927710843,0.13912300305396252,0.0,0.06673310876023408,0.10120481927710843,0.1957269765677129,0.32988597560178845,263,-0.14565317317229123,-0.14527845036319612,0.09302757158107505,-0.2681752779594506,-0.22469912013772206,-0.14527845036319612,-0.07013455528029519,-0.029130815070340783,221,-2.590311542166399,-0.3303303303303303,18.199180128867763,-2.7767857142857144,-1.3445121951219512,-0.3303303303303303,0.49606299212598426,0.9402810304449649,"{""FULL_SESSIONS_THROUGH_EXIT_CLOSE"": 260, ""PRIOR_FULL_SESSIONS_PLUS_EXIT_OPEN"": 3}"
CONDITIONAL_ON_FILL_ONLY,TP5_H5,263,263,0.04673477332622152,0.050352467270896276,0.025980377610519804,0.0,0.05,0.050352467270896276,0.05135736173183755,0.07878552248073489,263,-0.05785753763077504,0.0,0.10150034364525425,-0.24835774618802925,-0.08957582930259683,0.0,0.0,0.0,221,-1.1964474047379292,1.0,18.317839521999588,1.0,1.0,1.0,1.0,1.0,"{""FULL_SESSIONS_THROUGH_EXIT_CLOSE"": 57, ""PRIOR_FULL_SESSIONS_PLUS_EXIT_OPEN"": 56, ""PRIOR_FULL_SESSIONS_PLUS_EXIT_PRINT_BOUND"": 150}"
CONDITIONAL_ON_FILL_ONLY,TP10_H5,263,263,0.07892397837426862,0.10003449465332874,0.04274307515503522,0.0,0.06673310876023408,0.10003449465332874,0.10040805210127209,0.10115518275513148,263,-0.10876972625545052,-0.08653846153846154,0.10830021609849512,-0.26729183366458403,-0.1934513865686602,-0.08653846153846154,0.0,0.0,221,-1.9346894140037776,1.0,18.28411781739754,-2.5294117647058822,-0.9303135888501742,1.0,1.0,1.0,"{""FULL_SESSIONS_THROUGH_EXIT_CLOSE"": 118, ""PRIOR_FULL_SESSIONS_PLUS_EXIT_OPEN"": 30, ""PRIOR_FULL_SESSIONS_PLUS_EXIT_PRINT_BOUND"": 115}"
CONDITIONAL_ON_FILL_ONLY,TP5_SL5_H5,263,263,0.030758459500624374,0.05,0.0331062384222351,0.0,0.0,0.05,0.05083285887385218,0.07654551859141492,263,-0.03110589353198032,-0.04954954954954955,0.034102241869080556,-0.07336801673676487,-0.05088145174554248,-0.04954954954954955,0.0,0.0,132,1.0,1.0,0.0,1.0,1.0,1.0,1.0,1.0,"{""PRIOR_FULL_SESSIONS_PLUS_EXIT_OPEN"": 103, ""PRIOR_FULL_SESSIONS_PLUS_EXIT_PRINT_BOUND"": 160}"
CONDITIONAL_ON_FILL_ONLY,TP10_SL10_H5,263,263,0.07301159159777218,0.1,0.04659146506807247,0.0,0.020369104579630894,0.1,0.10037878787878787,0.10115518275513148,263,-0.07234082713135696,-0.0912863070539419,0.06339960600616489,-0.1512445297447463,-0.10138189780229391,-0.0912863070539419,0.0,0.0,203,-0.5319576400797451,1.0,4.9997511355954956,-2.0,-1.1126315789473686,1.0,1.0,1.0,"{""FULL_SESSIONS_THROUGH_EXIT_CLOSE"": 8, ""PRIOR_FULL_SESSIONS_PLUS_EXIT_OPEN"": 94, ""PRIOR_FULL_SESSIONS_PLUS_EXIT_PRINT_BOUND"": 161}"
CONDITIONAL_ON_FILL_ONLY,TP10_SL5_H5,263,263,0.04787213136514488,0.0,0.05234811760341304,0.0,0.0,0.0,0.10019229987947402,0.10074861805738353,263,-0.042524732332610095,-0.05024051309460182,0.03316326625742127,-0.08449291782962874,-0.05132364884263112,-0.05024051309460182,0.0,0.0,124,0.5738694518989638,1.0,0.7617236230494597,-0.6758893777498428,0.8439306358381503,1.0,1.0,1.0,"{""FULL_SESSIONS_THROUGH_EXIT_CLOSE"": 1, ""PRIOR_FULL_SESSIONS_PLUS_EXIT_OPEN"": 85, ""PRIOR_FULL_SESSIONS_PLUS_EXIT_PRINT_BOUND"": 177}"
